# Blender 4.5.14 LTS
# www.blender.org
mtllib Mapa_Staw.mtl
o Teren
v -75.000000 12.841474 75.000000
v -72.219376 12.333231 75.000000
v -68.951431 11.463861 75.000000
v -65.014488 11.001587 75.000000
v -61.350250 11.128284 75.000000
v -58.073982 11.134322 75.000000
v -55.282173 11.170438 75.000000
v -50.548031 10.910975 75.000000
v -48.225441 11.112585 75.000000
v -43.512302 11.092151 75.000000
v -41.095062 11.434617 75.000000
v -38.316151 11.724585 75.000000
v -34.469612 11.922298 75.000000
v -31.369789 12.171474 75.000000
v -26.703701 12.147253 75.000000
v -23.716755 12.140779 75.000000
v -20.684229 11.917279 75.000000
v -17.832432 11.579449 75.000000
v -14.165633 11.546870 75.000000
v -10.357606 11.272395 75.000000
v -6.664168 11.218682 75.000000
v -3.769507 11.272963 75.000000
v 0.358190 11.022802 75.000000
v 3.543059 11.009893 75.000000
v 7.493432 11.308536 75.000000
v 9.845560 11.444447 75.000000
v 12.948887 11.241068 75.000000
v 17.508310 10.917050 75.000000
v 20.434677 10.936116 75.000000
v 24.166428 11.189939 75.000000
v 27.404175 11.118789 75.000000
v 30.346569 11.395000 75.000000
v 34.260777 11.830112 75.000000
v 37.421169 12.161982 75.000000
v 41.709522 12.089509 75.000000
v 44.613659 11.748173 75.000000
v 48.089966 11.618823 75.000000
v 52.023941 11.527715 75.000000
v 54.157726 11.424423 75.000000
v 58.258125 11.545793 75.000000
v 61.294693 11.838137 75.000000
v 64.083504 12.005512 75.000000
v 68.664642 11.968517 75.000000
v 71.136620 11.665703 75.000000
v 75.000000 11.169939 75.000000
v -75.000000 13.220695 72.345856
v -71.501915 8.011012 70.900810
v -67.526642 7.415722 71.989746
v -65.026939 6.278754 70.899361
v -61.991978 7.535434 72.173714
v -58.434540 7.000780 71.617973
v -54.972511 7.875374 72.483536
v -51.371708 6.949705 71.471489
v -47.384384 7.102119 71.563019
v -44.001019 7.831088 72.393715
v -40.405144 6.383730 70.916779
v -37.693718 7.359398 71.772743
v -33.849186 8.360170 72.378860
v -31.206043 8.305953 72.198761
v -28.078093 8.618478 72.490486
v -24.580999 7.610088 71.836403
v -19.780746 6.859377 71.385582
v -17.491388 7.380002 71.865601
v -14.315243 6.388762 70.962814
v -10.288491 6.728705 71.620003
v -7.534242 7.135041 71.874161
v -2.817148 7.525724 72.200317
v 0.811774 7.122971 71.540039
v 3.486807 8.310398 72.442230
v 7.679487 7.328768 70.936920
v 9.797279 8.060859 71.830841
v 14.125857 7.948617 71.532234
v 16.738853 8.296084 72.089432
v 21.327412 6.885978 70.956169
v 24.436640 6.755506 71.159134
v 27.304478 7.463916 71.850891
v 29.832111 7.880588 71.987953
v 34.437450 7.040102 70.769180
v 38.286636 7.136255 70.712433
v 40.665440 8.306847 72.094070
v 43.772255 8.125087 72.123032
v 48.447834 6.203443 70.978119
v 51.411728 6.244571 71.051544
v 54.834511 6.255445 70.853302
v 58.404804 6.788789 71.630447
v 61.884083 7.849217 71.892372
v 65.621712 8.107385 71.778397
v 68.986061 7.410946 71.186264
v 70.919579 8.519009 72.218834
v 75.000000 11.063755 71.039200
v -75.000000 13.696927 67.594101
v -71.307823 7.763761 68.451080
v -68.846046 4.979399 69.056175
v -64.503311 3.741314 68.133972
v -61.482780 3.243753 67.512680
v -58.474667 3.963326 68.628517
v -55.012486 3.520607 68.026230
v -51.282143 4.639375 68.845886
v -47.990459 4.254178 68.257126
v -43.590446 4.136305 68.324684
v -40.906120 3.623312 68.124535
v -38.366333 3.761672 68.289589
v -34.983829 3.311797 67.643311
v -30.729528 3.593063 67.776466
v -27.585960 3.903153 68.148788
v -23.351946 4.486497 68.890816
v -20.907255 4.195963 68.583366
v -17.031567 3.654622 68.070702
v -12.893881 3.957499 68.283966
v -10.217277 4.106486 68.159927
v -6.903957 4.175920 68.121902
v -2.614386 4.190277 67.823227
v 0.795925 4.820204 68.614548
v 4.206977 4.186629 67.569817
v 6.137104 4.867918 68.286003
v 9.760422 5.780970 68.950195
v 14.147453 4.466119 67.467171
v 17.434471 4.579649 67.893356
v 21.143642 3.875613 67.340233
v 24.678146 4.529717 68.364952
v 28.154497 3.936910 67.583412
v 30.558563 4.531190 68.153725
v 33.543251 5.042065 68.508469
v 36.635071 4.598607 68.084526
v 40.041645 4.789577 68.485123
v 44.340256 4.761963 68.966095
v 48.246334 2.910506 67.332764
v 50.714382 4.516475 69.010559
v 54.132259 4.287066 68.848618
v 58.695095 3.149101 67.607651
v 60.732502 3.158648 67.427307
v 65.133476 5.008403 68.920784
v 68.520592 4.830201 68.316246
v 72.379944 8.616162 67.939827
v 75.000000 11.380717 68.931076
v -75.000000 13.686490 65.552811
v -71.674110 8.413441 65.062256
v -67.413811 3.269583 65.190582
v -64.724281 1.567748 65.243546
v -61.973026 1.773526 65.582047
v -58.292957 1.722689 65.123718
v -54.923527 1.625995 64.772568
v -51.411762 2.345287 65.640038
v -48.599648 1.969419 64.353180
v -44.877159 2.232334 64.818161
v -41.617783 1.437941 64.198669
v -37.508999 1.073099 64.170425
v -34.078873 1.337741 64.434792
v -30.964949 1.095421 64.174614
v -27.027969 1.430593 64.944275
v -24.665737 1.655735 65.439056
v -20.020943 1.551013 65.212662
v -17.793379 1.240360 64.158447
v -13.329381 1.829764 65.165245
v -10.599767 1.828655 64.845711
v -6.915695 2.403482 65.198891
v -2.558366 1.997553 64.687996
v 0.838200 2.366767 65.115540
v 2.511021 2.424444 64.985802
v 6.823160 2.917534 65.310966
v 9.336183 2.835421 65.197227
v 13.455489 3.104872 65.597725
v 16.693096 2.906378 65.253670
v 20.507086 2.118277 64.321754
v 24.252428 1.754918 64.090363
v 26.959770 1.616609 63.900215
v 31.085304 2.017703 64.514931
v 34.694431 2.004012 64.067230
v 37.920933 1.850954 64.210732
v 40.951859 2.139561 64.764862
v 44.866604 1.353771 64.185188
v 48.434372 1.309352 64.443520
v 50.650261 1.780155 65.616638
v 54.294731 1.911168 65.483879
v 58.059902 1.336541 64.542747
v 61.688835 1.475762 64.792000
v 65.308586 2.365304 64.325851
v 68.245186 4.521739 64.485992
v 72.017128 8.002607 65.218781
v 75.000000 11.336844 65.194725
v -75.000000 13.478188 61.894245
v -70.734581 7.164638 61.374527
v -68.219597 4.442927 61.032982
v -64.562172 1.404039 61.106663
v -61.998272 0.539788 61.806545
v -58.306595 0.253187 61.241665
v -55.336266 0.726845 61.779846
v -50.790432 0.737367 61.047363
v -47.697506 0.995151 61.427242
v -45.004875 0.745541 60.655045
v -40.048462 0.268051 60.578377
v -37.573853 0.270431 60.787819
v -34.181896 0.042289 61.780052
v -29.879759 0.084499 61.884361
v -27.917595 0.034270 61.320316
v -24.524946 -0.155163 60.787247
v -19.758192 -0.008915 60.997631
v -16.329582 0.189576 61.388584
v -14.529897 0.450871 61.378582
v -10.583760 0.789963 62.010365
v -7.149239 0.482203 60.751221
v -2.957766 0.515900 60.753235
v 0.767518 0.811958 60.980194
v 3.030796 0.880825 61.593636
v 7.716011 0.843788 61.203117
v 10.097767 0.988546 61.768356
v 12.919447 0.688944 60.761219
v 17.829517 0.951785 61.814850
v 20.474277 0.928761 61.921909
v 24.684738 0.630762 60.671955
v 27.508341 0.716175 60.619473
v 30.770435 0.616771 60.968407
v 34.509148 1.010706 61.452087
v 37.760082 0.842400 61.748463
v 41.677296 0.858253 62.034477
v 44.036777 0.675160 61.727646
v 48.584614 0.337194 61.795330
v 50.777874 0.081848 61.260456
v 53.946655 0.158626 61.972652
v 58.685280 0.072124 61.368900
v 62.094906 0.415990 60.469982
v 64.124001 1.325731 61.917305
v 67.897346 4.047045 62.099667
v 71.155952 6.977110 61.238323
v 75.000000 11.040507 60.914253
v -75.000000 13.006297 58.109554
v -71.812546 8.419647 58.245777
v -68.582283 4.757171 57.112709
v -64.766617 1.916912 57.721214
v -61.874901 0.486452 58.366707
v -58.134983 0.341818 58.051998
v -53.917824 0.227731 57.283340
v -51.978325 0.581374 57.577423
v -47.775391 0.474487 57.797626
v -44.513443 0.743375 57.186256
v -40.269257 0.337028 57.104511
v -38.203716 0.176698 58.576664
v -33.763172 -0.088344 57.159863
v -30.416590 -0.362926 57.477901
v -27.180027 -0.351801 58.783360
v -24.344997 -0.275876 57.198689
v -20.807735 -0.241348 58.624203
v -16.800129 0.015943 57.597095
v -14.409726 0.289383 57.910557
v -10.428724 0.428761 58.452095
v -7.699348 0.420217 58.311806
v -2.582996 0.483113 57.694309
v -0.044452 0.272335 58.431961
v 4.238202 0.224841 57.586166
v 5.957402 0.344450 57.957584
v 10.083301 0.357864 58.391483
v 14.401658 0.158004 58.446331
v 16.753948 0.320629 58.097542
v 19.911087 0.303044 57.419830
v 23.872421 0.417942 58.485149
v 26.933817 0.241392 57.378536
v 30.180420 0.346600 57.485695
v 34.904381 0.380096 57.962166
v 37.001984 0.513017 58.103893
v 41.716866 0.314334 58.591053
v 43.801491 0.160556 57.101128
v 46.920593 0.074491 58.746300
v 51.853069 -0.003071 57.264095
v 55.441010 -0.205439 57.177673
v 57.388474 -0.090181 57.169956
v 60.521049 -0.030100 57.658569
v 64.545715 1.250614 58.257488
v 67.286987 3.084701 58.350891
v 72.410835 7.883399 58.631870
v 75.000000 11.159695 58.481220
v -75.000000 12.503714 53.966625
v -71.712494 8.307911 55.356792
v -68.410927 4.703805 53.790344
v -65.017082 1.980548 53.830868
v -61.524193 0.650447 53.984173
v -58.781376 0.077663 55.382717
v -53.789318 0.415427 54.982826
v -50.418972 0.403234 54.835133
v -46.903431 0.496005 54.334896
v -43.928234 0.541866 54.875786
v -41.802299 0.639142 54.085281
v -37.258835 0.060514 53.747604
v -34.569950 0.125931 54.590115
v -29.864777 -0.338600 54.749729
v -27.398840 -0.163360 54.557201
v -24.434345 -0.146382 54.000832
v -19.873585 0.066333 54.054398
v -17.355412 0.143926 54.870270
v -13.128312 0.316709 55.303230
v -9.772078 0.356883 55.000301
v -7.657225 0.424354 54.450787
v -2.544627 0.422983 53.855202
v -0.423196 0.130698 55.294106
v 3.406352 0.061979 54.167870
v 6.339738 0.061313 54.695145
v 10.540668 0.003908 54.099098
v 13.932334 0.121327 55.227360
v 16.674263 -0.030406 54.425064
v 20.883066 0.074189 55.086914
v 23.405252 0.316004 55.169476
v 27.413633 0.279449 54.858047
v 31.568232 0.322700 54.532272
v 34.646111 0.563481 54.269466
v 36.784199 0.501947 54.590881
v 41.522099 0.142479 53.799580
v 43.946804 0.157963 55.230865
v 48.578617 0.233089 54.395706
v 50.906395 0.011740 53.886425
v 54.113361 0.056239 54.045460
v 57.244957 -0.116500 54.372391
v 60.855400 -0.087258 54.781780
v 64.239883 1.181596 54.986610
v 68.454781 3.754360 55.079262
v 71.279961 6.574212 54.224480
v 75.000000 11.292406 54.883503
v -75.000000 11.942257 50.604858
v -72.377014 8.872256 51.853867
v -68.091568 4.456755 50.885838
v -65.378090 2.434332 50.784634
v -61.753693 0.798275 51.482693
v -58.292294 0.123296 51.016628
v -54.695854 0.285086 50.480721
v -51.381557 0.335268 51.681400
v -48.260670 0.509029 52.025787
v -44.455421 0.339233 50.559700
v -40.219978 0.229771 51.206734
v -38.373299 0.274146 51.043579
v -33.353279 -0.003129 51.876106
v -30.914297 -0.229394 51.128330
v -27.662796 -0.037056 51.098278
v -24.567808 -0.017094 51.153446
v -19.614166 0.037392 51.681149
v -16.247915 0.432056 50.280380
v -14.440285 0.488609 50.369263
v -9.499675 0.645243 50.919746
v -7.429683 0.389213 50.621880
v -3.581015 0.326382 50.512932
v -0.570662 0.059216 51.643719
v 3.441303 -0.237934 51.345928
v 6.362890 -0.195346 50.731575
v 9.401250 -0.296610 51.024147
v 12.805000 -0.500771 50.527596
v 17.224592 -0.115293 51.046272
v 20.105730 0.046429 51.280235
v 23.729971 0.167347 50.850449
v 27.161762 0.330245 51.994289
v 30.662926 0.440111 51.612911
v 34.594868 0.245638 51.211445
v 37.451794 0.195444 51.843628
v 40.784176 0.206332 51.871281
v 44.336475 0.203729 51.962982
v 46.975315 0.179959 50.716099
v 51.157036 0.028404 51.938686
v 54.325607 -0.174508 50.324802
v 58.597279 -0.117742 50.243340
v 61.930622 0.377982 51.687691
v 64.758095 1.517634 50.314415
v 67.579025 3.401576 50.617279
v 70.808838 6.331161 51.404747
v 75.000000 11.594761 51.750584
v -75.000000 11.736628 48.132286
v -72.232475 8.673849 47.723278
v -68.706833 5.177746 48.154110
v -65.098389 2.245594 48.560974
v -61.973423 0.807637 46.941746
v -57.242802 0.158424 48.323536
v -55.238316 0.038783 47.671974
v -51.388763 -0.059704 47.055958
v -47.583195 -0.143855 47.038708
v -43.430862 0.085250 47.493675
v -40.373280 0.300415 48.150715
v -37.360752 0.147336 47.978821
v -34.194801 0.060465 48.309113
v -31.494892 -0.134344 47.151588
v -27.022100 0.018664 46.855972
v -23.568979 -0.080730 48.064503
v -21.293716 0.217378 48.358414
v -17.167433 0.606927 47.704453
v -14.298717 0.643951 48.218204
v -11.087151 0.566505 48.622562
v -7.526727 0.380266 47.984398
v -3.258624 0.012286 47.566906
v 0.223073 -0.260251 47.772449
v 4.194961 -0.487096 48.188812
v 6.090633 -0.417798 47.478493
v 10.735153 -0.660075 47.903755
v 12.757062 -0.528213 47.466366
v 16.776054 -0.290990 47.465183
v 21.241426 0.030677 47.306931
v 24.589947 0.257231 48.548069
v 27.103508 0.194632 48.199467
v 31.183794 0.355846 48.605042
v 34.884567 0.162830 48.371193
v 37.694550 0.160552 47.714764
v 41.473183 -0.042023 48.312920
v 43.958664 0.114826 48.539989
v 48.236633 -0.189588 47.339554
v 51.756348 -0.067320 47.285934
v 54.980614 -0.182735 47.812794
v 57.244061 -0.293059 48.209137
v 61.067570 0.064695 47.277893
v 65.394325 1.686361 47.346241
v 68.278641 3.954282 47.842377
v 71.632751 7.256521 48.149738
v 75.000000 11.382385 46.890018
v -75.000000 11.273899 43.634098
v -72.022240 8.379551 44.793182
v -67.381363 4.122662 43.875107
v -64.088432 1.723434 44.626785
v -60.630013 0.392624 44.082928
v -57.657120 -0.036025 43.455956
v -53.933975 -0.090640 43.962467
v -51.249378 -0.243899 43.913857
v -48.073322 -0.173033 44.836639
v -45.078136 -0.335037 43.578758
v -41.760662 0.064392 45.026157
v -37.779243 -0.209355 44.962864
v -34.915939 -0.059930 43.971455
v -30.327202 -0.160506 43.891968
v -27.109877 0.152371 44.564049
v -23.288422 0.137349 43.613876
v -19.792519 0.612882 43.572243
v -17.752644 0.443889 44.847878
v -14.474391 0.803572 43.692287
v -9.985761 0.649454 43.733070
v -7.200922 0.292251 45.038403
v -2.945833 -0.060608 44.849194
v -0.137222 -0.306755 45.180527
v 3.017765 -0.510123 43.929810
v 6.495675 -0.652020 43.482983
v 10.859751 -0.796956 44.105282
v 13.479627 -0.441891 44.432571
v 16.769663 -0.202467 43.949795
v 19.944378 0.002699 43.666149
v 24.439301 0.201803 44.911510
v 26.736391 0.582168 43.846252
v 29.789675 0.386049 44.334698
v 34.625103 0.172662 44.886047
v 37.224934 -0.093193 43.720875
v 41.708061 -0.296948 44.707466
v 44.677246 -0.372194 44.321213
v 47.973038 -0.071284 45.072590
v 51.491253 -0.141933 43.801701
v 54.285568 -0.181372 44.495892
v 58.657284 -0.080742 45.063068
v 60.508953 -0.152253 44.847168
v 65.494919 1.781092 44.316036
v 68.872986 4.366047 44.797745
v 71.647690 7.252031 43.860123
v 75.000000 11.332708 44.054840
v -75.000000 11.196804 41.221100
v -70.973312 7.266230 40.617310
v -68.776627 5.352123 41.019253
v -64.630226 2.114079 41.582184
v -60.670410 0.205464 41.380795
v -58.311829 0.038091 40.543388
v -55.167187 -0.315595 41.528313
v -51.448551 -0.534948 40.869167
v -48.036736 -0.289173 41.468395
v -43.906464 -0.198194 41.625835
v -41.626141 -0.171498 41.117470
v -36.969200 -0.254770 40.489162
v -34.637764 -0.275978 40.660721
v -31.210217 -0.170246 41.110073
v -27.454491 0.226374 40.385281
v -23.862761 0.344871 40.670807
v -21.099281 0.477713 40.722412
v -16.611750 0.699314 40.174683
v -13.503199 0.703894 40.460709
v -10.715856 0.730999 40.509094
v -6.324893 0.341835 40.548946
v -3.085814 -0.122430 40.654320
v -0.336574 -0.464656 40.678188
v 3.264341 -0.484125 40.400806
v 7.051491 -0.683034 41.358978
v 10.146622 -0.623145 40.690266
v 13.951810 -0.396809 40.134731
v 17.323538 0.005760 40.408363
v 20.436256 0.244612 40.054771
v 23.941689 0.585441 41.519573
v 28.065786 0.391724 40.874493
v 30.816032 0.437441 40.835224
v 34.112858 0.212622 40.658417
v 37.539040 -0.030711 41.070461
v 40.387257 -0.430585 40.577240
v 44.791046 -0.281970 41.588779
v 47.467133 -0.425474 41.707176
v 50.955799 -0.296417 41.785133
v 54.402439 -0.286781 40.552235
v 57.531834 -0.132565 41.405121
v 62.155518 0.225162 40.860352
v 65.315407 1.623758 41.103554
v 67.514565 3.305585 40.411194
v 71.832649 7.375417 40.964603
v 75.000000 11.464098 41.402313
v -75.000000 11.059385 37.764362
v -71.017174 6.767458 36.930878
v -68.552002 4.591532 37.413116
v -64.171989 1.720819 37.761456
v -61.782272 0.403724 37.722931
v -58.087555 -0.326894 38.065399
v -54.146236 -0.543010 37.893818
v -51.493088 -0.630757 37.536808
v -47.480129 -0.729095 37.213326
v -43.546474 -0.744614 36.862000
v -40.318867 -0.394920 36.769550
v -38.147278 -0.328933 36.903610
v -34.963932 -0.054888 38.379337
v -30.401094 -0.048104 37.949951
v -27.915810 0.307003 37.979446
v -24.140038 0.562534 38.125191
v -19.929531 0.763470 38.097755
v -16.850391 0.787798 36.993694
v -12.927317 0.757645 36.981468
v -10.772005 0.537569 37.152973
v -6.382738 0.246239 37.610546
v -3.309973 -0.264965 37.923912
v -0.649191 -0.558656 37.512463
v 3.349866 -0.587733 38.140041
v 6.814900 -0.506370 37.428822
v 9.339164 -0.524080 36.886620
v 13.748993 -0.071436 37.202457
v 16.820379 0.273853 37.646130
v 19.690258 0.490312 37.253326
v 23.014994 0.704886 37.302586
v 28.049416 0.683963 37.805180
v 30.700951 0.455380 37.527584
v 33.251926 0.112096 37.107269
v 37.209492 -0.383588 36.848957
v 40.863255 -0.510598 37.454033
v 43.797489 -0.678028 37.616657
v 47.824528 -0.602704 36.911896
v 51.726288 -0.360496 37.673286
v 54.134514 -0.140067 37.488438
v 58.232758 -0.259972 36.974487
v 61.034409 0.055217 37.861404
v 65.015404 1.400357 36.988411
v 68.582642 4.120377 36.805916
v 70.780373 6.073176 37.859268
v 75.000000 11.457656 38.058105
v -75.000000 11.301248 33.895275
v -71.070656 6.324598 33.353230
v -67.971756 3.717484 33.862644
v -64.599373 1.344245 33.765144
v -61.063030 0.175747 34.166725
v -58.672092 -0.416982 34.664570
v -54.051292 -0.584557 33.345558
v -51.372398 -0.656854 33.510208
v -47.615490 -0.836988 34.526505
v -44.458969 -0.734687 34.417648
v -40.653912 -0.663459 33.309963
v -37.378487 -0.444393 34.920025
v -33.532310 0.085227 33.955330
v -30.778168 0.096585 34.965473
v -27.107180 0.569833 33.303013
v -23.907829 0.452647 34.248558
v -20.194433 0.594860 34.608810
v -17.917498 0.786497 34.982300
v -14.317351 0.498904 33.251480
v -9.562083 0.189390 34.758766
v -6.423348 0.073407 34.554821
v -3.971749 -0.156933 34.900658
v 0.384394 -0.513590 33.451015
v 2.660818 -0.559745 33.859386
v 6.747228 -0.637749 33.312683
v 11.063040 -0.450641 33.699928
v 12.762882 -0.061326 33.819653
v 16.288881 0.255937 34.430996
v 19.853338 0.505910 33.441166
v 23.071241 0.682625 34.329288
v 27.162430 0.395236 33.772526
v 31.217073 0.210644 34.337029
v 34.324383 -0.204261 34.238571
v 38.015236 -0.467385 33.290047
v 41.029366 -0.831601 34.464607
v 45.171295 -0.593022 33.725029
v 47.424953 -0.437189 33.900425
v 51.732685 -0.401978 33.908859
v 54.416866 -0.256174 33.392284
v 58.287231 -0.044777 33.907700
v 61.917107 0.104262 34.480949
v 64.346207 1.211446 34.230408
v 68.750595 4.130872 33.393524
v 72.190727 7.933441 33.529755
v 75.000000 11.312564 33.961472
v -75.000000 11.610296 30.049688
v -71.258553 6.670440 29.937067
v -68.928703 4.430801 30.585203
v -65.311951 1.838781 30.231485
v -61.842377 0.242928 30.489399
v -58.016964 -0.534295 31.209961
v -54.093414 -0.686699 30.156818
v -51.878502 -0.659473 30.129982
v -48.208111 -0.656999 30.538553
v -43.625011 -0.657375 30.642471
v -40.748295 -0.591838 31.241344
v -38.074753 -0.313374 30.319901
v -33.974934 0.031724 30.857332
v -31.313601 0.352004 31.501547
v -27.499454 0.494318 31.390802
v -23.346411 0.674110 31.300737
v -20.733685 0.565777 30.646793
v -17.885010 0.789321 29.799088
v -13.660992 0.424694 30.560884
v -9.724729 0.311048 30.815105
v -6.337132 -0.049334 30.107922
v -3.851896 -0.463540 31.513649
v -0.574676 -0.726792 31.431234
v 3.512381 -0.652782 30.014616
v 7.623154 -0.622896 29.943960
v 10.403794 -0.431206 30.866503
v 14.463102 0.041762 31.118868
v 17.298595 0.272530 29.860260
v 20.262157 0.341526 30.774797
v 24.702023 0.305922 29.796728
v 26.442265 0.351953 31.121264
v 31.406782 -0.018101 29.953587
v 33.275589 -0.213918 30.166344
v 37.764034 -0.747336 29.808050
v 40.269730 -0.571127 30.222904
v 44.636585 -0.647704 31.043989
v 48.191494 -0.534529 31.392059
v 50.698986 -0.329390 31.358358
v 53.948895 -0.262572 31.152594
v 58.274307 -0.031161 31.559111
v 60.814827 0.178287 31.516993
v 64.269722 1.266606 29.900658
v 68.881500 4.371203 31.330242
v 70.865486 6.448222 29.910015
v 75.000000 11.389642 30.450748
v -75.000000 11.775629 27.561125
v -71.631332 7.210162 27.041998
v -68.682846 4.287483 28.070620
v -64.676651 1.455287 27.912249
v -61.784122 -0.020667 27.431520
v -58.366550 -0.616680 26.661514
v -55.143421 -0.701686 27.288916
v -50.410660 -0.575585 27.967226
v -48.524937 -0.601930 26.561661
v -44.838093 -0.638363 27.313309
v -41.345062 -0.443280 27.809809
v -36.616161 0.146916 26.376173
v -34.815292 0.215313 27.651756
v -31.478348 0.287841 26.865076
v -26.411192 0.660619 28.143877
v -24.150005 0.493107 27.920469
v -19.856504 0.591571 27.224873
v -17.162003 0.509187 26.531162
v -13.507948 0.301987 27.924194
v -9.740470 -0.059583 26.891815
v -7.575500 -0.107209 28.015369
v -3.417223 -0.482957 27.679729
v 0.202380 -0.292502 26.898764
v 3.558376 -0.648291 27.808605
v 7.237072 -0.379619 27.438107
v 9.426941 -0.394630 26.713564
v 14.251803 -0.119446 26.616619
v 16.173258 -0.024700 26.534340
v 21.124168 0.154618 27.693460
v 24.460562 0.091654 27.511946
v 27.040825 -0.143568 27.101917
v 30.717505 -0.243488 27.370346
v 33.408302 -0.370412 26.886467
v 38.157848 -0.584370 27.594967
v 40.695595 -0.780112 26.820358
v 44.989231 -0.479015 26.455435
v 47.751244 -0.316139 27.217810
v 50.273605 -0.187061 26.431360
v 53.973766 -0.071178 27.987913
v 58.525429 -0.078309 28.118595
v 61.721783 0.151453 27.821575
v 64.951645 1.517075 27.135059
v 68.546585 4.180501 27.987572
v 71.981689 7.455761 28.091421
v 75.000000 11.377744 27.284262
v -75.000000 11.727964 24.260315
v -71.760735 7.612466 24.517118
v -67.531853 3.339436 24.498638
v -64.328888 1.228645 24.467855
v -60.575989 -0.349402 24.063896
v -57.343044 -0.644708 23.817528
v -53.751129 -0.669332 23.365204
v -51.603683 -0.638134 24.160488
v -46.861073 -0.351631 23.315754
v -43.751102 -0.471920 23.237902
v -40.877815 -0.024505 23.039486
v -37.951286 0.060926 24.003792
v -34.334930 0.145624 23.808199
v -30.802343 0.320409 23.855042
v -27.921797 0.661874 23.018183
v -23.077154 0.756729 23.623856
v -19.762672 0.517812 23.171280
v -16.790619 0.596039 24.285246
v -14.044180 0.380727 23.787579
v -10.009008 0.005735 24.312590
v -6.937535 -0.068100 23.052078
v -3.759346 -0.355279 23.598101
v 0.169720 -0.895411 23.042683
v 2.992238 -0.004445 23.924086
v 6.185318 -0.259818 24.540581
v 9.855751 -0.232950 24.031857
v 13.174490 -0.189493 24.605511
v 17.657001 -0.132831 23.665722
v 20.725187 0.011741 24.401491
v 23.793230 -0.105096 23.777182
v 27.216866 -0.345810 24.204727
v 30.180668 -0.497908 23.841227
v 34.245140 -0.640163 24.742256
v 38.151356 -0.627948 24.334261
v 40.893627 -0.433888 24.250959
v 43.950092 -0.517126 23.373804
v 46.947517 -0.231582 23.195345
v 50.348000 -0.002380 24.065439
v 54.969200 0.132888 24.566996
v 58.781300 0.156578 23.434090
v 61.070267 0.430776 24.129219
v 64.982063 1.632468 23.233650
v 68.213806 3.793119 23.433857
v 72.058365 7.640455 23.908207
v 75.000000 11.383208 23.488243
v -75.000000 12.010433 21.125454
v -72.483124 8.533179 19.976324
v -68.185623 3.921236 19.621607
v -64.920486 1.573910 19.943909
v -61.170437 -0.202041 20.671331
v -58.030319 -0.670126 20.053034
v -54.742226 -0.639757 20.354912
v -51.456776 -0.456743 19.937803
v -47.728081 -0.553055 20.555288
v -44.670921 -0.314670 21.093561
v -40.762241 0.015414 21.196270
v -37.817039 0.197652 19.836443
v -33.265133 0.357559 20.986788
v -29.942783 0.392434 21.335299
v -27.155846 0.731524 20.459337
v -23.371368 0.808671 20.385244
v -20.423138 0.703559 20.423466
v -17.244320 0.354818 20.710663
v -13.904367 0.057117 19.648325
v -10.181826 -0.653327 21.176405
v -6.996571 -1.530153 20.344135
v -2.725384 -2.028425 19.618496
v -0.107706 -1.776855 20.230257
v 3.127000 -1.724927 20.400293
v 6.225484 -1.345916 20.782003
v 10.814125 -0.974928 20.431875
v 14.346489 0.039303 20.112747
v 17.927904 -0.213906 19.755886
v 19.836063 -0.278841 20.832676
v 23.872437 -0.423628 21.015949
v 27.506905 -0.556272 20.268915
v 31.570572 -0.803178 20.208822
v 33.931465 -0.767633 19.936800
v 37.843258 -0.711563 21.347500
v 41.524979 -0.452252 20.299383
v 43.772156 -0.364073 20.458393
v 47.306114 -0.129024 20.190283
v 52.031166 0.191726 20.320501
v 53.864159 0.378696 21.072357
v 57.246513 0.266197 21.174358
v 61.404133 0.703645 19.872890
v 65.324608 1.678748 21.242737
v 68.668869 4.104749 20.773464
v 71.327835 6.548120 21.049599
v 75.000000 11.250276 21.175524
v -75.000000 11.674316 16.897387
v -71.681198 7.331371 17.251270
v -67.478844 3.413892 16.896660
v -64.881371 1.365830 16.829132
v -62.184475 0.255806 16.269970
v -58.287914 -0.514306 16.327490
v -54.898838 -0.473857 16.860857
v -51.144371 -0.634634 16.235971
v -47.925640 -0.545053 16.652214
v -44.661697 -0.339860 16.369898
v -40.382126 -0.189633 17.507349
v -37.754887 0.227005 17.609657
v -34.467648 0.165587 16.934690
v -30.621065 0.430898 17.251377
v -28.054924 0.638619 17.723532
v -24.131390 0.490752 17.504568
v -20.844088 0.236489 17.518538
v -16.749758 -0.094901 17.330894
v -13.265791 -1.372880 17.778715
v -9.624258 -1.959703 17.715422
v -6.212812 -2.468851 16.496561
v -3.673834 -2.450480 16.645012
v 0.825126 -2.234901 17.570946
v 3.417790 -2.356265 17.536360
v 6.153885 -2.423794 16.673800
v 10.946584 -1.990881 16.887836
v 13.179620 -1.679102 16.850685
v 17.715759 -0.082415 17.724432
v 20.531212 -0.165150 17.458715
v 23.656311 -0.464678 16.761913
v 26.932148 -0.719699 17.243570
v 30.100508 -0.780376 16.413647
v 34.383862 -0.727931 17.749321
v 37.250668 -0.750139 17.044794
v 40.127735 -0.640559 17.385162
v 43.645222 -0.407794 16.655407
v 47.553360 0.001233 16.309391
v 51.825329 0.112556 16.395147
v 54.143192 0.399181 17.892220
v 58.249050 0.397596 17.312880
v 61.649956 0.749704 16.686804
v 65.396812 2.251614 17.311647
v 67.608803 3.649792 17.738035
v 72.012207 7.636261 16.662796
v 75.000000 11.238219 17.873455
v -75.000000 11.419869 14.179801
v -71.805565 7.420723 14.465738
v -67.932846 3.722314 14.212951
v -64.646431 1.240672 13.246418
v -61.480759 -0.107794 13.304569
v -58.852795 -0.491616 13.034665
v -54.930054 -0.500823 14.459032
v -50.943066 -0.623861 14.451135
v -48.427135 -0.548084 13.111772
v -43.572113 -0.410510 13.187214
v -40.558670 -0.050917 13.827815
v -36.908264 -0.018647 14.030261
v -33.287457 0.422673 13.773203
v -30.336899 0.482154 13.206860
v -27.042147 0.306882 13.721354
v -23.506777 0.284426 13.765328
v -19.683910 0.104594 14.306599
v -17.866808 -1.181631 13.271427
v -14.066204 -1.941603 13.552833
v -9.979742 -2.501163 13.557282
v -7.611290 -2.479429 13.892273
v -3.946548 -2.516411 13.977365
v 0.372551 -2.365206 13.329758
v 2.944178 -2.372369 13.608672
v 7.602703 -2.513104 13.903729
v 10.919705 -2.310610 14.280961
v 13.336798 -2.221552 13.068652
v 17.514387 -1.087762 14.231779
v 20.632174 0.009935 13.706238
v 24.459747 -0.543866 14.330298
v 27.021593 -0.790182 14.164781
v 30.287413 -0.704131 14.181556
v 33.997345 -0.833644 14.332980
v 37.443588 -0.773461 13.883002
v 40.138371 -0.381941 14.516893
v 44.768986 -0.172908 14.385210
v 48.591671 -0.094345 13.521783
v 51.116344 0.080787 13.754726
v 54.622986 0.465983 14.521416
v 58.214664 0.511379 13.406420
v 61.638329 0.747450 14.083817
v 64.122299 1.796062 14.486556
v 68.793068 4.773021 14.002992
v 71.839493 8.256737 13.014055
v 75.000000 12.138293 14.233132
v -75.000000 11.126142 9.632563
v -71.902893 7.442422 10.795094
v -68.505539 4.033370 10.463925
v -65.008034 1.453118 9.630765
v -62.189381 0.261077 10.106907
v -57.379021 -0.404570 9.857239
v -53.744576 -0.534550 10.237389
v -51.752895 -0.484420 10.588042
v -48.482853 -0.493952 9.888901
v -44.420441 -0.367138 9.381609
v -41.737190 -0.254255 10.336167
v -37.098690 0.190983 11.122228
v -33.451317 0.239826 9.710817
v -31.071955 0.326492 9.936347
v -27.414553 0.332170 10.517669
v -23.564648 0.197604 9.640343
v -21.058508 -0.575284 10.594939
v -16.931379 -2.089805 10.500688
v -14.383284 -2.357386 10.544621
v -9.378940 -2.178112 9.491600
v -5.964315 -1.820019 9.396000
v -2.849021 -1.866539 11.019257
v 0.196468 -1.687092 10.592603
v 4.224155 -1.803501 10.261954
v 6.456946 -2.009797 10.509136
v 9.377387 -2.336291 10.787352
v 13.541590 -2.336475 10.973900
v 16.815073 -2.092518 10.081889
v 20.508505 -1.024995 10.110605
v 23.169296 -0.040548 10.802369
v 27.359333 -0.576363 10.925182
v 30.238106 -0.764902 10.956335
v 33.643688 -0.756856 10.246573
v 37.007797 -0.760840 10.096399
v 40.932827 -0.504411 10.068051
v 44.152630 -0.201219 10.995021
v 48.381538 0.126601 10.136259
v 51.598789 0.332178 10.920968
v 54.944336 0.371040 10.943504
v 57.760086 0.435213 10.819013
v 61.477100 0.504037 9.732308
v 65.269821 2.210184 11.023674
v 67.952049 4.299407 11.099964
v 71.074554 7.508363 10.587398
v 75.000000 12.656962 10.360517
v -75.000000 11.935155 6.600073
v -71.477577 7.177284 6.066671
v -68.779404 4.069655 6.376398
v -64.298218 1.269433 6.493244
v -62.042736 0.303612 7.046753
v -57.148090 -0.549445 6.418977
v -54.358627 -0.439142 7.538818
v -50.590927 -0.244253 7.514835
v -47.411880 -0.343447 7.259895
v -44.413998 -0.085707 6.209487
v -41.604652 -0.196594 7.680458
v -36.958752 0.173090 7.384696
v -34.468845 0.236975 6.481286
v -31.322182 0.341927 6.142454
v -26.931593 0.335677 6.263438
v -24.738794 -0.027847 7.101917
v -20.451349 -1.515083 6.146674
v -17.881626 -2.023469 7.390066
v -13.313237 -2.443801 7.011563
v -10.842361 -2.185742 6.196979
v -6.146743 -1.287652 6.618658
v -3.716398 -0.660150 7.328814
v 0.160602 -0.532528 7.639599
v 3.158870 -0.357867 6.876212
v 6.616371 -1.563540 7.081552
v 10.369763 -2.313426 7.117377
v 13.563303 -2.561417 5.942664
v 16.407948 -2.432422 6.510427
v 20.046553 -1.734352 6.818176
v 23.987770 0.045748 6.767512
v 28.158657 -0.678267 7.656779
v 31.169466 -0.661805 6.147891
v 34.330494 -0.739322 6.575858
v 37.106850 -0.434100 6.286612
v 41.698654 -0.248699 6.491779
v 44.792183 0.034131 6.387022
v 47.970657 0.138160 7.087406
v 50.967102 0.118226 7.609371
v 54.227215 0.138376 5.939022
v 57.715664 0.067766 7.280020
v 61.092266 0.231595 7.474063
v 65.440483 2.141984 6.902551
v 68.305534 4.417413 7.173841
v 70.810295 7.121898 7.175498
v 75.000000 12.642359 6.410201
v -75.000000 12.497456 2.621714
v -70.832703 6.632848 3.259068
v -68.760078 4.642019 3.264223
v -65.030167 1.540615 2.915098
v -60.700684 -0.060595 4.187143
v -57.236153 -0.373969 3.812518
v -55.403927 -0.378459 4.012870
v -50.768452 -0.221475 3.916122
v -48.266647 0.058055 3.223864
v -44.051613 0.097316 3.955008
v -40.075436 0.075228 3.227249
v -36.942955 0.294168 2.733159
v -34.744911 0.354541 3.970369
v -30.006020 0.500660 3.157282
v -27.790720 0.322402 3.720937
v -23.595556 -0.227178 3.579515
v -20.746550 -1.690495 4.205681
v -17.863617 -2.359144 3.181727
v -13.646511 -2.438764 3.232963
v -10.293192 -1.733613 4.284607
v -6.702729 -0.156163 2.531543
v -3.203946 0.229569 3.005645
v -0.731792 0.185177 4.027943
v 3.890036 0.429160 4.147325
v 6.680001 -0.280061 3.339498
v 10.326262 -1.733755 3.125841
v 13.331880 -2.399788 2.975138
v 17.426027 -2.279548 2.935132
v 20.111198 -1.759709 2.918397
v 23.779329 -0.000677 3.808215
v 28.066420 -0.729409 4.071731
v 30.638199 -0.631638 3.129438
v 33.843410 -0.724287 2.527942
v 37.961861 -0.559280 4.147245
v 40.250553 -0.220199 4.200788
v 44.417629 0.253217 3.981813
v 47.485378 0.121746 4.040320
v 51.564312 0.100801 2.650466
v 53.697735 0.046673 2.908498
v 58.822746 0.009169 3.411000
v 61.083248 0.120297 2.868126
v 64.455627 1.156338 2.682786
v 68.601921 4.656364 4.191298
v 71.414246 7.531874 2.753781
v 75.000000 12.424473 3.293526
v -75.000000 12.815307 -0.754433
v -71.362083 7.598425 0.496651
v -68.609642 4.538734 0.119170
v -65.306961 1.958061 -0.466501
v -61.726406 0.211529 -0.889761
v -57.829403 -0.053488 0.617898
v -53.880779 -0.026797 0.418903
v -50.555271 -0.022341 0.391381
v -47.753281 0.124097 -0.703745
v -43.989189 0.289672 -0.175666
v -40.766483 0.331891 -0.689144
v -36.809574 0.561375 0.251344
v -33.436882 0.608263 0.571865
v -29.791134 0.305735 0.364315
v -27.971922 0.185339 -0.853806
v -23.122744 -0.779231 0.628555
v -21.178957 -1.604064 0.596264
v -17.783035 -2.225194 0.288828
v -13.246918 -2.133151 -0.687512
v -11.068025 -1.755096 0.477699
v -6.477155 0.269171 0.831827
v -3.892156 0.185537 0.125107
v -0.864117 0.294178 -0.883403
v 4.090527 0.379117 0.683165
v 6.162643 0.307122 0.128745
v 10.560975 -1.632723 0.633715
v 13.637681 -2.370567 0.697746
v 17.038736 -2.458079 -0.753644
v 19.941792 -1.875202 -0.841501
v 24.280157 -0.127459 0.408649
v 26.849094 -0.507481 0.775943
v 30.697577 -0.703864 0.165380
v 33.843609 -0.568028 0.880938
v 37.775604 -0.298891 -0.079145
v 41.251614 0.176549 -0.868251
v 44.710152 0.247554 0.181290
v 47.581749 0.365123 -0.851285
v 50.930115 0.170833 0.162050
v 55.442493 0.077688 0.890548
v 58.721863 -0.060751 0.441602
v 61.142181 0.010130 0.466628
v 64.081825 1.168655 -0.617503
v 68.917160 4.766090 0.810882
v 71.274780 7.323820 -0.263202
v 75.000000 12.350297 0.331891
v -75.000000 12.679509 -2.510775
v -70.954651 7.329369 -3.427329
v -67.291267 3.602607 -2.931079
v -64.334778 1.547975 -3.191001
v -61.555294 0.393400 -3.456363
v -57.635578 0.032049 -3.088943
v -54.467934 0.072753 -2.910972
v -51.559490 0.185697 -4.144841
v -47.328461 0.349100 -3.448775
v -44.819977 0.541192 -2.764858
v -40.857338 0.515128 -3.452174
v -36.935963 0.489260 -2.938653
v -33.511517 0.647442 -3.337635
v -30.092417 0.651907 -4.118341
v -28.094862 0.498743 -3.195369
v -23.291649 -0.752145 -2.730558
v -20.901876 -1.736688 -2.694142
v -16.499668 -2.439055 -3.447532
v -14.377958 -2.271779 -3.221084
v -9.876244 -1.662383 -3.317863
v -6.281273 -0.340058 -3.874942
v -3.084764 0.340201 -3.169563
v -0.472267 0.314554 -3.176490
v 3.195137 0.303933 -2.541077
v 6.945174 -0.364901 -2.613019
v 10.619997 -1.884503 -3.003368
v 13.171665 -2.462062 -4.010551
v 17.290514 -2.442921 -4.055100
v 20.316206 -1.769116 -3.935260
v 23.632553 -0.400112 -2.588117
v 27.033642 -0.561627 -3.791662
v 30.516087 -0.655746 -3.675831
v 33.825146 -0.566814 -3.202740
v 38.264671 -0.043990 -2.853995
v 41.290508 0.209840 -3.179338
v 44.011196 0.450251 -2.636500
v 47.510204 0.493793 -3.455564
v 51.858730 0.202916 -3.871762
v 54.712452 0.141370 -3.341671
v 58.565796 -0.084742 -3.255904
v 62.066273 0.304685 -3.300804
v 64.793953 1.477100 -3.993503
v 68.614632 3.998626 -3.232116
v 71.914627 7.825348 -3.506027
v 75.000000 11.555853 -3.894878
v -75.000000 12.163478 -6.315460
v -71.019440 7.296090 -6.101256
v -67.725853 4.063633 -6.934129
v -64.446960 1.843955 -7.198092
v -62.165035 0.779106 -7.162011
v -57.803444 0.307047 -7.714755
v -53.875977 0.133873 -6.180129
v -51.103569 0.398394 -5.929032
v -48.132870 0.289114 -6.390402
v -44.759136 0.397949 -7.464165
v -40.889324 0.327429 -6.674580
v -37.851917 0.564648 -7.478380
v -33.448956 0.463014 -6.380937
v -31.488024 0.482958 -6.884512
v -27.337124 0.394986 -6.798361
v -24.105326 -0.003432 -7.360793
v -19.699663 -1.886446 -6.919214
v -17.379772 -2.260458 -6.877727
v -13.519484 -2.502499 -6.500582
v -9.694313 -1.917360 -6.442946
v -6.273749 -1.316410 -6.983950
v -2.626342 0.035349 -6.718970
v -0.796111 0.398176 -6.698882
v 2.597230 -0.733772 -7.470919
v 6.991497 -1.170214 -6.242483
v 10.337179 -2.189396 -7.359441
v 13.949302 -2.513739 -7.133110
v 16.525303 -2.419130 -7.427130
v 21.206688 -1.448706 -6.290618
v 23.135063 0.100789 -7.329839
v 27.119171 -0.684281 -7.104169
v 31.412405 -0.764397 -7.152827
v 33.292908 -0.673102 -7.170458
v 38.105030 -0.150828 -6.446728
v 41.056797 0.286785 -6.491898
v 43.695362 0.485074 -7.559611
v 48.341629 0.659607 -6.191600
v 52.000546 0.274169 -6.622887
v 54.329411 0.183137 -7.071594
v 58.036846 -0.029516 -6.086647
v 61.774471 0.268018 -6.691930
v 64.078598 0.941891 -7.409475
v 68.943794 4.448390 -7.711216
v 71.638313 6.908994 -6.441550
v 75.000000 11.046432 -7.268848
v -75.000000 11.668336 -11.000963
v -71.618370 8.016161 -10.882458
v -68.108528 4.537210 -9.486453
v -65.184616 2.638151 -10.934789
v -61.854713 0.796404 -10.991565
v -57.776714 0.280566 -11.068510
v -53.745533 0.113345 -10.509029
v -51.436722 0.155086 -10.136595
v -47.291039 0.336688 -9.649216
v -44.681362 0.292367 -9.452236
v -41.636883 0.317253 -10.320095
v -37.327927 0.157553 -10.157786
v -34.066853 0.430045 -9.502280
v -31.344271 0.311647 -10.367655
v -27.498245 0.280325 -10.520932
v -24.458181 0.171728 -11.022054
v -19.838411 -1.112245 -10.899453
v -17.677185 -1.851531 -9.496496
v -14.325631 -2.358690 -10.220304
v -10.915624 -2.531529 -10.169337
v -6.754338 -2.152339 -10.239482
v -3.953204 -1.857176 -10.053966
v -0.671196 -1.336024 -9.759064
v 3.412330 -2.081632 -10.930368
v 7.616147 -2.109187 -10.206394
v 10.354012 -2.505506 -10.567398
v 14.086445 -2.484089 -9.603855
v 16.201113 -2.167163 -10.035153
v 20.080069 -1.120220 -10.930181
v 24.004971 -0.210931 -9.748324
v 27.783951 -0.788344 -10.606694
v 30.224174 -0.461042 -10.405792
v 33.265114 -0.356743 -10.440119
v 38.066364 0.150594 -9.943002
v 40.840317 0.249444 -10.984795
v 45.110741 0.632904 -10.068818
v 46.985767 0.744234 -9.767981
v 51.458218 0.473870 -9.599494
v 53.898125 0.276228 -9.684033
v 57.650459 0.252059 -11.084032
v 61.888500 0.245713 -10.190782
v 65.275398 1.761431 -10.961845
v 68.427322 3.963745 -9.685542
v 72.213219 7.570433 -10.743183
v 75.000000 11.168894 -10.618671
v -75.000000 11.728434 -13.028378
v -71.280014 7.395932 -14.078372
v -67.590645 4.430605 -14.423207
v -64.331795 2.264460 -14.234791
v -61.200951 0.936325 -13.519946
v -57.442570 0.309113 -14.303852
v -53.715767 0.345869 -13.693377
v -51.827854 0.184427 -14.479597
v -48.173664 -0.131914 -14.245439
v -44.861755 -0.145282 -13.560597
v -40.922371 -0.089771 -14.370983
v -37.121284 0.082509 -13.441993
v -33.562344 0.171371 -13.965509
v -30.095430 0.073706 -13.467603
v -26.998270 0.239606 -14.241632
v -23.692877 0.387783 -14.241704
v -21.346453 -0.026273 -13.616664
v -17.746378 -1.086862 -14.198671
v -13.447796 -2.214868 -13.559840
v -10.742689 -2.302867 -13.373055
v -6.603482 -2.549031 -13.262206
v -3.821270 -2.423845 -13.998487
v 0.289799 -2.495100 -14.189205
v 3.738409 -2.191082 -12.811108
v 6.249575 -2.276993 -13.225034
v 9.979545 -2.324038 -13.139930
v 13.834804 -2.028663 -14.345387
v 17.044878 -1.231908 -14.456779
v 21.333935 0.028788 -13.077374
v 23.255625 -0.391637 -13.685317
v 26.688353 -0.464615 -14.437378
v 31.238733 -0.466554 -13.187831
v 33.372543 -0.145750 -13.731187
v 37.524960 0.247619 -13.414407
v 41.617939 0.400415 -13.935723
v 44.541416 0.821334 -13.535744
v 47.478558 0.748510 -13.926464
v 50.912922 0.670328 -13.676295
v 55.278393 0.311993 -13.632978
v 58.811710 0.154350 -12.838932
v 61.694000 0.212776 -13.739713
v 65.224663 1.724559 -14.340365
v 68.631493 4.098680 -12.799562
v 70.937500 6.527688 -14.451725
v 75.000000 11.357652 -12.996516
v -75.000000 11.140786 -17.183636
v -71.784912 7.856545 -17.490728
v -68.576248 4.945045 -17.517870
v -64.693008 2.559606 -16.902721
v -61.095798 0.931197 -17.594282
v -58.169670 0.467750 -17.878897
v -54.201923 0.070785 -16.644920
v -51.001072 -0.015300 -17.632030
v -48.002232 -0.221986 -16.397249
v -43.638870 -0.276459 -16.437325
v -41.501869 -0.513212 -16.707005
v -37.864262 -0.210416 -16.834803
v -33.259083 -0.211101 -16.482319
v -29.883116 -0.015448 -16.500689
v -27.383795 0.130819 -16.340626
v -24.054487 0.532017 -16.839386
v -20.874216 0.385183 -16.512609
v -17.135023 0.102575 -17.652250
v -13.134796 -1.741599 -16.712017
v -9.764533 -2.051513 -16.991850
v -6.511091 -2.303449 -17.500193
v -3.656153 -2.297708 -17.796938
v -0.380924 -2.468622 -17.279806
v 3.897550 -2.335639 -16.219851
v 6.937838 -2.175670 -16.782034
v 9.805211 -2.263810 -16.583532
v 13.723749 -1.226323 -17.502180
v 16.888376 -0.098217 -17.599426
v 20.107050 0.148940 -17.306046
v 24.104677 -0.105250 -17.391085
v 27.082825 -0.159134 -17.838093
v 30.396963 -0.162273 -16.852081
v 33.820412 0.015564 -16.479780
v 37.557224 0.279703 -17.083605
v 41.631821 0.505035 -16.385872
v 43.536892 0.659432 -16.889227
v 48.360764 0.723046 -17.347517
v 50.962994 0.578387 -17.178156
v 55.166084 0.549476 -17.564709
v 57.326633 0.367223 -17.354246
v 61.364666 0.345749 -17.762463
v 65.210144 1.693100 -17.623219
v 68.863426 4.449978 -16.381758
v 71.957710 7.506524 -17.247690
v 75.000000 11.434937 -16.266617
v -75.000000 11.108376 -21.038187
v -72.107353 7.893175 -19.957504
v -67.864998 4.440631 -21.309229
v -65.025238 2.437863 -20.813528
v -60.754166 0.627784 -20.139799
v -57.721909 0.298278 -19.804316
v -55.339077 0.201541 -20.356806
v -50.583088 -0.125663 -19.625834
v -48.428291 -0.376961 -19.958591
v -44.605999 -0.592199 -20.150410
v -41.416939 -0.749886 -20.982786
v -36.889072 -0.572127 -21.010256
v -34.936024 -0.634662 -20.955105
v -30.673412 -0.308348 -20.317585
v -27.038710 0.160883 -20.858700
v -24.043385 0.409726 -20.476299
v -20.947237 0.693316 -21.116322
v -16.497946 0.287551 -21.284958
v -12.761105 -0.650292 -19.683031
v -10.886534 -0.814156 -20.371689
v -6.443038 -1.648661 -20.372919
v -3.967243 -1.877904 -20.279724
v -0.550426 -1.744862 -20.879333
v 3.298602 -1.876506 -19.910412
v 6.272303 -1.700689 -20.032637
v 10.589481 -0.289479 -21.305969
v 14.443318 0.243032 -21.210445
v 17.440578 0.062399 -19.667458
v 19.577969 0.334033 -21.108955
v 24.097980 -0.062416 -20.029369
v 26.667294 0.080237 -20.692554
v 30.332169 -0.209988 -19.634178
v 33.830379 0.162538 -21.172716
v 37.419102 0.155275 -19.738417
v 40.286072 0.484513 -20.953991
v 45.201210 0.770343 -21.195644
v 47.684517 0.586605 -21.033983
v 50.432327 0.678765 -20.568693
v 54.022175 0.410643 -20.008038
v 58.690517 0.406074 -20.832932
v 62.228634 0.506081 -20.340689
v 64.564201 1.408747 -21.015909
v 67.522720 3.153706 -19.577721
v 71.744537 7.171835 -20.236576
v 75.000000 11.426215 -21.049105
v -75.000000 11.021371 -23.798321
v -70.890663 6.561278 -23.925169
v -68.499756 4.781874 -24.087885
v -64.800575 2.222111 -24.114681
v -61.825493 0.947050 -24.594072
v -58.667313 0.252901 -24.027840
v -55.085625 0.156356 -23.785173
v -50.890884 -0.260716 -24.236216
v -48.505669 -0.573088 -24.267700
v -44.370995 -0.587648 -23.684029
v -40.524361 -0.613261 -23.395260
v -37.154343 -0.691138 -23.812725
v -33.354660 -0.520923 -24.041969
v -31.152334 -0.306640 -24.739958
v -27.466579 0.182830 -24.382135
v -23.622620 0.256227 -24.298531
v -21.185709 0.596191 -24.720711
v -17.876934 0.526254 -23.051266
v -12.861127 0.328885 -23.358902
v -9.452634 0.283253 -24.113192
v -7.244861 -0.124137 -23.239782
v -2.946271 -0.582833 -23.150509
v 0.377965 -0.654408 -23.300127
v 2.802168 -0.114737 -23.885468
v 7.334699 0.321659 -24.565039
v 9.331345 0.305114 -24.496185
v 14.214804 0.496649 -23.868095
v 17.215664 0.348613 -24.402752
v 19.652172 0.267734 -23.945488
v 23.678165 0.176440 -22.977377
v 26.416058 0.106649 -24.457033
v 30.606199 0.037495 -23.183516
v 33.563755 -0.022025 -23.735926
v 38.357620 0.337057 -23.946648
v 40.178352 0.600200 -24.277952
v 44.945168 0.644469 -23.146189
v 47.372181 0.580714 -24.335997
v 51.327938 0.723660 -24.725065
v 53.657955 0.485249 -23.098631
v 58.300983 0.332946 -24.041416
v 61.283760 0.399034 -23.696947
v 65.040169 1.627862 -24.613167
v 68.715614 4.316124 -24.606808
v 71.980919 7.592048 -23.018759
v 75.000000 11.229497 -24.493599
v -75.000000 11.026910 -27.953377
v -70.793961 6.231436 -27.167858
v -68.627052 4.341807 -26.913692
v -65.088783 2.182432 -26.543219
v -60.498062 0.531132 -27.549961
v -57.482346 0.273984 -27.879011
v -54.090607 -0.102066 -26.866282
v -51.294014 -0.302395 -26.410395
v -47.031963 -0.516083 -28.030354
v -43.831429 -0.403389 -27.767660
v -40.378811 -0.647810 -27.330359
v -36.914204 -0.448286 -26.937336
v -34.330082 -0.242373 -27.339832
v -31.291811 -0.181774 -27.328381
v -27.203596 -0.010360 -28.061028
v -23.118828 0.419930 -27.614361
v -21.193192 0.346705 -26.754997
v -16.313690 0.460996 -26.397266
v -13.247906 0.390754 -28.154192
v -10.338886 0.546620 -27.609110
v -6.375333 0.329802 -27.728367
v -3.846255 0.260027 -26.422546
v -0.523412 0.375774 -26.839865
v 3.667025 0.469704 -27.436762
v 6.994329 0.536655 -27.623577
v 9.442367 0.414004 -26.493170
v 13.387071 0.496256 -26.628746
v 17.034103 0.428049 -28.117905
v 20.046762 0.107151 -27.757711
v 23.143799 0.055505 -26.918425
v 27.613863 0.039439 -27.173597
v 29.952543 -0.070836 -28.050884
v 34.689026 0.248146 -26.427982
v 37.007259 0.353655 -27.911751
v 41.216393 0.358650 -26.872496
v 43.760090 0.441554 -28.001526
v 48.013924 0.615853 -27.429295
v 50.561462 0.456900 -26.631315
v 55.414318 0.434137 -27.062149
v 58.079865 0.123835 -26.774593
v 60.490311 0.042477 -27.907316
v 65.606270 1.949415 -27.027267
v 67.530869 3.155623 -27.791090
v 71.350128 6.702780 -27.314217
v 75.000000 11.316825 -26.819654
v -75.000000 11.216585 -30.295326
v -71.114288 6.303080 -30.184990
v -68.687584 4.018126 -30.473349
v -64.518166 1.523310 -30.631046
v -62.172607 0.603105 -30.976368
v -58.431881 0.030289 -29.834732
v -55.236935 -0.047268 -30.609739
v -51.867645 -0.248839 -29.993809
v -48.314400 -0.406276 -30.197168
v -45.005222 -0.489265 -29.904053
v -40.964588 -0.323750 -31.467682
v -38.271271 -0.298920 -30.182152
v -33.977737 -0.115935 -31.348213
v -30.037558 -0.031038 -29.979910
v -27.228016 -0.152714 -30.213350
v -23.207241 -0.009099 -30.164116
v -20.876999 0.097626 -31.445192
v -16.629065 0.337411 -29.915808
v -13.964285 0.454581 -30.151423
v -10.477048 0.614596 -29.997297
v -6.851335 0.356872 -30.105774
v -3.133739 0.403723 -30.708210
v -0.053453 0.606513 -31.114647
v 2.930454 0.666655 -30.680016
v 7.090230 0.747248 -30.042889
v 11.029313 0.631496 -31.114494
v 13.398277 0.299529 -31.406719
v 16.553858 0.365559 -30.858147
v 19.702084 -0.038812 -30.172365
v 23.753868 -0.143328 -30.034697
v 27.720800 0.039242 -30.831770
v 30.505409 -0.181201 -31.004240
v 34.898026 0.129913 -30.201405
v 37.520977 0.238874 -31.488787
v 41.794430 0.309297 -30.900021
v 44.919239 0.595956 -30.145258
v 47.649120 0.549713 -30.189133
v 50.815578 0.268634 -30.514387
v 54.849060 0.186730 -29.823143
v 57.346291 -0.152628 -31.272274
v 61.557209 0.186124 -30.245949
v 64.884102 1.354062 -31.062944
v 67.714615 3.528520 -29.998789
v 70.959381 6.431193 -30.028570
v 75.000000 11.365123 -30.828367
v -75.000000 11.289170 -33.293381
v -72.189400 7.716105 -34.244972
v -68.345741 3.887648 -34.789986
v -64.124329 1.035800 -34.913391
v -60.568008 -0.117831 -33.924862
v -57.207947 -0.316117 -33.378300
v -54.924107 -0.107105 -33.711056
v -50.469551 -0.341499 -33.947067
v -47.099403 -0.309591 -34.643597
v -44.295135 -0.400507 -33.400784
v -40.624466 -0.120187 -34.246239
v -36.782215 -0.231724 -34.923187
v -34.854069 -0.120233 -34.806488
v -31.255070 -0.236706 -34.436691
v -27.746927 -0.156423 -33.850193
v -23.544317 -0.017839 -33.323078
v -20.230892 0.008724 -34.039940
v -16.506176 0.145560 -33.208210
v -13.316071 0.259530 -34.467335
v -10.802828 0.384060 -34.916191
v -7.298948 0.592694 -33.966064
v -3.936215 0.673670 -33.927326
v 0.720164 0.672752 -33.609406
v 3.156518 0.658083 -34.384918
v 6.147799 0.473640 -33.591537
v 9.806123 0.344238 -33.255119
v 13.467420 0.091403 -33.948326
v 17.193691 -0.027793 -34.887196
v 20.194769 -0.175438 -34.458897
v 23.279394 -0.344668 -34.057980
v 27.589460 -0.174931 -33.480602
v 31.514290 0.097955 -34.571114
v 34.346668 0.169906 -34.333168
v 38.339378 0.323159 -33.544258
v 40.550617 0.383693 -33.651291
v 44.500210 0.343625 -34.720287
v 47.887131 0.045704 -33.547882
v 51.199100 -0.072618 -34.497032
v 53.771549 -0.107484 -33.199463
v 58.307148 -0.271540 -33.197994
v 60.940880 0.058242 -34.470890
v 63.907497 1.078077 -33.396523
v 69.027756 4.508446 -33.458420
v 71.631096 7.172941 -33.767200
v 75.000000 11.225066 -34.052830
v -75.000000 11.257236 -36.698963
v -72.198479 7.776301 -36.764511
v -67.827888 3.502156 -37.073311
v -64.360939 1.211521 -37.215057
v -61.924526 0.300063 -38.272148
v -58.762295 -0.182316 -36.877060
v -54.752033 -0.444722 -37.890617
v -50.601490 -0.526820 -38.043591
v -47.572083 -0.292875 -36.944332
v -43.770958 -0.283630 -38.024284
v -41.641109 -0.099884 -37.794220
v -38.151226 -0.042922 -36.946899
v -34.796696 -0.118460 -37.741131
v -31.116457 -0.108051 -37.362259
v -26.868757 -0.149843 -36.655628
v -24.365873 -0.216721 -37.123451
v -20.110369 -0.102699 -37.706497
v -17.577105 -0.061678 -37.160046
v -14.066943 -0.024208 -36.883224
v -9.738889 0.255214 -38.088585
v -5.992503 0.265512 -38.029846
v -3.741269 0.248873 -37.898140
v 0.196582 0.349474 -36.760448
v 3.433831 0.573437 -36.872253
v 7.497290 0.175100 -37.431160
v 9.542525 0.170051 -37.512238
v 13.389479 -0.041638 -37.889381
v 17.541227 -0.299361 -36.791187
v 20.251192 -0.349182 -37.470348
v 24.166996 -0.319231 -36.999386
v 27.231142 -0.081509 -37.882206
v 30.450830 0.108762 -37.404320
v 34.871964 0.040443 -37.713741
v 37.420311 0.145561 -37.746254
v 40.076374 0.338674 -38.366081
v 43.650299 0.194807 -37.438564
v 47.367237 0.112514 -36.723373
v 51.623741 -0.343800 -37.387238
v 54.354408 -0.168972 -36.769276
v 57.146759 -0.349856 -37.118454
v 60.706715 -0.358694 -36.791790
v 64.167900 1.145601 -37.557339
v 67.586227 3.418079 -36.912628
v 71.457321 6.934504 -37.208458
v 75.000000 11.487047 -37.037086
v -75.000000 11.168029 -40.219662
v -71.157722 6.516387 -41.614239
v -68.230835 3.694442 -41.730610
v -65.153053 1.690988 -40.846516
v -60.942448 -0.037321 -40.242439
v -57.129707 -0.215514 -40.201694
v -54.835526 -0.458812 -40.455357
v -51.191776 -0.553048 -41.792118
v -47.089123 -0.455112 -40.587326
v -43.877640 -0.286975 -40.623974
v -41.055935 0.062172 -41.488106
v -37.365192 0.109122 -40.027843
v -33.899158 0.182889 -41.628014
v -30.993107 0.057186 -41.536385
v -27.693970 -0.228067 -40.667606
v -24.128450 -0.423524 -40.689934
v -20.945686 -0.327511 -41.646255
v -16.800991 -0.124211 -41.606220
v -14.096489 -0.022979 -41.664345
v -9.344116 0.126327 -41.319607
v -6.254753 0.222249 -40.464886
v -3.623880 0.045652 -41.520561
v 0.070422 0.325663 -40.614632
v 3.130597 0.217879 -41.528049
v 7.500100 0.186103 -40.259453
v 10.666924 -0.083572 -41.227577
v 12.822770 -0.197965 -41.575375
v 16.965712 -0.200895 -40.619858
v 20.962570 -0.391546 -41.574821
v 23.576429 -0.403385 -40.457916
v 26.961573 -0.057899 -40.055878
v 30.190596 -0.105209 -40.136272
v 34.524902 0.191954 -40.366287
v 37.323318 0.399652 -41.453415
v 40.566883 0.331094 -41.147240
v 44.265038 0.147118 -41.628490
v 47.388023 -0.078293 -41.582199
v 50.426960 -0.198951 -41.066574
v 54.578819 -0.547262 -40.880341
v 58.639381 -0.724139 -41.207062
v 61.115891 -0.091206 -40.662998
v 65.125359 1.711993 -40.233841
v 67.344620 3.135150 -41.072662
v 71.982368 7.524601 -40.781868
v 75.000000 11.472362 -40.951721
v -75.000000 11.265407 -44.838146
v -72.090714 7.855301 -44.758850
v -68.687599 4.700745 -45.007782
v -64.892487 1.886925 -44.103249
v -60.590054 0.022490 -43.781288
v -58.262280 -0.233087 -44.736153
v -54.461094 -0.314576 -44.318737
v -51.778507 -0.294226 -45.140179
v -47.617298 -0.520756 -44.849567
v -43.579834 -0.130808 -44.410683
v -40.245842 0.108687 -44.069267
v -38.026691 0.062506 -43.460346
v -33.373310 0.225449 -45.038998
v -30.662380 0.043576 -45.096912
v -27.914103 -0.001564 -44.554111
v -24.000706 -0.300554 -44.501987
v -20.857721 -0.241369 -44.174671
v -17.102531 -0.346778 -43.584427
v -13.923989 -0.039585 -44.708611
v -10.700576 -0.051163 -43.878304
v -7.402354 0.100404 -44.503441
v -3.945493 0.064355 -44.472103
v 0.448590 0.037981 -44.699940
v 2.999665 0.058923 -44.927219
v 6.012786 -0.149952 -45.117611
v 9.482681 -0.091344 -43.543526
v 13.956106 -0.273687 -43.673977
v 17.295134 -0.266789 -45.213882
v 20.934395 -0.329275 -43.859394
v 23.253849 -0.146792 -44.156414
v 26.918467 -0.117988 -43.709652
v 29.934795 0.081007 -43.765804
v 34.099121 0.290341 -43.748661
v 37.391685 0.357793 -45.169559
v 41.709766 0.131652 -44.266754
v 44.483727 -0.014036 -43.678558
v 46.959198 0.099791 -44.680595
v 50.962482 -0.359221 -44.055550
v 54.279037 -0.545542 -44.661446
v 57.328739 -0.580211 -44.973999
v 60.475182 -0.312771 -44.947281
v 64.510780 1.353990 -44.552101
v 68.004784 3.620877 -44.196800
v 71.688507 7.342016 -44.611111
v 75.000000 11.207538 -45.126934
v -75.000000 12.003172 -47.485806
v -71.067078 7.329656 -47.889324
v -68.469711 4.924845 -48.527985
v -64.948181 2.111185 -47.155621
v -60.648090 0.185597 -48.268169
v -58.272762 -0.042991 -47.690598
v -54.791252 -0.336887 -48.438549
v -51.078819 -0.421022 -48.500179
v -47.768826 -0.493112 -47.425999
v -44.121712 -0.369310 -48.242012
v -41.142216 -0.141886 -47.525154
v -36.756649 0.021393 -47.797375
v -34.392647 0.026242 -48.305885
v -30.339884 -0.041967 -46.866447
v -28.065670 -0.102779 -48.277317
v -24.353260 -0.217577 -46.930939
v -20.034389 -0.014745 -48.123528
v -16.240957 0.018223 -47.818890
v -14.375093 -0.106305 -48.492455
v -10.779992 0.048465 -48.173771
v -7.023813 0.066051 -46.994984
v -2.952724 0.094432 -47.901867
v -0.831427 -0.173320 -46.927982
v 2.548327 -0.042093 -48.102196
v 6.120389 -0.228407 -47.118931
v 10.423938 0.011778 -48.037754
v 13.385523 -0.105238 -48.589497
v 16.849075 -0.196341 -47.283245
v 21.308842 0.092638 -48.618088
v 23.278820 -0.124509 -47.151096
v 27.004557 0.040782 -48.154194
v 30.736206 0.185800 -48.052551
v 33.982155 0.437073 -48.250927
v 37.412857 0.453531 -48.413754
v 40.615662 0.472261 -47.539955
v 44.965130 0.213065 -48.473984
v 47.083725 -0.006742 -47.142361
v 51.479584 -0.189111 -46.835564
v 55.060200 -0.565785 -47.753986
v 58.491100 -0.455811 -47.572666
v 61.489426 -0.046992 -48.138367
v 65.600632 2.012038 -48.547184
v 68.389175 3.917153 -47.396702
v 71.175018 6.662561 -48.454086
v 75.000000 11.277806 -48.245918
v -75.000000 12.729453 -52.019775
v -71.918015 8.619836 -51.599968
v -67.982224 4.791987 -50.521587
v -64.792992 2.503427 -50.731567
v -62.114288 0.982540 -51.910748
v -58.586193 0.040733 -51.606258
v -53.812473 -0.378678 -51.292107
v -50.356319 -0.401796 -50.393448
v -48.442051 -0.604958 -50.734314
v -43.649899 -0.203894 -51.031605
v -41.347202 -0.064817 -51.550953
v -38.224361 0.132494 -51.125309
v -34.604805 0.109781 -51.414139
v -30.914892 0.296831 -51.892265
v -26.376503 0.012502 -51.004532
v -23.308357 -0.110500 -51.601723
v -19.800091 0.017412 -50.958630
v -17.094460 -0.030274 -50.449856
v -14.275547 -0.216211 -51.459553
v -9.348358 0.041290 -51.210072
v -7.482100 -0.047931 -51.382717
v -3.860703 -0.118476 -51.703243
v -0.039759 0.089671 -50.392765
v 4.116918 -0.048303 -50.298306
v 6.762436 0.083159 -51.530022
v 9.945079 -0.034502 -51.915379
v 12.982298 -0.025814 -51.702816
v 16.480137 0.059812 -51.136631
v 19.849375 0.195486 -51.910210
v 24.378189 0.316610 -50.686703
v 26.770809 0.324974 -51.867954
v 31.529734 0.430075 -51.624466
v 34.150238 0.407220 -51.775066
v 36.777004 0.521724 -51.881115
v 41.236687 0.298844 -51.576874
v 44.252167 0.453720 -51.717621
v 48.489098 0.140965 -50.525265
v 51.233776 -0.150047 -50.965626
v 53.892231 -0.176950 -51.082867
v 57.536674 -0.284722 -50.898155
v 61.835022 0.084262 -51.297253
v 65.467667 1.937845 -50.898190
v 69.048805 4.461047 -50.488976
v 72.431183 7.846340 -50.929436
v 75.000000 10.904417 -50.801308
v -75.000000 12.711152 -54.013687
v -71.979279 8.849936 -54.778519
v -67.375000 4.081111 -54.879288
v -63.963810 1.754487 -54.786690
v -60.711018 0.246786 -54.851254
v -57.765877 0.030773 -54.185963
v -55.005867 -0.482053 -55.396652
v -52.018650 -0.555376 -54.641144
v -47.713837 -0.359735 -53.858147
v -44.013866 -0.116979 -54.877079
v -40.023277 0.106536 -54.866241
v -38.396805 0.086826 -53.734089
v -33.246590 0.276548 -54.208855
v -31.565901 0.363663 -54.393791
v -27.111618 -0.049263 -55.129272
v -24.398724 0.056495 -53.968086
v -21.171564 -0.176304 -55.323185
v -16.360580 -0.166221 -54.573467
v -12.796829 -0.011228 -54.374580
v -11.006166 0.105280 -55.140198
v -7.519276 -0.033934 -54.988705
v -4.042829 0.133805 -54.301064
v 0.816394 0.286744 -55.434547
v 3.631018 0.028282 -54.821644
v 7.225105 0.120465 -54.637733
v 10.947423 0.085923 -54.104580
v 13.021067 0.243688 -53.914314
v 17.587015 0.286827 -53.933521
v 20.588524 0.317234 -54.654293
v 23.942097 0.175166 -53.672668
v 27.133520 0.416152 -54.071617
v 30.217266 0.276055 -55.128609
v 33.357563 0.343493 -54.504864
v 37.203938 0.298619 -55.022655
v 41.215107 0.378181 -55.147957
v 44.323750 0.427477 -55.308018
v 47.152927 0.168318 -53.770561
v 50.833313 0.175433 -53.805382
v 54.407921 -0.001013 -54.200794
v 58.740482 -0.232692 -54.085346
v 61.013260 0.204832 -54.229183
v 65.143898 1.519040 -54.417374
v 67.363571 3.119319 -53.865814
v 71.857368 7.326430 -53.927307
v 75.000000 11.259856 -53.750553
v -75.000000 12.632267 -57.658173
v -71.154411 7.467863 -58.344742
v -68.779243 4.882723 -58.259823
v -64.482513 1.912896 -57.219177
v -62.257210 0.579692 -57.455456
v -58.497452 -0.126709 -57.212612
v -53.656521 -0.537931 -57.657494
v -50.829166 -0.519002 -57.455215
v -47.388103 -0.478096 -57.829830
v -45.091358 -0.081019 -58.031975
v -40.153179 0.111688 -57.234337
v -37.520802 0.325128 -57.403786
v -34.098812 0.350564 -58.510342
v -29.900812 0.320004 -58.520706
v -27.918390 0.096617 -57.925167
v -23.529354 0.001273 -58.309994
v -19.597206 -0.054135 -57.135960
v -16.503878 -0.179425 -57.257748
v -14.439596 -0.044616 -58.103951
v -10.500917 -0.073629 -58.306404
v -6.436190 0.225530 -57.553020
v -3.520795 0.025466 -57.061031
v 0.406999 0.242134 -58.611050
v 2.788775 0.281897 -58.624252
v 6.125553 0.308316 -57.739613
v 9.333793 0.260239 -57.130726
v 14.310745 0.404963 -58.847984
v 17.781464 0.588030 -58.469460
v 20.613352 0.523457 -58.799381
v 24.669750 0.313462 -58.073086
v 27.306458 0.303181 -57.923889
v 30.454485 0.329048 -57.973446
v 33.591492 0.297851 -57.553902
v 37.507000 0.365569 -57.808357
v 40.342880 0.293361 -58.011841
v 44.804272 0.534449 -58.321175
v 47.758587 0.538725 -57.502686
v 51.155861 0.247650 -57.729866
v 54.369106 0.304794 -58.330170
v 57.923187 0.002376 -58.370556
v 61.277294 0.176841 -57.698853
v 64.519760 1.471492 -58.413036
v 67.655098 3.590288 -57.475399
v 71.869179 7.827333 -58.271660
v 75.000000 11.635235 -58.302853
v -75.000000 12.388863 -60.573208
v -72.432648 8.407912 -62.195206
v -67.875450 3.494717 -62.203381
v -65.259979 1.565781 -61.070087
v -60.831448 0.131546 -61.790436
v -58.189869 -0.145882 -60.949387
v -54.163750 0.212145 -62.075321
v -50.474579 -0.105532 -61.254292
v -48.061989 0.200878 -62.217197
v -44.934143 0.218539 -60.969318
v -40.274170 0.630167 -61.060333
v -36.796688 0.760271 -61.232639
v -33.599983 0.787939 -61.138004
v -29.956795 0.775977 -61.254795
v -27.101234 0.345100 -60.923138
v -24.061535 0.138511 -61.146347
v -20.685366 0.268246 -61.833885
v -16.722208 0.123041 -61.587860
v -14.499678 0.271197 -61.677456
v -10.598443 0.211486 -60.823982
v -6.081492 0.283648 -60.883652
v -3.274724 0.249331 -61.043243
v -0.314398 0.592239 -61.623554
v 3.427155 0.333055 -60.683853
v 6.478572 0.589504 -61.213238
v 10.951422 0.817480 -60.672447
v 13.169050 1.055811 -62.005486
v 17.202494 0.783089 -61.142612
v 20.988064 1.070014 -61.922466
v 24.360746 0.974750 -61.326107
v 26.470610 0.595518 -61.148209
v 30.906712 0.746161 -61.863907
v 34.177944 0.535811 -61.160664
v 36.788288 0.518713 -60.931618
v 40.801865 0.815538 -62.251026
v 44.249523 0.594142 -60.846153
v 46.995586 0.703633 -60.627403
v 51.015026 0.784553 -61.377659
v 54.909016 0.789266 -61.392628
v 57.359158 0.505672 -61.382721
v 61.132904 0.439784 -62.013794
v 65.452415 1.952998 -61.107635
v 68.388496 4.256554 -61.477676
v 70.842934 6.781287 -62.183041
v 75.000000 11.894724 -60.669540
v -75.000000 11.799549 -64.830322
v -71.899719 7.106716 -65.393753
v -68.330475 3.826817 -65.595139
v -64.949081 1.546925 -64.164299
v -61.067013 1.293862 -64.676125
v -58.435646 1.678669 -65.294662
v -53.948017 1.309421 -64.547623
v -51.984596 1.236350 -64.268204
v -47.399101 1.583816 -65.088982
v -44.367962 1.178150 -64.228271
v -40.647655 2.292261 -65.121651
v -37.239784 2.199501 -64.117821
v -34.681950 2.685898 -64.789886
v -30.590647 2.171989 -64.113953
v -27.062870 1.733991 -64.115288
v -23.542107 1.814862 -64.855865
v -19.950674 1.447021 -64.901375
v -17.148912 1.761639 -65.366997
v -13.180737 1.281994 -64.527954
v -9.381640 1.779146 -65.352608
v -7.526489 1.389655 -64.974068
v -2.628048 1.970537 -65.622421
v -0.418367 1.745888 -65.395180
v 3.999273 1.588594 -64.810013
v 7.520663 2.032933 -64.664780
v 10.566536 2.370502 -64.831650
v 13.101835 2.772828 -65.490143
v 16.192318 2.224973 -64.478561
v 19.684402 2.559049 -64.996201
v 23.251068 2.103341 -64.399376
v 28.028919 2.476427 -65.502419
v 31.563475 1.731126 -64.665070
v 33.696594 2.140730 -65.540421
v 37.917896 1.405019 -64.282516
v 41.674217 2.179520 -64.866623
v 44.969746 2.107687 -64.131035
v 47.662476 2.803632 -65.287651
v 50.590439 2.859694 -65.594162
v 54.986191 2.342966 -65.368950
v 58.305607 1.605576 -64.585693
v 60.854725 2.015686 -65.590027
v 64.790451 1.444701 -64.775017
v 68.638214 4.640213 -65.213989
v 71.333405 7.331316 -64.250252
v 75.000000 12.000672 -65.190674
v -75.000000 11.682060 -68.012718
v -72.213547 7.540604 -68.935204
v -68.169563 4.139553 -68.698395
v -64.372269 3.712189 -67.917755
v -62.093803 3.579586 -67.778557
v -57.986225 3.762413 -67.960205
v -55.053513 3.669151 -68.069099
v -50.598755 3.534268 -67.738884
v -47.633411 3.871483 -68.364540
v -44.992374 4.206900 -68.680832
v -40.256104 5.293230 -68.697281
v -36.932678 5.271956 -68.067848
v -33.275871 4.906949 -67.622192
v -30.840317 5.347041 -68.199036
v -27.774586 5.664013 -68.841629
v -24.495594 4.018874 -67.611153
v -21.012627 4.080324 -68.136902
v -17.154043 3.822732 -68.188492
v -14.506260 4.191835 -68.955734
v -11.058316 4.104857 -68.663406
v -6.749951 3.371300 -67.673538
v -3.757564 3.957711 -68.590294
v 0.131105 3.872773 -68.448624
v 3.372989 3.083157 -67.399254
v 7.162472 3.513104 -67.557922
v 10.646793 3.996531 -67.463806
v 14.303099 4.140482 -67.372711
v 16.296772 4.529545 -67.736641
v 20.435387 4.656853 -67.732483
v 23.794348 4.778719 -67.950607
v 27.673618 3.740443 -67.487167
v 29.796696 3.781948 -67.874535
v 34.445801 4.461886 -68.686417
v 36.976223 3.415110 -67.347824
v 40.750248 4.945501 -68.957771
v 43.980629 4.280500 -67.412659
v 47.749111 4.879810 -68.075073
v 51.619835 5.279145 -68.777306
v 53.966152 4.519566 -68.013184
v 57.788422 4.338932 -68.471474
v 61.294075 3.801199 -68.316505
v 64.876083 4.141206 -68.838356
v 67.945923 4.720140 -68.866951
v 70.714821 6.636357 -68.410492
v 75.000000 11.937491 -68.799377
v -75.000000 11.576665 -70.926659
v -71.208038 7.292950 -72.001892
v -67.925110 7.522218 -71.873062
v -65.633308 7.071017 -71.485832
v -61.188663 6.955456 -71.297012
v -57.647915 7.095419 -71.207382
v -54.895164 7.569658 -71.673431
v -51.828331 7.554298 -72.006950
v -46.941990 6.012403 -70.736191
v -44.554516 6.619546 -71.014343
v -40.906704 7.764896 -71.437790
v -37.459003 8.462598 -71.231110
v -34.301338 8.843241 -71.474487
v -29.837973 8.608877 -71.270103
v -26.674101 8.346375 -71.398643
v -24.261831 7.152162 -70.888062
v -20.546415 8.358709 -72.264000
v -17.152586 7.689109 -72.063988
v -14.261595 6.840137 -71.625565
v -9.437983 7.694977 -72.306198
v -6.708647 6.716347 -71.440125
v -3.509269 7.872729 -72.339035
v 0.155029 7.394495 -71.969528
v 4.172536 6.145841 -70.887444
v 7.206729 5.962929 -70.725708
v 9.555230 7.138959 -71.542969
v 13.008374 7.367389 -71.091324
v 16.308414 7.912633 -71.040977
v 19.801054 9.426195 -72.168953
v 23.417019 8.079851 -71.124680
v 26.457165 8.421532 -72.026863
v 31.482019 7.095175 -71.425720
v 34.744804 6.161707 -70.871696
v 37.848408 7.300954 -71.748604
v 40.509163 7.226266 -71.585312
v 44.204952 7.462191 -71.197861
v 47.365612 7.705602 -71.185577
v 50.390366 8.549227 -72.133034
v 54.057430 6.995633 -70.897797
v 57.961540 7.692150 -71.986023
v 61.205673 7.786215 -72.297554
v 65.638626 8.047101 -72.297508
v 68.979713 7.033148 -71.153847
v 71.792351 7.991055 -71.058105
v 75.000000 12.044484 -71.856728
v -75.000000 11.640557 -75.000000
v -72.347755 11.166748 -75.000000
v -68.765999 11.262111 -75.000000
v -64.563553 11.512488 -75.000000
v -61.431038 11.809656 -75.000000
v -58.681782 11.831343 -75.000000
v -55.257374 11.666597 -75.000000
v -50.867348 11.359700 -75.000000
v -48.549644 10.959281 -75.000000
v -43.489891 11.843406 -75.000000
v -41.044392 12.259048 -75.000000
v -37.146870 12.986352 -75.000000
v -33.820522 13.155964 -75.000000
v -30.556654 13.137572 -75.000000
v -27.834471 13.010715 -75.000000
v -23.026876 12.316447 -75.000000
v -19.567930 11.853034 -75.000000
v -16.435066 11.388301 -75.000000
v -13.199457 11.114143 -75.000000
v -9.437833 11.265979 -75.000000
v -6.135418 11.230949 -75.000000
v -2.891698 11.396874 -75.000000
v -0.337528 11.429590 -75.000000
v 3.947092 11.478127 -75.000000
v 7.438550 11.115462 -75.000000
v 9.633812 11.310139 -75.000000
v 13.758755 12.359178 -75.000000
v 16.751272 12.875917 -75.000000
v 19.833145 13.303338 -75.000000
v 23.366205 13.079713 -75.000000
v 26.965088 12.340361 -75.000000
v 30.326544 11.434104 -75.000000
v 33.901592 10.870257 -75.000000
v 37.383976 11.045622 -75.000000
v 40.031841 11.133466 -75.000000
v 44.093475 11.247141 -75.000000
v 48.555939 11.649289 -75.000000
v 50.691750 11.607727 -75.000000
v 53.824631 11.734500 -75.000000
v 58.102154 11.479095 -75.000000
v 60.906754 11.320565 -75.000000
v 65.618889 11.450536 -75.000000
v 69.062836 11.927130 -75.000000
v 70.915207 12.038677 -75.000000
v 75.000000 11.785447 -75.000000
vn 0.1781 0.9741 0.1392
vn 0.1842 0.6923 -0.6977
vn 0.0718 0.6113 -0.7881
vn 0.0456 0.6549 -0.7544
vn -0.0011 0.6184 -0.7859
vn 0.0343 0.6311 -0.7750
vn 0.0334 0.6086 -0.7928
vn -0.0083 0.6661 -0.7458
vn 0.0439 0.6554 -0.7540
vn -0.0893 0.6300 -0.7715
vn 0.0183 0.6301 -0.7763
vn -0.0270 0.5918 -0.8056
vn -0.0472 0.5867 -0.8084
vn 0.0168 0.5872 -0.8093
vn 0.0132 0.5761 -0.8173
vn 0.0418 0.5666 -0.8229
vn 0.0697 0.5882 -0.8057
vn 0.0053 0.5984 -0.8012
vn 0.0766 0.6132 -0.7862
vn -0.0140 0.5967 -0.8024
vn 0.0046 0.6072 -0.7945
vn 0.0366 0.6041 -0.7961
vn -0.0403 0.6605 -0.7497
vn -0.0520 0.6874 -0.7244
vn 0.0475 0.7147 -0.6978
vn 0.0447 0.6826 -0.7294
vn 0.0475 0.7324 -0.6792
vn -0.0048 0.7437 -0.6685
vn -0.0476 0.7005 -0.7121
vn 0.0203 0.6553 -0.7551
vn -0.0666 0.6523 -0.7550
vn -0.0728 0.6552 -0.7520
vn -0.0692 0.6590 -0.7490
vn 0.1108 0.6560 -0.7466
vn 0.0426 0.6012 -0.7979
vn 0.0230 0.6184 -0.7855
vn 0.0116 0.5967 -0.8024
vn 0.0289 0.5963 -0.8023
vn 0.0742 0.6299 -0.7731
vn -0.1132 0.5720 -0.8124
vn -0.0367 0.6108 -0.7909
vn 0.0052 0.6382 -0.7698
vn 0.0401 0.6429 -0.7649
vn 0.0843 0.6566 -0.7495
vn 0.8359 0.5461 0.0547
vn 0.7499 0.6615 -0.0073
vn 0.0584 0.7549 -0.6532
vn -0.0184 0.7350 -0.6779
vn 0.0725 0.7377 -0.6713
vn -0.0342 0.7013 -0.7121
vn -0.0125 0.7153 -0.6987
vn -0.0135 0.7504 -0.6608
vn 0.0303 0.7545 -0.6556
vn 0.0229 0.7413 -0.6708
vn 0.0070 0.7105 -0.7037
vn -0.0434 0.6991 -0.7137
vn -0.0227 0.6867 -0.7266
vn 0.0187 0.6852 -0.7282
vn 0.0592 0.6795 -0.7313
vn 0.0410 0.6940 -0.7188
vn 0.0096 0.7229 -0.6909
vn 0.0245 0.7149 -0.6988
vn 0.0440 0.7513 -0.6585
vn -0.0236 0.7965 -0.6041
vn -0.0219 0.7832 -0.6214
vn -0.0062 0.7952 -0.6063
vn -0.0434 0.7852 -0.6178
vn -0.0281 0.7610 -0.6482
vn -0.0688 0.7508 -0.6569
vn -0.0225 0.7841 -0.6203
vn 0.0580 0.7583 -0.6493
vn 0.0695 0.7525 -0.6549
vn 0.0438 0.7667 -0.6405
vn -0.0419 0.7797 -0.6247
vn -0.0374 0.7666 -0.6410
vn -0.0492 0.7476 -0.6624
vn 0.0157 0.7461 -0.6656
vn 0.0438 0.7048 -0.7081
vn 0.0832 0.7064 -0.7029
vn 0.1084 0.6900 -0.7156
vn -0.0283 0.7425 -0.6692
vn 0.0202 0.7596 -0.6501
vn -0.0115 0.7155 -0.6985
vn -0.0629 0.7378 -0.6721
vn -0.0486 0.6949 -0.7175
vn 0.0106 0.6770 -0.7359
vn -0.6478 0.6157 -0.4486
vn -0.5566 0.8129 -0.1715
vn 0.8457 0.5337 -0.0027
vn 0.7432 0.6674 0.0476
vn 0.1913 0.9219 -0.3369
vn 0.0143 0.7986 -0.6017
vn -0.0630 0.8016 -0.5945
vn 0.0142 0.8428 -0.5381
vn -0.0522 0.8624 -0.5036
vn -0.0089 0.8134 -0.5817
vn 0.0022 0.8629 -0.5054
vn 0.1124 0.8554 -0.5057
vn 0.0735 0.8657 -0.4952
vn 0.0072 0.8381 -0.5455
vn -0.0393 0.8461 -0.5316
vn 0.0419 0.8198 -0.5712
vn 0.0509 0.7950 -0.6045
vn 0.0116 0.7710 -0.6367
vn 0.0294 0.7901 -0.6123
vn 0.0064 0.8504 -0.5260
vn -0.0648 0.8285 -0.5562
vn -0.0753 0.8258 -0.5589
vn -0.0389 0.8545 -0.5180
vn -0.0169 0.8192 -0.5732
vn -0.0726 0.8162 -0.5732
vn -0.0557 0.8415 -0.5373
vn 0.0025 0.8366 -0.5479
vn 0.0087 0.7861 -0.6180
vn -0.0125 0.8105 -0.5856
vn 0.0761 0.8323 -0.5490
vn 0.0517 0.8583 -0.5106
vn 0.0201 0.8377 -0.5458
vn -0.0030 0.8465 -0.5323
vn -0.0714 0.8158 -0.5739
vn 0.0427 0.8297 -0.5565
vn 0.0216 0.8188 -0.5736
vn 0.0688 0.8204 -0.5676
vn 0.1499 0.8128 -0.5629
vn 0.0684 0.8745 -0.4802
vn 0.0225 0.7781 -0.6278
vn 0.0475 0.8170 -0.5746
vn -0.0484 0.8641 -0.5010
vn -0.2638 0.7667 -0.5853
vn -0.5151 0.7343 -0.4420
vn -0.6770 0.7359 -0.0106
vn -0.7445 0.6657 -0.0508
vn 0.8441 0.5353 -0.0305
vn 0.7702 0.6374 -0.0196
vn 0.6352 0.7667 0.0933
vn 0.3254 0.9453 -0.0247
vn -0.0255 0.9503 -0.3104
vn -0.0847 0.9320 -0.3525
vn -0.0476 0.9584 -0.2814
vn -0.0267 0.9424 -0.3335
vn -0.0264 0.9460 -0.3231
vn 0.1622 0.9277 -0.3363
vn 0.0832 0.9582 -0.2736
vn 0.1325 0.9638 -0.2313
vn 0.0331 0.8977 -0.4393
vn 0.0010 0.9150 -0.4034
vn -0.0042 0.9335 -0.3586
vn 0.0033 0.9319 -0.3627
vn -0.0344 0.9366 -0.3488
vn -0.1331 0.9013 -0.4123
vn -0.0274 0.9421 -0.3343
vn -0.1127 0.9328 -0.3424
vn -0.0072 0.9181 -0.3962
vn -0.0533 0.9363 -0.3472
vn 0.0670 0.9335 -0.3521
vn -0.0715 0.9037 -0.4222
vn 0.0089 0.8934 -0.4491
vn -0.0112 0.8793 -0.4761
vn 0.0073 0.8943 -0.4475
vn 0.0646 0.8766 -0.4769
vn 0.0593 0.8941 -0.4440
vn 0.0268 0.9506 -0.3092
vn 0.0567 0.9652 -0.2554
vn -0.0511 0.9304 -0.3630
vn 0.0809 0.9299 -0.3589
vn 0.0240 0.9246 -0.3803
vn 0.1244 0.9105 -0.3943
vn 0.0752 0.9544 -0.2889
vn 0.0256 0.9389 -0.3432
vn 0.0586 0.9307 -0.3611
vn 0.0243 0.8935 -0.4484
vn -0.0101 0.9283 -0.3718
vn -0.2402 0.9373 -0.2524
vn -0.5817 0.8109 -0.0639
vn -0.6749 0.7364 -0.0481
vn -0.7271 0.6863 -0.0195
vn 0.8201 0.5678 -0.0708
vn 0.7509 0.6604 0.0062
vn 0.5961 0.8028 0.0092
vn 0.4206 0.9004 0.1110
vn 0.0755 0.9971 -0.0128
vn -0.1608 0.9868 0.0188
vn -0.1541 0.9755 -0.1569
vn 0.0282 0.9981 -0.0545
vn 0.0507 0.9884 -0.1429
vn 0.0961 0.9953 0.0130
vn 0.0663 0.9977 0.0156
vn 0.0422 0.9976 -0.0543
vn 0.0837 0.9963 -0.0206
vn -0.0035 0.9949 -0.1006
vn 0.0331 0.9895 -0.1410
vn 0.0037 0.9994 -0.0334
vn -0.0798 0.9949 -0.0621
vn -0.1095 0.9935 -0.0319
vn -0.0285 0.9985 -0.0475
vn 0.0529 0.9937 -0.0986
vn -0.0080 0.9997 -0.0236
vn 0.0829 0.9966 -0.0005
vn -0.0283 0.9797 -0.1984
vn -0.0316 0.9848 -0.1707
vn 0.0135 0.9872 -0.1592
vn 0.0388 0.9822 -0.1836
vn -0.0037 0.9742 -0.2258
vn -0.0287 0.9868 -0.1593
vn 0.0086 0.9903 -0.1387
vn 0.0197 0.9944 -0.1041
vn -0.0274 0.9898 -0.1401
vn 0.0007 0.9970 -0.0775
vn -0.0498 0.9818 -0.1831
vn 0.0523 0.9935 -0.1007
vn 0.0564 0.9863 -0.1551
vn 0.0877 0.9895 -0.1145
vn 0.0832 0.9879 -0.1305
vn -0.0183 0.9995 -0.0262
vn 0.0089 0.9973 -0.0729
vn -0.0138 0.9993 -0.0344
vn -0.3059 0.9518 0.0202
vn -0.5524 0.8297 -0.0807
vn -0.6778 0.7311 -0.0773
vn -0.7262 0.6779 -0.1139
vn 0.7966 0.6001 -0.0728
vn 0.7500 0.6614 0.0004
vn 0.6256 0.7799 0.0197
vn 0.3562 0.9344 -0.0076
vn 0.1791 0.9825 0.0511
vn 0.0086 0.9949 -0.1005
vn -0.1891 0.9795 0.0694
vn 0.0280 0.9984 -0.0490
vn -0.0850 0.9963 -0.0152
vn 0.0939 0.9936 -0.0629
vn 0.1287 0.9911 0.0338
vn -0.0158 0.9995 -0.0271
vn 0.0963 0.9940 0.0526
vn -0.0713 0.9974 -0.0055
vn -0.0018 0.9990 0.0446
vn -0.0470 0.9980 0.0417
vn -0.0492 0.9972 0.0571
vn -0.1226 0.9899 0.0714
vn -0.0341 0.9994 -0.0063
vn 0.0021 0.9998 -0.0204
vn -0.0122 0.9999 0.0009
vn 0.1458 0.9892 -0.0140
vn 0.0021 0.9990 -0.0453
vn 0.0092 0.9987 -0.0498
vn 0.0058 0.9963 -0.0858
vn -0.0069 0.9965 -0.0829
vn -0.0692 0.9976 -0.0013
vn -0.0148 0.9954 -0.0948
vn -0.0902 0.9868 -0.1344
vn 0.0442 0.9983 -0.0369
vn -0.0327 0.9994 0.0089
vn -0.0060 0.9999 -0.0109
vn 0.0215 0.9986 0.0481
vn 0.0744 0.9972 -0.0078
vn 0.0467 0.9982 -0.0377
vn 0.0272 0.9996 0.0007
vn 0.0301 0.9984 0.0479
vn -0.0143 0.9999 0.0084
vn 0.0484 0.9969 0.0628
vn -0.0071 0.9999 -0.0090
vn -0.3473 0.9359 -0.0590
vn -0.5566 0.8301 0.0345
vn -0.6779 0.7293 -0.0927
vn -0.7864 0.6175 0.0184
vn 0.7766 0.6213 -0.1038
vn 0.7308 0.6820 -0.0288
vn 0.5975 0.8018 -0.0025
vn 0.3954 0.9141 0.0893
vn 0.1964 0.9797 0.0399
vn -0.0673 0.9977 0.0029
vn -0.0050 0.9996 -0.0279
vn -0.0551 0.9985 -0.0047
vn 0.0381 0.9991 -0.0168
vn -0.0603 0.9974 -0.0395
vn 0.1205 0.9899 -0.0745
vn 0.0451 0.9972 0.0602
vn 0.0984 0.9951 -0.0032
vn -0.0586 0.9972 0.0470
vn 0.0011 0.9993 0.0364
vn -0.0159 0.9988 0.0461
vn -0.0259 0.9996 -0.0150
vn -0.0339 0.9979 0.0545
vn -0.0366 0.9983 0.0445
vn -0.0137 0.9975 0.0696
vn 0.0161 0.9998 -0.0082
vn 0.1118 0.9917 -0.0633
vn 0.0120 0.9997 -0.0201
vn 0.0192 0.9942 -0.1054
vn 0.0394 0.9971 -0.0643
vn 0.0431 0.9927 -0.1130
vn 0.0154 0.9907 -0.1348
vn -0.0533 0.9980 -0.0338
vn -0.0334 0.9994 -0.0005
vn -0.0351 0.9987 -0.0370
vn -0.0291 0.9994 0.0203
vn 0.0518 0.9984 0.0241
vn 0.0405 0.9938 -0.1040
vn 0.0593 0.9936 -0.0964
vn -0.0001 0.9995 0.0331
vn -0.0140 0.9998 0.0123
vn 0.0463 0.9983 -0.0346
vn -0.0142 0.9999 0.0067
vn 0.0611 0.9964 -0.0583
vn -0.0078 1.0000 -0.0028
vn -0.3520 0.9358 0.0184
vn -0.5552 0.8317 -0.0018
vn -0.6800 0.7293 0.0758
vn -0.7824 0.6179 0.0775
vn 0.7371 0.6735 -0.0560
vn 0.7047 0.7095 -0.0094
vn 0.6249 0.7780 0.0646
vn 0.4153 0.9093 -0.0249
vn 0.1905 0.9817 -0.0072
vn -0.0456 0.9989 -0.0048
vn 0.0112 0.9959 -0.0895
vn -0.0460 0.9953 -0.0849
vn -0.0061 0.9914 -0.1306
vn -0.0488 0.9939 -0.0986
vn -0.0219 0.9995 0.0242
vn 0.0307 0.9990 -0.0312
vn 0.0912 0.9958 -0.0038
vn -0.0587 0.9977 0.0324
vn -0.0067 0.9999 0.0121
vn -0.1221 0.9907 -0.0599
vn -0.0789 0.9925 0.0936
vn -0.0267 0.9967 0.0772
vn 0.0149 0.9972 0.0730
vn 0.0410 0.9972 -0.0625
vn 0.0162 0.9999 -0.0040
vn 0.0833 0.9918 -0.0966
vn 0.0687 0.9953 -0.0681
vn -0.0327 0.9957 -0.0864
vn 0.0401 0.9966 -0.0715
vn 0.0456 0.9943 -0.0963
vn -0.0589 0.9982 -0.0080
vn -0.0526 0.9977 -0.0424
vn -0.0350 0.9993 -0.0140
vn -0.0537 0.9984 0.0189
vn -0.0352 0.9988 -0.0352
vn 0.0474 0.9987 -0.0198
vn 0.0235 0.9994 -0.0267
vn -0.0032 1.0000 -0.0086
vn -0.0555 0.9952 -0.0802
vn -0.0031 0.9997 -0.0256
vn 0.0612 0.9944 -0.0860
vn 0.0572 0.9983 -0.0132
vn 0.0471 0.9988 0.0090
vn -0.0981 0.9950 -0.0205
vn -0.3711 0.9286 0.0066
vn -0.5488 0.8330 -0.0703
vn -0.6689 0.7430 -0.0207
vn -0.7815 0.6236 -0.0205
vn 0.7356 0.6739 -0.0693
vn 0.7052 0.7087 -0.0206
vn 0.6304 0.7763 0.0039
vn 0.4114 0.9113 -0.0153
vn 0.1556 0.9853 -0.0699
vn 0.0454 0.9980 -0.0437
vn 0.0212 0.9994 -0.0274
vn -0.0052 0.9983 -0.0588
vn 0.0443 0.9988 -0.0231
vn -0.0895 0.9936 -0.0690
vn 0.0666 0.9923 -0.1045
vn -0.0880 0.9906 -0.1049
vn 0.0561 0.9977 -0.0370
vn -0.0356 0.9992 -0.0208
vn 0.0182 0.9982 0.0575
vn -0.1349 0.9901 0.0400
vn 0.0259 0.9956 0.0904
vn -0.1202 0.9922 -0.0320
vn 0.0198 0.9992 0.0345
vn 0.0576 0.9979 0.0299
vn 0.0839 0.9963 -0.0205
vn 0.0892 0.9959 -0.0164
vn 0.0543 0.9982 -0.0255
vn -0.0349 0.9994 0.0043
vn 0.0409 0.9977 -0.0543
vn -0.0733 0.9966 -0.0383
vn -0.0589 0.9982 0.0144
vn -0.0622 0.9977 0.0252
vn -0.0467 0.9989 0.0090
vn 0.0227 0.9996 -0.0162
vn 0.0504 0.9952 0.0843
vn 0.0450 0.9990 -0.0076
vn 0.0014 1.0000 0.0027
vn 0.0607 0.9957 -0.0704
vn -0.0561 0.9957 -0.0741
vn 0.0404 0.9934 -0.1078
vn -0.0338 0.9979 0.0560
vn 0.0198 0.9995 -0.0229
vn -0.0237 0.9997 0.0054
vn -0.0862 0.9959 0.0285
vn -0.3615 0.9324 -0.0001
vn -0.6185 0.7858 0.0040
vn -0.6992 0.7139 -0.0399
vn -0.7752 0.6317 -0.0034
vn 0.7014 0.7125 -0.0228
vn 0.6601 0.7504 -0.0342
vn 0.6115 0.7902 0.0414
vn 0.4354 0.8994 0.0379
vn 0.1278 0.9893 -0.0704
vn 0.1117 0.9937 0.0002
vn 0.0388 0.9930 -0.1114
vn -0.0556 0.9943 -0.0914
vn 0.0397 0.9986 -0.0340
vn -0.1188 0.9929 -0.0017
vn 0.0676 0.9960 -0.0578
vn -0.0593 0.9980 -0.0209
vn -0.0220 0.9975 -0.0669
vn -0.0996 0.9946 0.0281
vn -0.0346 0.9992 0.0205
vn -0.0493 0.9956 0.0798
vn -0.0522 0.9984 -0.0234
vn -0.0984 0.9947 0.0303
vn 0.0345 0.9992 -0.0205
vn 0.0882 0.9961 0.0052
vn 0.0838 0.9961 0.0274
vn 0.1237 0.9921 -0.0187
vn 0.0496 0.9981 -0.0372
vn 0.0421 0.9991 0.0103
vn 0.0340 0.9994 -0.0057
vn -0.0504 0.9969 0.0613
vn -0.0722 0.9974 0.0025
vn -0.0600 0.9970 0.0492
vn -0.1175 0.9918 0.0504
vn -0.1045 0.9864 0.1269
vn 0.0693 0.9971 -0.0329
vn 0.0410 0.9988 0.0267
vn 0.1005 0.9949 -0.0028
vn 0.1458 0.9885 0.0406
vn -0.0284 0.9993 -0.0233
vn 0.0520 0.9980 0.0351
vn -0.0346 0.9944 -0.0995
vn -0.0275 0.9972 -0.0691
vn -0.0416 0.9987 -0.0279
vn 0.0357 0.9990 -0.0251
vn -0.3667 0.9282 -0.0636
vn -0.6084 0.7936 -0.0049
vn -0.6880 0.7248 0.0378
vn -0.7891 0.6138 -0.0242
vn 0.6960 0.7174 -0.0285
vn 0.6697 0.7349 -0.1074
vn 0.6211 0.7737 -0.1245
vn 0.4820 0.8756 -0.0323
vn 0.0811 0.9963 0.0293
vn 0.1511 0.9798 -0.1306
vn 0.0503 0.9976 -0.0483
vn -0.0670 0.9974 -0.0278
vn -0.0179 0.9943 -0.1051
vn -0.0376 0.9925 -0.1167
vn 0.0114 0.9988 -0.0479
vn -0.0899 0.9959 0.0089
vn -0.0441 0.9937 0.1026
vn -0.1027 0.9946 0.0121
vn -0.0692 0.9965 0.0467
vn -0.0495 0.9947 0.0904
vn -0.0380 0.9951 0.0914
vn -0.0041 0.9996 0.0281
vn -0.0100 0.9999 0.0138
vn 0.0722 0.9957 -0.0586
vn 0.1675 0.9852 -0.0354
vn 0.1003 0.9931 -0.0601
vn 0.0121 0.9994 -0.0309
vn -0.0331 0.9983 -0.0470
vn -0.0095 0.9989 0.0455
vn -0.1054 0.9933 0.0482
vn -0.1278 0.9847 0.1181
vn -0.0602 0.9924 0.1073
vn -0.0656 0.9924 0.1045
vn 0.0014 0.9996 0.0280
vn -0.0152 0.9954 0.0949
vn 0.1335 0.9911 0.0007
vn 0.1204 0.9911 -0.0572
vn 0.1228 0.9881 -0.0922
vn 0.0579 0.9982 -0.0168
vn -0.0345 0.9953 -0.0906
vn -0.0361 0.9986 -0.0396
vn -0.0090 0.9998 -0.0173
vn 0.0348 0.9984 0.0448
vn -0.0979 0.9942 -0.0441
vn -0.3075 0.9496 0.0611
vn -0.6073 0.7945 0.0011
vn -0.6574 0.7531 -0.0246
vn -0.7872 0.6166 0.0082
vn 0.7364 0.6752 0.0422
vn 0.6694 0.7360 -0.1011
vn 0.5509 0.8268 -0.1135
vn 0.4768 0.8689 -0.1329
vn 0.2432 0.9699 -0.0130
vn 0.0532 0.9980 -0.0356
vn 0.0319 0.9995 -0.0085
vn 0.0492 0.9988 -0.0050
vn -0.0337 0.9987 -0.0384
vn -0.0158 0.9998 0.0100
vn -0.0301 0.9968 -0.0745
vn -0.0499 0.9958 -0.0773
vn -0.0141 0.9995 0.0271
vn -0.1419 0.9877 0.0658
vn 0.0190 0.9981 0.0594
vn -0.0353 0.9989 -0.0304
vn -0.0769 0.9961 -0.0423
vn 0.0632 0.9974 -0.0342
vn 0.0977 0.9897 -0.1051
vn 0.0768 0.9915 -0.1054
vn 0.1014 0.9932 -0.0575
vn 0.1114 0.9937 0.0111
vn 0.0175 0.9997 0.0155
vn -0.0214 0.9997 0.0100
vn 0.0002 0.9995 -0.0319
vn -0.0999 0.9945 -0.0311
vn -0.0948 0.9950 0.0306
vn -0.0743 0.9972 0.0067
vn -0.0553 0.9985 0.0017
vn 0.0692 0.9976 -0.0062
vn 0.0570 0.9949 -0.0838
vn 0.1241 0.9907 -0.0559
vn 0.1199 0.9907 -0.0644
vn 0.1186 0.9929 0.0035
vn 0.0624 0.9927 -0.1031
vn -0.0159 0.9997 0.0162
vn -0.0083 0.9984 0.0560
vn -0.0920 0.9957 -0.0111
vn 0.0259 0.9993 -0.0265
vn -0.0518 0.9963 0.0690
vn -0.3337 0.9398 -0.0735
vn -0.6008 0.7941 0.0914
vn -0.6559 0.7543 -0.0300
vn -0.7872 0.6166 0.0085
vn 0.7968 0.6024 0.0484
vn 0.6874 0.7254 0.0356
vn 0.5829 0.8125 0.0066
vn 0.4148 0.9089 0.0435
vn 0.2036 0.9787 -0.0253
vn 0.0281 0.9992 -0.0286
vn -0.0127 0.9994 -0.0318
vn -0.0006 1.0000 -0.0007
vn -0.0306 0.9983 0.0496
vn -0.0136 0.9998 0.0175
vn -0.0904 0.9952 0.0386
vn -0.0893 0.9951 0.0419
vn -0.1195 0.9928 -0.0001
vn -0.0886 0.9923 0.0869
vn -0.0439 0.9986 -0.0304
vn -0.0446 0.9968 0.0664
vn -0.0773 0.9970 0.0032
vn 0.0801 0.9968 0.0010
vn 0.0302 0.9993 -0.0202
vn 0.0388 0.9988 0.0292
vn 0.1774 0.9839 -0.0237
vn 0.0776 0.9932 -0.0872
vn -0.0468 0.9955 -0.0829
vn 0.0163 0.9997 -0.0206
vn -0.0647 0.9978 -0.0124
vn -0.2268 0.9721 0.0594
vn -0.0868 0.9961 -0.0166
vn -0.0734 0.9972 -0.0126
vn -0.0363 0.9971 -0.0670
vn 0.0288 0.9970 -0.0725
vn 0.0663 0.9972 -0.0343
vn 0.1094 0.9929 -0.0471
vn 0.0661 0.9976 -0.0194
vn -0.0574 0.9955 -0.0759
vn 0.0062 0.9982 0.0602
vn -0.0304 0.9994 -0.0143
vn -0.0822 0.9946 -0.0637
vn -0.0183 0.9992 0.0358
vn -0.0542 0.9985 0.0085
vn -0.0821 0.9966 0.0062
vn -0.3943 0.9033 0.1692
vn -0.5497 0.8351 0.0203
vn -0.7418 0.6700 0.0310
vn -0.7678 0.6404 0.0183
vn 0.8062 0.5904 0.0392
vn 0.6955 0.7172 0.0442
vn 0.5832 0.8123 0.0107
vn 0.4198 0.9070 -0.0350
vn 0.1533 0.9848 -0.0820
vn 0.0303 0.9993 -0.0204
vn -0.0123 0.9999 -0.0007
vn -0.0046 0.9994 0.0356
vn 0.0072 0.9999 0.0133
vn -0.0596 0.9978 0.0274
vn -0.0838 0.9948 0.0576
vn -0.0949 0.9922 0.0807
vn -0.0077 0.9982 0.0592
vn -0.0376 0.9992 -0.0125
vn -0.0424 0.9984 0.0369
vn 0.0264 0.9979 -0.0597
vn -0.0822 0.9965 -0.0136
vn 0.0820 0.9944 -0.0671
vn 0.0317 0.9985 -0.0446
vn 0.0707 0.9931 -0.0941
vn 0.0836 0.9935 -0.0769
vn 0.0802 0.9968 0.0040
vn 0.0160 0.9951 0.0981
vn -0.0728 0.9973 0.0005
vn 0.0369 0.9952 0.0909
vn -0.0565 0.9982 0.0221
vn -0.0948 0.9950 -0.0312
vn -0.0166 0.9964 -0.0834
vn -0.0057 0.9981 -0.0621
vn 0.0744 0.9921 -0.1009
vn 0.0468 0.9922 -0.1154
vn 0.0299 0.9950 -0.0948
vn 0.1145 0.9925 -0.0427
vn -0.0798 0.9951 0.0591
vn 0.0284 0.9979 -0.0577
vn -0.0675 0.9972 0.0315
vn -0.0806 0.9949 0.0606
vn -0.0450 0.9984 0.0327
vn -0.0002 0.9982 0.0604
vn -0.0825 0.9964 -0.0197
vn -0.3371 0.9372 -0.0895
vn -0.5830 0.8094 -0.0704
vn -0.7120 0.7015 0.0313
vn -0.7567 0.6449 -0.1072
vn 0.7860 0.6181 -0.0089
vn 0.6876 0.7217 0.0798
vn 0.5762 0.8167 -0.0311
vn 0.4528 0.8915 -0.0130
vn 0.1635 0.9858 -0.0376
vn 0.0264 0.9997 -0.0003
vn -0.0155 0.9999 0.0027
vn 0.0014 0.9999 -0.0169
vn -0.0053 0.9972 0.0742
vn -0.0593 0.9979 0.0249
vn -0.0560 0.9951 0.0819
vn -0.0246 0.9994 -0.0224
vn -0.0268 0.9994 -0.0215
vn -0.1225 0.9923 -0.0168
vn -0.0204 0.9998 0.0062
vn -0.0135 0.9982 0.0579
vn 0.0260 0.9995 -0.0176
vn 0.0876 0.9947 0.0530
vn 0.0916 0.9958 0.0071
vn 0.0330 0.9992 0.0219
vn 0.0867 0.9960 0.0190
vn -0.0450 0.9984 0.0350
vn -0.2556 0.9555 -0.1472
vn 0.0487 0.9865 0.1564
vn 0.0183 0.9992 0.0347
vn -0.0228 0.9981 0.0565
vn -0.0496 0.9987 -0.0082
vn -0.0338 0.9979 -0.0551
vn 0.0285 0.9985 -0.0468
vn 0.0782 0.9947 -0.0664
vn 0.0429 0.9968 -0.0670
vn 0.0332 0.9965 -0.0769
vn 0.0599 0.9930 -0.1016
vn 0.0728 0.9973 -0.0135
vn -0.0585 0.9899 0.1289
vn -0.0937 0.9954 0.0193
vn -0.0764 0.9964 0.0362
vn -0.0375 0.9964 0.0766
vn -0.0001 0.9982 0.0595
vn -0.1315 0.9904 0.0425
vn -0.3617 0.9227 0.1336
vn -0.5565 0.8306 0.0202
vn -0.7068 0.7074 -0.0085
vn -0.7912 0.6115 0.0125
vn 0.8170 0.5743 0.0517
vn 0.7323 0.6807 0.0215
vn 0.5824 0.8127 0.0189
vn 0.4259 0.9047 0.0134
vn 0.1506 0.9885 0.0165
vn -0.0088 0.9999 -0.0052
vn -0.0522 0.9983 0.0270
vn 0.0186 0.9989 0.0436
vn -0.0687 0.9963 -0.0511
vn -0.0865 0.9902 0.1097
vn -0.0356 0.9992 0.0194
vn -0.0217 0.9993 0.0321
vn -0.0501 0.9972 0.0559
vn -0.1214 0.9925 -0.0131
vn -0.0221 0.9995 0.0206
vn 0.0355 0.9993 0.0128
vn 0.1052 0.9936 0.0419
vn 0.0644 0.9951 -0.0753
vn 0.2143 0.9743 -0.0689
vn -0.0595 0.9775 -0.2022
vn 0.1594 0.8672 -0.4717
vn 0.0750 0.9261 -0.3699
vn 0.0004 0.9542 -0.2991
vn -0.0555 0.8964 -0.4398
vn -0.0455 0.9596 -0.2778
vn 0.0211 0.9803 -0.1964
vn -0.0021 0.9987 0.0503
vn 0.0440 0.9989 -0.0177
vn 0.0398 0.9951 -0.0909
vn 0.0836 0.9902 -0.1118
vn 0.0451 0.9977 -0.0500
vn 0.0493 0.9967 -0.0649
vn -0.0049 0.9996 -0.0262
vn -0.0712 0.9973 -0.0206
vn 0.0271 0.9996 -0.0003
vn -0.0913 0.9941 0.0578
vn -0.0737 0.9970 0.0252
vn -0.1035 0.9946 0.0050
vn 0.0314 0.9977 0.0603
vn -0.0737 0.9924 0.0982
vn -0.2853 0.9577 0.0390
vn -0.5510 0.8311 -0.0755
vn -0.6747 0.7375 -0.0290
vn -0.7872 0.6157 -0.0341
vn 0.8017 0.5959 -0.0474
vn 0.7254 0.6827 -0.0876
vn 0.5837 0.8120 0.0002
vn 0.3698 0.9273 -0.0573
vn 0.1928 0.9796 0.0575
vn -0.0187 0.9989 0.0431
vn -0.0493 0.9976 0.0496
vn -0.0214 0.9985 -0.0498
vn -0.0623 0.9980 0.0052
vn -0.0336 0.9994 -0.0054
vn -0.0913 0.9937 -0.0646
vn 0.0215 0.9997 0.0138
vn -0.0665 0.9974 -0.0275
vn -0.0850 0.9961 0.0235
vn 0.0351 0.9984 -0.0454
vn 0.0770 0.9886 -0.1294
vn 0.0718 0.9831 -0.1685
vn 0.0487 0.9910 -0.1247
vn 0.3531 0.7974 -0.4893
vn 0.1716 0.9305 -0.3236
vn 0.0757 0.9722 -0.2218
vn -0.0198 0.9907 -0.1343
vn -0.0068 0.9851 -0.1720
vn -0.0912 0.9705 -0.2232
vn -0.0970 0.9631 -0.2510
vn -0.1374 0.9508 -0.2777
vn -0.2399 0.8917 -0.3839
vn 0.0351 0.9975 0.0609
vn 0.0340 0.9986 0.0406
vn 0.0796 0.9967 -0.0137
vn 0.0048 0.9985 -0.0548
vn -0.0161 0.9998 0.0122
vn 0.0129 0.9997 0.0208
vn -0.0376 0.9993 -0.0038
vn -0.0722 0.9969 -0.0298
vn -0.0671 0.9977 -0.0092
vn -0.0267 0.9991 0.0318
vn -0.1138 0.9934 -0.0141
vn 0.0330 0.9994 0.0093
vn -0.1024 0.9947 0.0073
vn -0.3699 0.9290 -0.0151
vn -0.5462 0.8303 0.1110
vn -0.6782 0.7236 0.1284
vn -0.7882 0.6147 0.0295
vn 0.7820 0.6205 -0.0581
vn 0.6904 0.7234 -0.0076
vn 0.6189 0.7854 -0.0144
vn 0.3793 0.9253 -0.0075
vn 0.1944 0.9781 -0.0738
vn -0.0002 1.0000 0.0069
vn 0.0408 0.9991 -0.0117
vn -0.0282 0.9996 0.0029
vn -0.0621 0.9980 0.0079
vn -0.1061 0.9926 -0.0583
vn -0.1582 0.9864 0.0448
vn 0.0048 0.9977 -0.0673
vn -0.0731 0.9959 0.0537
vn 0.0506 0.9986 0.0162
vn 0.0334 0.9967 -0.0742
vn 0.0772 0.9961 -0.0421
vn 0.0801 0.9967 -0.0120
vn 0.2084 0.9289 -0.3060
vn 0.1341 0.9784 -0.1571
vn 0.0093 0.9915 -0.1299
vn 0.0103 0.9999 -0.0096
vn -0.0381 0.9991 -0.0208
vn 0.0062 0.9995 -0.0314
vn 0.0225 0.9997 -0.0068
vn -0.0863 0.9933 -0.0771
vn -0.1392 0.9831 -0.1191
vn -0.2206 0.9642 -0.1475
vn 0.0021 0.9609 -0.2767
vn 0.1062 0.9931 0.0492
vn 0.0786 0.9969 -0.0065
vn 0.0133 0.9997 -0.0225
vn 0.0334 0.9988 0.0369
vn 0.0001 0.9995 -0.0309
vn -0.1401 0.9900 -0.0159
vn -0.0473 0.9949 0.0895
vn -0.0992 0.9936 0.0537
vn -0.0638 0.9963 -0.0579
vn -0.1132 0.9934 0.0184
vn 0.0032 0.9998 0.0203
vn -0.0746 0.9968 0.0297
vn -0.3890 0.9212 0.0009
vn -0.5272 0.8436 0.1018
vn -0.6696 0.7426 0.0110
vn -0.7889 0.5986 0.1391
vn 0.7711 0.6354 -0.0410
vn 0.7075 0.7065 -0.0146
vn 0.5978 0.8013 -0.0248
vn 0.3873 0.9218 0.0154
vn 0.1521 0.9851 0.0799
vn -0.0065 0.9997 0.0244
vn -0.0226 0.9996 -0.0143
vn -0.0098 0.9992 0.0381
vn -0.0290 0.9994 0.0173
vn -0.0500 0.9985 0.0225
vn -0.0909 0.9955 -0.0273
vn -0.1151 0.9902 0.0789
vn -0.0322 0.9985 -0.0436
vn 0.0062 0.9988 -0.0489
vn 0.0063 1.0000 0.0072
vn 0.3031 0.9527 -0.0243
vn 0.4237 0.8502 -0.3126
vn 0.2074 0.9482 -0.2408
vn 0.1343 0.9796 -0.1496
vn -0.0199 0.9969 0.0763
vn 0.0066 0.9890 0.1475
vn -0.0021 0.9769 0.2138
vn -0.0235 0.9700 0.2418
vn 0.0691 0.9788 0.1928
vn 0.0998 0.9886 0.1129
vn -0.0332 0.9994 0.0073
vn -0.0914 0.9938 -0.0635
vn -0.2717 0.9448 -0.1830
vn -0.2758 0.9262 -0.2571
vn 0.1235 0.9877 0.0957
vn -0.0266 0.9977 0.0631
vn 0.0357 0.9992 -0.0194
vn 0.0020 0.9998 0.0186
vn -0.0651 0.9978 0.0108
vn -0.0817 0.9958 -0.0420
vn -0.0215 0.9998 -0.0044
vn -0.0806 0.9943 0.0699
vn -0.1234 0.9901 0.0668
vn -0.0215 0.9994 -0.0284
vn -0.0258 0.9994 -0.0249
vn -0.3996 0.9160 -0.0364
vn -0.5416 0.8369 -0.0794
vn -0.7065 0.7019 0.0902
vn -0.7923 0.6069 0.0626
vn 0.8023 0.5767 0.1539
vn 0.7093 0.7045 0.0243
vn 0.5884 0.8079 -0.0322
vn 0.3865 0.9217 0.0335
vn 0.1381 0.9902 0.0204
vn -0.0220 0.9988 -0.0436
vn -0.0513 0.9976 0.0469
vn 0.0213 0.9961 0.0859
vn -0.0253 0.9986 0.0469
vn -0.0069 0.9961 0.0884
vn -0.0782 0.9968 0.0177
vn -0.0155 0.9999 -0.0054
vn -0.0323 0.9994 0.0093
vn 0.0013 1.0000 0.0040
vn 0.1566 0.9875 0.0186
vn 0.2779 0.9370 -0.2117
vn 0.2673 0.9495 -0.1641
vn 0.1046 0.9945 -0.0108
vn -0.0437 0.9983 -0.0376
vn -0.1945 0.9773 0.0841
vn -0.2990 0.9334 0.1985
vn -0.0569 0.9449 0.3223
vn 0.0567 0.9301 0.3630
vn 0.2992 0.9079 0.2935
vn 0.0976 0.9863 0.1330
vn -0.0002 1.0000 0.0062
vn -0.0363 0.9983 -0.0448
vn -0.1820 0.9806 -0.0726
vn -0.4092 0.9021 -0.1369
vn 0.1254 0.9910 0.0466
vn 0.0655 0.9977 -0.0151
vn 0.0022 0.9998 0.0219
vn 0.0014 1.0000 0.0050
vn -0.0644 0.9944 0.0836
vn -0.1073 0.9931 0.0480
vn -0.0426 0.9981 0.0451
vn 0.0061 1.0000 0.0030
vn -0.0112 0.9980 -0.0623
vn 0.0402 0.9978 -0.0522
vn -0.0484 0.9936 -0.1026
vn -0.4064 0.9128 -0.0409
vn -0.6134 0.7889 -0.0385
vn -0.7195 0.6931 -0.0439
vn -0.7954 0.6061 -0.0071
vn 0.8054 0.5869 0.0830
vn 0.7521 0.6575 0.0452
vn 0.6407 0.7544 0.1427
vn 0.3468 0.9379 0.0001
vn 0.1656 0.9850 -0.0478
vn -0.0049 0.9977 0.0673
vn -0.0333 0.9991 0.0271
vn 0.0316 0.9995 0.0048
vn -0.0473 0.9929 0.1088
vn -0.0028 0.9968 0.0805
vn -0.0771 0.9964 0.0343
vn -0.0420 0.9988 0.0259
vn -0.0279 0.9984 0.0498
vn 0.0599 0.9950 0.0793
vn 0.1281 0.9906 -0.0485
vn 0.3384 0.9393 0.0567
vn 0.1850 0.9758 -0.1163
vn 0.0198 0.9966 -0.0794
vn -0.1005 0.9949 0.0102
vn -0.1999 0.9648 0.1707
vn -0.1428 0.9487 0.2821
vn -0.0627 0.9790 0.1941
vn -0.0071 0.9805 0.1966
vn 0.2922 0.8952 0.3365
vn 0.3679 0.8776 0.3073
vn 0.1282 0.9817 0.1412
vn -0.0569 0.9967 0.0587
vn -0.1875 0.9822 -0.0114
vn -0.4298 0.9028 -0.0130
vn 0.1692 0.9852 -0.0274
vn -0.0125 0.9998 -0.0139
vn 0.0298 0.9995 0.0047
vn -0.0435 0.9990 0.0090
vn -0.1430 0.9831 -0.1147
vn -0.1083 0.9908 0.0808
vn 0.0411 0.9956 0.0843
vn 0.0078 0.9999 -0.0066
vn -0.0085 1.0000 -0.0045
vn 0.0105 0.9994 -0.0321
vn -0.0468 0.9985 -0.0285
vn -0.2947 0.9553 -0.0225
vn -0.6382 0.7693 -0.0307
vn -0.7335 0.6794 -0.0185
vn -0.7990 0.5990 -0.0536
vn 0.8128 0.5799 0.0546
vn 0.7459 0.6602 0.0878
vn 0.6396 0.7687 0.0054
vn 0.4442 0.8929 0.0739
vn 0.0512 0.9978 0.0431
vn -0.0087 0.9948 0.1014
vn -0.0320 0.9960 0.0839
vn -0.0971 0.9940 0.0503
vn -0.0455 0.9989 0.0109
vn 0.0141 0.9988 0.0467
vn -0.0763 0.9940 0.0786
vn -0.0239 0.9941 0.1057
vn -0.0193 0.9976 0.0671
vn 0.0957 0.9935 -0.0620
vn 0.2060 0.9778 -0.0375
vn 0.3867 0.9157 -0.1093
vn 0.2247 0.9744 -0.0036
vn 0.0183 0.9987 0.0468
vn -0.1996 0.9783 0.0559
vn -0.3722 0.9255 0.0705
vn -0.1367 0.9651 0.2234
vn -0.0379 0.9993 -0.0062
vn -0.0244 0.9994 0.0228
vn 0.2464 0.9692 0.0003
vn 0.3913 0.9143 0.1042
vn 0.2188 0.9739 0.0601
vn -0.0293 0.9995 0.0089
vn -0.1976 0.9799 -0.0267
vn -0.3707 0.9287 -0.0118
vn 0.1484 0.9888 -0.0150
vn -0.0117 0.9974 0.0715
vn -0.0374 0.9990 -0.0251
vn -0.0450 0.9945 0.0943
vn -0.1478 0.9867 0.0673
vn -0.1098 0.9924 0.0560
vn 0.0428 0.9991 0.0018
vn 0.0426 0.9978 0.0505
vn 0.0227 0.9995 0.0224
vn 0.0054 0.9998 0.0200
vn -0.0543 0.9983 -0.0217
vn -0.2958 0.9539 -0.0510
vn -0.6090 0.7899 0.0719
vn -0.7254 0.6868 -0.0454
vn -0.8032 0.5957 -0.0040
vn 0.8244 0.5644 -0.0436
vn 0.7450 0.6663 0.0317
vn 0.6184 0.7854 0.0262
vn 0.4404 0.8975 0.0221
vn 0.0845 0.9935 0.0760
vn -0.0141 0.9997 0.0223
vn -0.0011 0.9995 0.0301
vn -0.0315 0.9981 0.0528
vn -0.0943 0.9933 0.0668
vn 0.0221 0.9957 0.0896
vn -0.0021 0.9978 0.0662
vn -0.0485 0.9986 -0.0207
vn 0.0832 0.9965 0.0084
vn 0.1118 0.9913 0.0690
vn 0.2397 0.9638 0.1164
vn 0.3904 0.9206 -0.0122
vn 0.1777 0.9838 -0.0247
vn -0.0351 0.9970 -0.0691
vn -0.1340 0.9910 0.0056
vn -0.3948 0.9131 -0.1017
vn -0.0030 0.9917 -0.1285
vn -0.0220 0.9989 0.0415
vn 0.0013 1.0000 0.0091
vn 0.0265 0.9992 -0.0307
vn 0.4113 0.9055 -0.1045
vn 0.2340 0.9702 -0.0634
vn 0.0167 0.9996 -0.0211
vn -0.1971 0.9803 -0.0105
vn -0.3767 0.9262 -0.0138
vn 0.1626 0.9789 -0.1242
vn 0.0494 0.9987 -0.0098
vn -0.0288 0.9995 0.0139
vn -0.0681 0.9977 0.0006
vn -0.1196 0.9904 0.0699
vn -0.0906 0.9958 0.0128
vn -0.0138 0.9971 0.0751
vn 0.0712 0.9963 0.0473
vn 0.0193 0.9997 0.0124
vn 0.0585 0.9983 0.0049
vn -0.0292 0.9996 -0.0053
vn -0.3726 0.9278 -0.0189
vn -0.5451 0.8375 -0.0385
vn -0.7479 0.6602 -0.0694
vn -0.7980 0.5991 -0.0648
vn 0.7880 0.6100 -0.0827
vn 0.6969 0.7167 -0.0258
vn 0.5621 0.8263 0.0341
vn 0.4215 0.9051 0.0551
vn 0.1177 0.9895 0.0836
vn 0.0211 0.9981 0.0586
vn -0.0335 0.9994 0.0126
vn 0.0570 0.9895 0.1325
vn -0.0356 0.9993 -0.0106
vn 0.0244 0.9992 -0.0301
vn -0.0927 0.9941 -0.0570
vn 0.0199 0.9997 0.0126
vn -0.0152 0.9980 -0.0608
vn 0.0226 0.9971 -0.0723
vn 0.2497 0.9680 0.0246
vn 0.3848 0.9194 0.0810
vn 0.1593 0.9872 0.0103
vn 0.0590 0.9976 0.0368
vn -0.1356 0.9852 -0.1048
vn -0.3567 0.9292 -0.0966
vn -0.3148 0.9053 -0.2851
vn 0.0096 0.9964 -0.0843
vn 0.3151 0.9490 -0.0064
vn 0.1575 0.9623 -0.2217
vn 0.3565 0.9131 -0.1980
vn 0.1896 0.9785 -0.0808
vn -0.0048 0.9998 -0.0178
vn -0.2156 0.9749 0.0558
vn -0.3759 0.9265 -0.0161
vn 0.0812 0.9920 0.0963
vn 0.0282 0.9989 -0.0363
vn -0.0489 0.9978 -0.0438
vn -0.1060 0.9943 -0.0124
vn -0.0863 0.9959 -0.0258
vn -0.0939 0.9951 0.0297
vn -0.0106 0.9999 0.0078
vn 0.0744 0.9938 0.0828
vn 0.0445 0.9986 0.0282
vn 0.0558 0.9984 0.0054
vn -0.0740 0.9967 0.0333
vn -0.3897 0.9206 0.0236
vn -0.5849 0.8111 -0.0046
vn -0.6802 0.7327 0.0236
vn -0.7821 0.6120 -0.1174
vn 0.7330 0.6764 -0.0715
vn 0.6998 0.7140 0.0199
vn 0.5667 0.8212 0.0674
vn 0.4832 0.8709 0.0897
vn 0.1093 0.9939 0.0133
vn 0.0425 0.9991 -0.0076
vn -0.0172 0.9998 -0.0053
vn 0.0274 0.9978 -0.0599
vn -0.0301 0.9995 0.0068
vn -0.0235 0.9983 -0.0539
vn -0.0746 0.9971 0.0125
vn -0.0503 0.9859 -0.1596
vn -0.0123 0.9999 -0.0081
vn 0.0222 0.9986 -0.0482
vn 0.1162 0.9926 -0.0356
vn 0.2672 0.9634 0.0203
vn 0.2121 0.9606 0.1795
vn 0.1762 0.9754 0.1323
vn 0.0502 0.9984 0.0277
vn -0.0922 0.9869 -0.1325
vn -0.0864 0.9680 -0.2358
vn -0.0986 0.8818 -0.4612
vn 0.1775 0.8593 -0.4797
vn 0.0662 0.9349 -0.3487
vn 0.2274 0.9550 -0.1904
vn 0.0196 0.9950 -0.0979
vn -0.0356 0.9993 0.0100
vn -0.2323 0.9650 0.1221
vn -0.5502 0.8129 0.1911
vn 0.1961 0.9790 -0.0557
vn -0.1284 0.9903 -0.0538
vn -0.0329 0.9940 0.1047
vn -0.1145 0.9887 0.0966
vn -0.1448 0.9857 0.0866
vn -0.0768 0.9970 -0.0046
vn -0.0630 0.9977 0.0233
vn 0.0603 0.9982 0.0008
vn 0.0824 0.9953 0.0518
vn 0.0186 0.9993 0.0325
vn -0.0105 0.9983 0.0571
vn -0.2851 0.9584 -0.0154
vn -0.5718 0.8204 -0.0034
vn -0.6894 0.7244 0.0025
vn -0.7768 0.6297 -0.0070
vn 0.7333 0.6796 0.0201
vn 0.7146 0.6970 -0.0596
vn 0.5583 0.8286 0.0407
vn 0.4842 0.8746 0.0261
vn 0.1266 0.9881 0.0874
vn -0.0111 0.9999 0.0077
vn -0.0297 0.9969 0.0725
vn 0.0863 0.9963 -0.0010
vn 0.0260 0.9940 -0.1063
vn -0.0378 0.9938 -0.1042
vn -0.0198 0.9944 -0.1034
vn -0.0777 0.9966 -0.0277
vn 0.0260 0.9982 -0.0549
vn 0.0052 0.9972 -0.0745
vn 0.0347 0.9994 -0.0063
vn 0.1468 0.9840 0.1009
vn 0.3066 0.9302 0.2016
vn 0.1805 0.9712 0.1553
vn 0.0497 0.9972 0.0560
vn -0.0894 0.9938 0.0661
vn -0.0951 0.9864 -0.1342
vn -0.1424 0.9791 -0.1454
vn 0.1109 0.9671 -0.2290
vn 0.0253 0.9982 -0.0537
vn 0.0140 0.9980 -0.0618
vn -0.0520 0.9956 0.0778
vn -0.1272 0.9867 0.1015
vn -0.2224 0.9616 0.1610
vn -0.3016 0.9027 0.3070
vn 0.0107 0.9988 -0.0479
vn -0.0246 0.9955 0.0912
vn -0.0344 0.9993 -0.0145
vn -0.0987 0.9933 0.0605
vn -0.0237 0.9992 0.0316
vn -0.1442 0.9895 0.0126
vn 0.0313 0.9983 0.0491
vn 0.0225 0.9997 0.0037
vn 0.0820 0.9959 0.0370
vn 0.0113 0.9999 0.0130
vn 0.0116 0.9988 -0.0479
vn -0.4058 0.9138 0.0138
vn -0.5716 0.8205 -0.0004
vn -0.6918 0.7220 -0.0141
vn -0.7755 0.6248 0.0911
vn 0.7441 0.6615 -0.0936
vn 0.6720 0.7406 0.0005
vn 0.5263 0.8499 -0.0263
vn 0.4190 0.9070 0.0436
vn 0.1652 0.9863 0.0030
vn 0.0917 0.9955 0.0255
vn 0.0434 0.9941 -0.0998
vn 0.0854 0.9955 -0.0407
vn 0.0125 0.9991 -0.0408
vn -0.0257 0.9981 -0.0564
vn -0.0874 0.9838 -0.1566
vn 0.0068 0.9961 -0.0875
vn 0.0486 0.9883 -0.1443
vn -0.0618 0.9975 -0.0336
vn -0.1238 0.9919 -0.0287
vn 0.0410 0.9979 0.0497
vn 0.3049 0.9347 0.1825
vn 0.3200 0.8769 0.3587
vn 0.0218 0.9884 0.1506
vn 0.0569 0.9948 0.0845
vn -0.0298 0.9979 0.0572
vn 0.0465 0.9983 0.0352
vn -0.0351 0.9993 0.0162
vn 0.0274 0.9988 -0.0411
vn 0.0119 0.9995 0.0308
vn -0.0699 0.9973 0.0210
vn -0.2253 0.9423 0.2474
vn -0.1029 0.9340 0.3421
vn 0.2041 0.9784 -0.0314
vn 0.0400 0.9955 0.0861
vn -0.0248 0.9959 0.0866
vn -0.1204 0.9867 0.1096
vn -0.0974 0.9943 0.0425
vn -0.0566 0.9984 0.0082
vn -0.0696 0.9967 0.0422
vn 0.0176 0.9984 -0.0535
vn 0.0229 0.9997 -0.0015
vn 0.0820 0.9963 -0.0250
vn 0.0783 0.9952 0.0579
vn -0.0050 0.9988 0.0487
vn -0.3840 0.9213 0.0619
vn -0.6013 0.7990 -0.0050
vn -0.7176 0.6961 0.0218
vn -0.7572 0.6514 -0.0482
vn 0.7443 0.6678 -0.0056
vn 0.6697 0.7387 -0.0766
vn 0.5764 0.8172 -0.0006
vn 0.4016 0.9137 -0.0626
vn 0.1464 0.9844 -0.0977
vn 0.0213 0.9963 -0.0828
vn 0.0345 0.9991 0.0246
vn 0.1109 0.9933 -0.0317
vn 0.0537 0.9973 -0.0498
vn 0.0958 0.9894 -0.1091
vn -0.0848 0.9948 -0.0567
vn 0.0341 0.9963 -0.0783
vn -0.0658 0.9954 -0.0696
vn -0.1349 0.9897 -0.0480
vn -0.1200 0.9928 -0.0026
vn 0.0495 0.9982 -0.0334
vn 0.0949 0.9934 0.0650
vn 0.2077 0.9744 0.0860
vn 0.1148 0.9277 0.3552
vn 0.1769 0.9417 0.2860
vn 0.0815 0.9713 0.2233
vn -0.0089 0.9858 0.1678
vn -0.0163 0.9801 0.1978
vn -0.0531 0.9899 0.1318
vn 0.0207 0.9899 0.1404
vn -0.1596 0.9199 0.3581
vn -0.3125 0.9023 0.2969
vn -0.0815 0.9951 0.0555
vn 0.0784 0.9962 0.0376
vn 0.0205 0.9997 0.0162
vn 0.0571 0.9955 0.0752
vn -0.0501 0.9986 -0.0160
vn -0.0105 0.9995 0.0313
vn -0.1306 0.9906 -0.0396
vn -0.0761 0.9969 0.0179
vn -0.0111 0.9997 0.0214
vn -0.0281 0.9991 -0.0318
vn 0.0716 0.9973 0.0183
vn 0.0933 0.9906 -0.1000
vn 0.0067 0.9999 0.0138
vn -0.3286 0.9431 -0.0515
vn -0.5175 0.8553 0.0268
vn -0.6898 0.7240 -0.0043
vn -0.7951 0.6063 -0.0112
vn 0.7467 0.6648 -0.0210
vn 0.6150 0.7850 -0.0749
vn 0.5686 0.8221 -0.0289
vn 0.3891 0.9206 -0.0337
vn 0.2113 0.9772 0.0192
vn 0.0362 0.9992 -0.0188
vn 0.0983 0.9951 -0.0058
vn 0.1102 0.9932 -0.0365
vn 0.0100 0.9989 -0.0456
vn 0.0506 0.9987 0.0047
vn -0.0389 0.9984 0.0421
vn 0.0333 0.9984 -0.0455
vn -0.0760 0.9971 -0.0022
vn -0.1330 0.9910 0.0148
vn -0.0193 0.9998 0.0086
vn -0.1016 0.9935 -0.0511
vn 0.0359 0.9989 -0.0293
vn 0.0452 0.9941 0.0991
vn 0.1747 0.9526 0.2490
vn 0.0566 0.9520 0.3009
vn 0.0856 0.8894 0.4490
vn 0.0389 0.9056 0.4224
vn -0.0664 0.9190 0.3885
vn -0.0371 0.9119 0.4088
vn -0.1914 0.9122 0.3622
vn -0.0650 0.9761 0.2075
vn 0.0649 0.9939 0.0893
vn -0.0832 0.9945 0.0641
vn 0.0281 0.9993 -0.0226
vn -0.0332 0.9958 0.0854
vn 0.0147 0.9999 0.0060
vn -0.0781 0.9949 0.0633
vn -0.0773 0.9950 -0.0636
vn -0.1060 0.9942 0.0193
vn -0.0177 0.9992 0.0353
vn 0.0784 0.9941 -0.0744
vn -0.0338 0.9994 0.0014
vn 0.0821 0.9962 0.0284
vn 0.0051 0.9997 0.0235
vn -0.0198 0.9996 -0.0204
vn -0.3429 0.9370 0.0666
vn -0.5030 0.8642 -0.0139
vn -0.6891 0.7247 0.0041
vn -0.7916 0.6105 0.0249
vn 0.7517 0.6595 0.0009
vn 0.5930 0.8027 -0.0640
vn 0.5264 0.8362 -0.1539
vn 0.3849 0.9210 -0.0607
vn 0.2210 0.9745 -0.0379
vn 0.0260 0.9996 0.0135
vn 0.0931 0.9942 -0.0533
vn 0.1292 0.9907 -0.0429
vn 0.0013 0.9999 0.0157
vn 0.0638 0.9965 0.0534
vn 0.0221 0.9997 -0.0080
vn -0.0402 0.9964 0.0744
vn -0.0202 0.9957 0.0901
vn -0.1367 0.9891 0.0551
vn -0.0179 0.9984 -0.0537
vn 0.0150 0.9986 0.0516
vn -0.0143 0.9925 -0.1217
vn 0.0392 0.9992 -0.0012
vn -0.0568 0.9982 0.0175
vn 0.0563 0.9966 0.0608
vn -0.0223 0.9951 0.0963
vn -0.0023 0.9682 0.2500
vn -0.1351 0.9416 0.3084
vn -0.0733 0.9868 0.1445
vn 0.0186 0.9975 0.0681
vn -0.0190 0.9984 0.0534
vn 0.0467 0.9988 -0.0142
vn 0.1040 0.9944 0.0162
vn 0.0273 0.9989 -0.0393
vn 0.0083 0.9995 -0.0318
vn 0.0212 0.9997 -0.0154
vn 0.0156 0.9996 -0.0243
vn -0.0715 0.9950 0.0700
vn -0.0024 1.0000 0.0050
vn 0.0117 0.9960 -0.0881
vn 0.0052 0.9991 -0.0430
vn 0.0551 0.9982 0.0228
vn -0.0074 0.9907 -0.1357
vn 0.0332 0.9994 0.0018
vn -0.0134 0.9971 -0.0752
vn -0.3154 0.9487 -0.0209
vn -0.5900 0.8068 -0.0309
vn -0.6795 0.7336 -0.0145
vn -0.7835 0.6212 -0.0136
vn 0.7828 0.6202 0.0502
vn 0.6810 0.7302 -0.0550
vn 0.5256 0.8464 -0.0859
vn 0.3154 0.9428 -0.1080
vn 0.1696 0.9835 -0.0622
vn -0.0053 0.9926 -0.1211
vn 0.0604 0.9982 -0.0039
vn 0.0447 0.9990 0.0078
vn 0.0217 0.9991 0.0378
vn -0.0466 0.9988 -0.0146
vn -0.0497 0.9951 0.0850
vn -0.0677 0.9949 0.0741
vn -0.0200 0.9994 0.0298
vn -0.0346 0.9986 0.0404
vn -0.0348 0.9972 -0.0656
vn 0.1125 0.9792 -0.1687
vn -0.0364 0.9978 -0.0554
vn 0.0026 0.9994 -0.0353
vn -0.0479 0.9976 0.0491
vn 0.0716 0.9971 0.0242
vn -0.0104 0.9999 0.0135
vn -0.0312 0.9991 0.0283
vn -0.0275 0.9983 0.0509
vn -0.0296 0.9973 0.0673
vn 0.0097 0.9962 0.0871
vn -0.0194 0.9990 0.0403
vn 0.0019 0.9992 -0.0411
vn 0.1372 0.9894 -0.0466
vn 0.0279 0.9975 -0.0643
vn -0.0000 0.9980 -0.0637
vn 0.0476 0.9989 0.0013
vn -0.0617 0.9969 -0.0488
vn -0.0678 0.9971 -0.0350
vn -0.0118 0.9994 -0.0338
vn -0.0406 0.9990 -0.0181
vn -0.0471 0.9978 0.0464
vn 0.0848 0.9958 -0.0351
vn 0.0283 0.9985 -0.0466
vn 0.1270 0.9853 -0.1143
vn 0.0045 0.9981 -0.0621
vn -0.3334 0.9380 -0.0945
vn -0.6072 0.7945 -0.0086
vn -0.6647 0.7438 0.0703
vn -0.7691 0.6374 0.0469
vn 0.7878 0.6157 0.0149
vn 0.7086 0.7033 0.0571
vn 0.5138 0.8578 0.0148
vn 0.3548 0.9320 -0.0735
vn 0.1900 0.9725 -0.1344
vn 0.0006 0.9953 -0.0971
vn 0.0621 0.9980 -0.0130
vn 0.0438 0.9990 -0.0079
vn 0.0203 0.9994 0.0273
vn -0.0338 0.9993 0.0185
vn -0.0416 0.9968 0.0679
vn -0.0423 0.9991 0.0009
vn 0.0333 0.9994 -0.0097
vn -0.0159 0.9990 -0.0418
vn -0.0334 0.9994 0.0038
vn -0.0447 0.9990 0.0020
vn -0.0275 0.9988 -0.0411
vn -0.0491 0.9970 -0.0599
vn -0.0435 0.9977 -0.0516
vn -0.0476 0.9979 -0.0436
vn -0.0248 0.9977 0.0638
vn -0.0527 0.9939 0.0965
vn -0.0230 0.9995 0.0194
vn 0.0612 0.9981 0.0014
vn 0.0433 0.9952 -0.0882
vn 0.0389 0.9872 -0.1547
vn -0.0066 0.9966 -0.0818
vn 0.0614 0.9943 -0.0873
vn 0.0580 0.9980 -0.0251
vn -0.0331 0.9984 -0.0461
vn 0.0735 0.9938 -0.0840
vn -0.0311 0.9971 0.0692
vn -0.0345 0.9993 0.0143
vn -0.0259 0.9992 0.0307
vn 0.0156 0.9997 0.0200
vn 0.1097 0.9919 -0.0647
vn 0.0729 0.9870 -0.1429
vn 0.0539 0.9953 -0.0801
vn 0.0714 0.9915 -0.1092
vn -0.0580 0.9942 -0.0903
vn -0.3314 0.9433 0.0198
vn -0.5505 0.8242 0.1329
vn -0.6664 0.7445 -0.0421
vn -0.7747 0.6322 -0.0138
vn 0.7852 0.6192 -0.0058
vn 0.7067 0.7074 0.0144
vn 0.5595 0.8287 -0.0130
vn 0.3630 0.9312 0.0338
vn 0.1265 0.9904 0.0557
vn -0.0802 0.9940 0.0737
vn 0.0482 0.9958 -0.0784
vn -0.0614 0.9972 -0.0431
vn -0.0003 1.0000 0.0073
vn -0.0876 0.9960 0.0152
vn -0.0190 0.9998 0.0112
vn 0.0383 0.9970 0.0671
vn -0.0029 1.0000 0.0005
vn -0.0300 0.9986 0.0425
vn -0.0320 0.9995 -0.0077
vn -0.0184 0.9987 -0.0483
vn -0.0096 0.9995 -0.0307
vn -0.0067 0.9987 -0.0506
vn -0.0664 0.9932 -0.0960
vn -0.0444 0.9975 -0.0554
vn -0.0230 0.9959 -0.0876
vn 0.0053 0.9943 -0.1061
vn -0.0252 0.9949 -0.0979
vn 0.0685 0.9973 -0.0263
vn 0.0411 0.9972 -0.0631
vn 0.0604 0.9972 -0.0445
vn 0.0233 0.9991 -0.0342
vn 0.0671 0.9894 -0.1289
vn 0.0620 0.9965 -0.0563
vn -0.0389 0.9992 -0.0031
vn -0.0629 0.9977 0.0263
vn 0.0153 0.9999 -0.0019
vn -0.0417 0.9981 -0.0447
vn -0.0783 0.9966 -0.0250
vn 0.0438 0.9989 -0.0139
vn 0.0347 0.9973 -0.0654
vn 0.0398 0.9991 0.0145
vn -0.0412 0.9942 -0.0993
vn 0.0638 0.9979 -0.0068
vn 0.0044 0.9998 -0.0213
vn -0.4179 0.9006 -0.1196
vn -0.5508 0.8344 -0.0209
vn -0.6698 0.7412 0.0456
vn -0.7691 0.6391 -0.0054
vn 0.7788 0.6271 -0.0159
vn 0.6974 0.7158 -0.0363
vn 0.5481 0.8363 -0.0129
vn 0.3663 0.9295 0.0428
vn 0.1832 0.9801 -0.0765
vn 0.0716 0.9971 0.0252
vn 0.0196 0.9998 -0.0061
vn -0.0229 0.9997 -0.0034
vn -0.0157 0.9988 -0.0466
vn -0.0862 0.9963 0.0023
vn -0.0283 0.9988 0.0393
vn 0.0363 0.9976 0.0585
vn -0.0105 0.9971 0.0749
vn 0.0752 0.9963 0.0417
vn 0.0222 0.9995 -0.0241
vn -0.0350 0.9976 -0.0602
vn -0.0485 0.9977 -0.0467
vn -0.0094 0.9998 -0.0157
vn -0.0642 0.9979 0.0007
vn -0.0193 0.9989 -0.0422
vn 0.0085 0.9998 -0.0187
vn -0.0613 0.9964 -0.0579
vn -0.0692 0.9976 -0.0039
vn 0.0299 0.9965 -0.0780
vn 0.0026 1.0000 0.0039
vn 0.0497 0.9974 -0.0530
vn 0.0109 0.9990 -0.0440
vn 0.0239 0.9995 0.0221
vn 0.0083 0.9999 -0.0089
vn -0.1007 0.9949 -0.0070
vn 0.0149 0.9998 0.0090
vn -0.0720 0.9949 -0.0711
vn -0.0403 0.9972 0.0622
vn -0.0561 0.9960 0.0697
vn 0.0391 0.9992 0.0042
vn 0.0720 0.9974 -0.0008
vn 0.0462 0.9982 -0.0390
vn 0.0830 0.9965 0.0122
vn 0.0534 0.9946 -0.0886
vn 0.0105 0.9961 -0.0874
vn -0.3944 0.9187 0.0218
vn -0.5508 0.8344 -0.0205
vn -0.6728 0.7397 -0.0112
vn -0.7889 0.6144 -0.0144
vn 0.7605 0.6492 0.0137
vn 0.6801 0.7253 0.1070
vn 0.5602 0.8105 0.1708
vn 0.3907 0.9165 0.0864
vn 0.0464 0.9987 0.0215
vn 0.0225 0.9997 -0.0095
vn 0.0409 0.9983 0.0412
vn 0.0495 0.9964 0.0684
vn -0.0958 0.9954 -0.0035
vn -0.1131 0.9931 0.0321
vn 0.0146 0.9996 0.0226
vn -0.0253 0.9996 -0.0087
vn 0.0426 0.9989 0.0190
vn 0.0169 0.9999 -0.0023
vn 0.0754 0.9957 0.0538
vn -0.0207 0.9993 0.0315
vn 0.0226 0.9991 0.0348
vn -0.0395 0.9936 -0.1058
vn 0.0049 1.0000 -0.0052
vn -0.0536 0.9977 -0.0408
vn 0.0107 0.9994 -0.0332
vn 0.0063 1.0000 0.0057
vn 0.0146 0.9975 -0.0689
vn 0.0660 0.9966 -0.0491
vn 0.0168 0.9971 -0.0741
vn 0.0484 0.9984 -0.0281
vn 0.0080 0.9995 -0.0317
vn 0.0219 0.9997 -0.0128
vn -0.0748 0.9968 0.0281
vn -0.0164 0.9974 0.0706
vn -0.0661 0.9977 -0.0156
vn -0.0504 0.9972 0.0547
vn -0.0598 0.9975 0.0365
vn 0.0222 0.9997 -0.0109
vn 0.0434 0.9979 -0.0479
vn 0.0729 0.9949 -0.0704
vn 0.1073 0.9933 0.0422
vn 0.0852 0.9956 -0.0381
vn 0.0113 0.9999 -0.0004
vn -0.0851 0.9941 0.0676
vn -0.3825 0.9239 0.0094
vn -0.5380 0.8429 0.0067
vn -0.6860 0.7269 -0.0319
vn -0.7934 0.6078 0.0319
vn 0.7465 0.6410 0.1786
vn 0.6803 0.7260 0.1006
vn 0.6007 0.7946 0.0878
vn 0.3931 0.9175 0.0602
vn 0.1230 0.9918 0.0345
vn 0.0143 0.9978 0.0642
vn -0.0090 0.9999 -0.0047
vn 0.0318 0.9990 -0.0311
vn -0.0311 0.9994 0.0126
vn -0.0633 0.9966 -0.0531
vn -0.0410 0.9973 -0.0617
vn -0.0424 0.9989 -0.0219
vn 0.0431 0.9963 -0.0742
vn 0.0250 0.9987 -0.0437
vn 0.0413 0.9987 -0.0288
vn -0.0227 0.9990 0.0374
vn 0.0184 0.9980 0.0611
vn -0.0709 0.9949 0.0713
vn -0.0419 0.9990 -0.0126
vn -0.0414 0.9989 0.0239
vn 0.0105 0.9999 -0.0122
vn 0.1072 0.9934 0.0397
vn -0.0596 0.9964 -0.0602
vn 0.0632 0.9972 -0.0407
vn 0.0009 0.9992 -0.0391
vn 0.0416 0.9986 0.0316
vn 0.0140 0.9994 0.0326
vn -0.0512 0.9977 0.0450
vn 0.0415 0.9949 0.0915
vn -0.0088 0.9999 0.0074
vn -0.0652 0.9973 0.0344
vn -0.0503 0.9986 0.0150
vn -0.0063 0.9994 0.0327
vn -0.0139 0.9995 0.0294
vn 0.0760 0.9940 0.0780
vn 0.0693 0.9961 0.0541
vn 0.1195 0.9921 -0.0369
vn 0.0694 0.9949 0.0738
vn 0.0110 0.9999 -0.0038
vn -0.0848 0.9964 0.0098
vn -0.3778 0.9249 -0.0430
vn -0.5435 0.8393 -0.0100
vn -0.7117 0.7022 -0.0205
vn -0.7697 0.6383 -0.0100
vn 0.7915 0.6035 0.0967
vn 0.6802 0.7266 0.0967
vn 0.5846 0.8064 0.0892
vn 0.4309 0.8948 0.1168
vn 0.2474 0.9625 0.1110
vn 0.0872 0.9961 0.0143
vn 0.0225 0.9997 -0.0069
vn 0.0164 0.9997 0.0164
vn -0.0397 0.9989 -0.0257
vn -0.0866 0.9953 0.0444
vn -0.0661 0.9976 0.0225
vn 0.0086 0.9995 0.0296
vn -0.0467 0.9985 0.0300
vn 0.0638 0.9962 0.0599
vn 0.0127 0.9987 0.0501
vn -0.0433 0.9990 0.0132
vn 0.0153 0.9998 0.0126
vn 0.0537 0.9979 -0.0358
vn -0.0396 0.9985 -0.0383
vn -0.0034 1.0000 -0.0040
vn 0.0170 0.9995 -0.0277
vn -0.0383 0.9982 -0.0467
vn -0.0135 0.9973 0.0726
vn 0.0442 0.9986 0.0287
vn -0.0419 0.9970 0.0643
vn -0.0020 0.9999 -0.0117
vn -0.0292 0.9991 0.0293
vn -0.0435 0.9966 0.0704
vn -0.0399 0.9980 0.0489
vn -0.0117 0.9927 0.1202
vn -0.0409 0.9961 0.0788
vn -0.0739 0.9959 0.0517
vn -0.0440 0.9990 -0.0106
vn 0.0492 0.9987 0.0106
vn 0.0520 0.9980 -0.0349
vn 0.0562 0.9965 0.0616
vn 0.0373 0.9976 0.0590
vn 0.0105 0.9999 0.0088
vn 0.0239 0.9939 0.1077
vn -0.1188 0.9893 0.0850
vn -0.4487 0.8936 -0.0120
vn -0.5765 0.8171 0.0068
vn -0.7067 0.7070 -0.0264
vn -0.7654 0.6381 -0.0833
vn 0.8003 0.5996 -0.0055
vn 0.7193 0.6937 0.0364
vn 0.5800 0.8130 -0.0518
vn 0.4704 0.8800 -0.0663
vn 0.2654 0.9575 -0.1130
vn 0.0860 0.9960 0.0235
vn 0.0333 0.9988 -0.0348
vn -0.0418 0.9989 -0.0198
vn -0.0796 0.9950 0.0596
vn -0.0540 0.9982 0.0277
vn -0.0186 0.9988 0.0442
vn 0.0049 0.9998 -0.0178
vn -0.0458 0.9983 0.0373
vn 0.0927 0.9957 0.0025
vn -0.0352 0.9993 -0.0087
vn 0.0849 0.9959 0.0312
vn 0.0051 0.9989 -0.0459
vn 0.0577 0.9981 -0.0226
vn -0.0543 0.9976 0.0426
vn 0.0399 0.9992 -0.0006
vn -0.0491 0.9988 0.0044
vn -0.0891 0.9907 0.1025
vn 0.0800 0.9954 0.0525
vn -0.0398 0.9990 0.0212
vn 0.0391 0.9991 0.0178
vn -0.0065 0.9986 0.0520
vn -0.0437 0.9918 0.1201
vn -0.0237 0.9972 0.0715
vn 0.0272 0.9983 0.0516
vn -0.0250 0.9987 -0.0437
vn -0.0240 0.9990 0.0374
vn -0.0138 0.9992 -0.0388
vn 0.0541 0.9965 -0.0634
vn -0.0502 0.9985 0.0225
vn 0.0941 0.9955 -0.0054
vn -0.0018 1.0000 0.0092
vn 0.0150 0.9936 0.1118
vn 0.0264 0.9978 0.0607
vn -0.0870 0.9961 -0.0166
vn -0.2959 0.9474 0.1219
vn -0.5770 0.8155 -0.0440
vn -0.6822 0.7294 0.0506
vn -0.7815 0.6225 0.0416
vn 0.7863 0.6178 -0.0134
vn 0.7348 0.6722 -0.0905
vn 0.5754 0.8166 -0.0454
vn 0.5091 0.8591 -0.0526
vn 0.1836 0.9829 0.0166
vn 0.1452 0.9856 -0.0864
vn 0.0267 0.9996 -0.0087
vn -0.0443 0.9990 -0.0058
vn -0.0753 0.9965 -0.0359
vn -0.0432 0.9987 0.0261
vn -0.0804 0.9967 0.0066
vn -0.0315 0.9979 0.0573
vn -0.0488 0.9984 0.0268
vn 0.1027 0.9942 0.0309
vn 0.0256 0.9987 0.0447
vn 0.0727 0.9973 0.0019
vn -0.0111 0.9983 0.0577
vn -0.0657 0.9978 -0.0014
vn -0.0579 0.9982 0.0166
vn 0.0420 0.9979 -0.0497
vn -0.0627 0.9953 0.0742
vn -0.0424 0.9980 -0.0472
vn -0.0168 0.9998 -0.0119
vn -0.0271 0.9970 0.0725
vn 0.0037 0.9982 0.0591
vn -0.0848 0.9911 0.1023
vn -0.0093 0.9995 0.0302
vn 0.0059 0.9978 0.0665
vn 0.0427 0.9978 0.0499
vn -0.0729 0.9972 0.0193
vn 0.0359 0.9990 -0.0277
vn 0.0074 0.9998 0.0192
vn 0.0098 0.9999 -0.0142
vn 0.0274 0.9993 0.0270
vn -0.0548 0.9984 -0.0129
vn -0.0108 0.9994 0.0338
vn -0.0010 0.9951 0.0986
vn 0.0518 0.9984 0.0226
vn 0.0854 0.9937 0.0728
vn -0.0652 0.9956 0.0671
vn -0.3043 0.9521 -0.0308
vn -0.5744 0.8146 0.0800
vn -0.6826 0.7297 0.0401
vn -0.7809 0.6208 0.0695
vn 0.7978 0.6008 -0.0502
vn 0.7309 0.6781 -0.0771
vn 0.6240 0.7708 -0.1283
vn 0.4921 0.8525 -0.1762
vn 0.1870 0.9815 -0.0400
vn 0.0848 0.9964 0.0019
vn 0.0489 0.9856 0.1617
vn -0.0000 0.9941 0.1082
vn -0.0706 0.9841 0.1631
vn -0.0857 0.9916 0.0965
vn -0.0714 0.9881 0.1362
vn 0.0310 0.9925 0.1187
vn 0.0076 0.9862 0.1656
vn 0.1290 0.9786 0.1606
vn 0.0296 0.9955 0.0906
vn -0.0275 0.9982 0.0535
vn 0.0328 0.9976 0.0609
vn -0.0358 0.9968 0.0714
vn -0.0040 0.9961 0.0881
vn -0.0144 0.9935 0.1131
vn 0.0644 0.9976 0.0243
vn -0.0337 0.9980 0.0540
vn 0.0424 0.9935 0.1053
vn -0.0134 0.9997 0.0207
vn -0.0004 0.9967 0.0806
vn 0.0295 0.9853 0.1685
vn 0.0250 0.9809 0.1931
vn 0.0305 0.9973 0.0662
vn -0.0026 0.9851 0.1721
vn 0.1591 0.9703 0.1821
vn -0.0067 0.9957 0.0920
vn 0.0400 0.9930 0.1111
vn 0.0007 0.9978 0.0660
vn 0.0285 0.9987 0.0424
vn 0.0133 0.9922 0.1237
vn -0.0424 0.9986 0.0329
vn -0.0098 0.9984 0.0551
vn 0.0095 0.9893 0.1452
vn 0.1125 0.9782 0.1746
vn 0.0434 0.9867 0.1567
vn -0.3568 0.9316 0.0687
vn -0.5508 0.8336 -0.0417
vn -0.7102 0.7039 -0.0130
vn -0.7809 0.6235 0.0381
vn 0.8231 0.5625 -0.0779
vn 0.7244 0.6722 -0.1528
vn 0.5571 0.8304 0.0066
vn 0.3118 0.9498 0.0255
vn -0.0468 0.9252 0.3765
vn 0.0259 0.9222 0.3858
vn -0.0234 0.9145 0.4038
vn 0.0389 0.9199 0.3901
vn -0.0025 0.9012 0.4334
vn -0.0795 0.9599 0.2688
vn -0.0882 0.9190 0.3842
vn -0.0506 0.8906 0.4520
vn 0.0372 0.8912 0.4521
vn 0.1122 0.9025 0.4158
vn 0.0913 0.9127 0.3982
vn 0.0501 0.9075 0.4171
vn 0.0117 0.9324 0.3611
vn -0.0448 0.9147 0.4017
vn -0.0536 0.9487 0.3116
vn 0.1225 0.9272 0.3539
vn 0.0262 0.9673 0.2523
vn -0.0406 0.9372 0.3465
vn -0.0047 0.9562 0.2926
vn -0.0307 0.9574 0.2871
vn -0.0909 0.9282 0.3607
vn 0.1036 0.9349 0.3395
vn 0.0144 0.8970 0.4417
vn -0.0277 0.9145 0.4036
vn 0.0456 0.9065 0.4198
vn 0.1449 0.9446 0.2945
vn 0.0346 0.9129 0.4067
vn -0.0101 0.9441 0.3296
vn 0.0632 0.9393 0.3372
vn 0.0141 0.9655 0.2601
vn -0.0788 0.8945 0.4402
vn -0.0686 0.9117 0.4050
vn 0.0596 0.9069 0.4172
vn 0.0833 0.8974 0.4333
vn 0.1195 0.9240 0.3633
vn 0.0738 0.9363 0.3433
vn 0.0501 0.9154 0.3995
vn -0.6171 0.7869 0.0023
vn -0.7134 0.7003 0.0242
vn -0.7737 0.6334 -0.0150
vn 0.8331 0.5528 -0.0204
vn 0.6419 0.7659 0.0369
vn 0.0900 0.9904 0.1045
vn 0.0197 0.8647 0.5019
vn 0.0202 0.8081 0.5887
vn 0.0479 0.7830 0.6202
vn -0.0164 0.8282 0.5602
vn 0.0380 0.8261 0.5622
vn -0.0352 0.8182 0.5739
vn -0.1073 0.8150 0.5694
vn -0.1146 0.7671 0.6312
vn 0.0114 0.7888 0.6145
vn -0.0029 0.7876 0.6162
vn 0.0464 0.7901 0.6112
vn 0.1550 0.7710 0.6177
vn 0.0776 0.7915 0.6063
vn 0.0606 0.7838 0.6180
vn 0.0582 0.8062 0.5888
vn -0.0260 0.8318 0.5544
vn 0.0082 0.8202 0.5720
vn -0.0180 0.8084 0.5883
vn -0.0021 0.8306 0.5569
vn 0.0140 0.8193 0.5732
vn -0.0756 0.8556 0.5121
vn -0.0727 0.8842 0.4614
vn 0.0015 0.8507 0.5256
vn -0.0411 0.8206 0.5700
vn 0.0075 0.8163 0.5776
vn -0.0004 0.7937 0.6084
vn 0.1363 0.7811 0.6093
vn 0.0793 0.8472 0.5253
vn 0.0489 0.8536 0.5186
vn 0.0167 0.8027 0.5962
vn -0.0817 0.8217 0.5640
vn -0.1070 0.8123 0.5734
vn 0.0192 0.8363 0.5479
vn 0.0472 0.8004 0.5976
vn 0.0542 0.7864 0.6153
vn 0.1099 0.7878 0.6061
vn 0.0906 0.8202 0.5649
vn 0.0077 0.8360 0.5487
vn -0.5361 0.7085 0.4589
vn -0.5785 0.8057 0.1273
vn -0.7773 0.6291 0.0105
vn 0.8274 0.5612 -0.0203
vn 0.6318 0.7613 0.1457
vn 0.0114 0.6839 0.7295
vn -0.0103 0.7263 0.6873
vn -0.0015 0.7218 0.6921
vn 0.0487 0.6945 0.7179
vn 0.0832 0.6745 0.7336
vn 0.0561 0.7348 0.6760
vn -0.0146 0.7443 0.6677
vn -0.1584 0.7011 0.6952
vn -0.1841 0.7078 0.6820
vn -0.0296 0.7013 0.7123
vn 0.0406 0.7042 0.7088
vn 0.0856 0.6689 0.7384
vn 0.1615 0.6454 0.7466
vn 0.0918 0.7164 0.6916
vn 0.0928 0.6860 0.7216
vn 0.1054 0.7040 0.7024
vn -0.0416 0.7113 0.7017
vn 0.0283 0.7056 0.7080
vn 0.0570 0.7462 0.6633
vn 0.0173 0.6909 0.7227
vn 0.0292 0.7066 0.7070
vn -0.0586 0.7568 0.6510
vn -0.1254 0.7856 0.6058
vn -0.1328 0.7677 0.6269
vn -0.0259 0.7505 0.6603
vn -0.0222 0.6986 0.7152
vn 0.0441 0.6836 0.7286
vn 0.1317 0.6948 0.7070
vn 0.1136 0.7067 0.6983
vn 0.0132 0.7280 0.6855
vn 0.0016 0.7892 0.6141
vn -0.0237 0.7517 0.6591
vn -0.1164 0.7447 0.6571
vn -0.0087 0.7657 0.6431
vn 0.0448 0.7422 0.6687
vn 0.0793 0.7283 0.6807
vn 0.1134 0.7521 0.6492
vn 0.0454 0.7217 0.6908
vn 0.0359 0.7067 0.7066
vn -0.1198 0.6712 0.7315
vn -0.5567 0.6965 0.4528
vn -0.7775 0.6289 0.0053
vn 0.1758 0.9843 0.0154
vn -0.0162 0.6090 0.7930
vn -0.0379 0.6360 0.7708
vn -0.0170 0.6229 0.7821
vn -0.0048 0.6064 0.7952
vn 0.0303 0.6288 0.7770
vn 0.0869 0.6326 0.7696
vn 0.1034 0.5986 0.7943
vn -0.0727 0.6375 0.7670
vn -0.1030 0.6165 0.7806
vn -0.1697 0.6090 0.7748
vn -0.0181 0.6407 0.7676
vn 0.0036 0.6327 0.7744
vn 0.0297 0.6383 0.7692
vn 0.0899 0.6226 0.7774
vn 0.0957 0.6059 0.7897
vn 0.0720 0.6023 0.7950
vn 0.0521 0.6146 0.7871
vn 0.0010 0.6195 0.7850
vn 0.0064 0.6022 0.7983
vn -0.0033 0.6194 0.7850
vn -0.0077 0.6034 0.7974
vn -0.0068 0.6000 0.8000
vn 0.0635 0.6112 0.7890
vn -0.0529 0.6390 0.7674
vn -0.1414 0.6333 0.7609
vn -0.1147 0.6231 0.7737
vn -0.0184 0.6245 0.7808
vn 0.0373 0.5891 0.8072
vn 0.1631 0.6054 0.7790
vn 0.1574 0.5839 0.7965
vn 0.1023 0.6486 0.7542
vn -0.0278 0.6562 0.7541
vn -0.0217 0.6539 0.7562
vn -0.0184 0.6567 0.7540
vn -0.0572 0.7067 0.7052
vn 0.0343 0.6894 0.7235
vn -0.0277 0.6851 0.7279
vn 0.0925 0.6543 0.7506
vn 0.0351 0.6215 0.7826
vn -0.0167 0.6064 0.7950
vn -0.0857 0.6193 0.7805
vn -0.2315 0.6035 0.7630
vn -0.5143 0.5385 0.6674
vn 0.6534 0.5752 -0.4922
vn 0.2911 0.6347 -0.7158
vn -0.0311 0.6553 -0.7547
vn -0.0215 0.6205 -0.7839
vn -0.0254 0.6344 -0.7726
vn -0.0078 0.6065 -0.7951
vn -0.0367 0.6689 -0.7424
vn -0.0558 0.6429 -0.7639
vn 0.0027 0.6241 -0.7814
vn -0.0705 0.6213 -0.7804
vn -0.0613 0.5877 -0.8068
vn -0.0303 0.5890 -0.8076
vn -0.0432 0.5850 -0.8099
vn 0.0030 0.5788 -0.8155
vn 0.0012 0.5723 -0.8200
vn 0.0149 0.5831 -0.8123
vn 0.0314 0.5995 -0.7998
vn -0.0312 0.6166 -0.7867
vn 0.0430 0.5967 -0.8013
vn 0.0088 0.6066 -0.7949
vn -0.0112 0.5967 -0.8024
vn -0.0634 0.6582 -0.7502
vn 0.0028 0.6878 -0.7259
vn -0.0848 0.7099 -0.6992
vn -0.0395 0.6834 -0.7290
vn -0.0292 0.7199 -0.6934
vn 0.0522 0.7352 -0.6758
vn 0.0451 0.7108 -0.7020
vn 0.0766 0.6554 -0.7514
vn 0.0143 0.6525 -0.7577
vn -0.0615 0.6547 -0.7534
vn -0.0780 0.6584 -0.7486
vn -0.0274 0.6461 -0.7628
vn 0.0103 0.6074 -0.7943
vn 0.0717 0.6100 -0.7892
vn 0.0497 0.5976 -0.8002
vn 0.0138 0.5976 -0.8017
vn -0.0473 0.6213 -0.7822
vn -0.0171 0.5776 -0.8162
vn -0.0585 0.6081 -0.7917
vn -0.0667 0.6199 -0.7819
vn -0.0022 0.6417 -0.7670
vn 0.0805 0.6570 -0.7496
vn -0.5337 0.8453 -0.0227
vn 0.8481 0.5297 0.0137
vn 0.2879 0.6691 -0.6852
vn 0.0697 0.7416 -0.6672
vn -0.0193 0.7345 -0.6784
vn -0.0059 0.7015 -0.7127
vn -0.0060 0.7153 -0.6988
vn -0.0790 0.7471 -0.6600
vn -0.0273 0.7598 -0.6496
vn 0.0054 0.7406 -0.6719
vn 0.0813 0.7015 -0.7081
vn -0.0251 0.6978 -0.7159
vn -0.0662 0.6905 -0.7203
vn -0.0358 0.6819 -0.7306
vn 0.0009 0.6774 -0.7356
vn 0.0310 0.6922 -0.7211
vn -0.0005 0.7249 -0.6888
vn -0.0150 0.7126 -0.7014
vn -0.0189 0.7353 -0.6774
vn -0.0722 0.7942 -0.6034
vn -0.0574 0.7792 -0.6241
vn -0.0449 0.7936 -0.6068
vn -0.0253 0.7856 -0.6182
vn -0.1132 0.7501 -0.6516
vn -0.0614 0.7491 -0.6596
vn -0.0092 0.7842 -0.6205
vn 0.0077 0.7594 -0.6506
vn 0.0406 0.7513 -0.6587
vn 0.0499 0.7663 -0.6405
vn 0.0732 0.7831 -0.6175
vn -0.0123 0.7695 -0.6385
vn -0.0863 0.7421 -0.6647
vn -0.0352 0.7557 -0.6540
vn -0.0283 0.7279 -0.6851
vn 0.0584 0.7099 -0.7019
vn 0.0470 0.6879 -0.7243
vn 0.0695 0.7384 -0.6708
vn 0.0055 0.7623 -0.6473
vn -0.0424 0.7203 -0.6924
vn 0.0348 0.7423 -0.6691
vn -0.1613 0.7009 -0.6947
vn -0.0693 0.6821 -0.7279
vn -0.0784 0.7476 -0.6595
vn -0.4399 0.8886 -0.1299
vn -0.7398 0.6653 0.1000
vn 0.8484 0.5293 0.0098
vn 0.7701 0.6379 0.0032
vn 0.4515 0.6962 -0.5581
vn 0.0061 0.7948 -0.6068
vn -0.0017 0.8425 -0.5387
vn -0.0277 0.8635 -0.5036
vn -0.1166 0.8099 -0.5749
vn -0.1083 0.8653 -0.4895
vn 0.0309 0.8736 -0.4857
vn 0.1265 0.8568 -0.4999
vn -0.0100 0.8364 -0.5480
vn -0.0247 0.8483 -0.5289
vn 0.0162 0.8212 -0.5705
vn -0.0056 0.7912 -0.6115
vn 0.0049 0.7723 -0.6352
vn -0.0125 0.7851 -0.6193
vn -0.1195 0.8551 -0.5044
vn -0.0317 0.8277 -0.5603
vn -0.0719 0.8258 -0.5593
vn -0.0239 0.8549 -0.5183
vn 0.0092 0.8195 -0.5730
vn -0.0180 0.8185 -0.5742
vn -0.0160 0.8309 -0.5562
vn -0.0833 0.8245 -0.5597
vn -0.0870 0.7884 -0.6090
vn 0.0381 0.8010 -0.5974
vn 0.0415 0.8386 -0.5432
vn 0.0525 0.8582 -0.5107
vn 0.0027 0.8386 -0.5447
vn 0.0057 0.8453 -0.5343
vn -0.0658 0.8165 -0.5735
vn -0.0683 0.8151 -0.5753
vn 0.0641 0.8239 -0.5631
vn 0.0274 0.8173 -0.5755
vn 0.0789 0.8158 -0.5729
vn 0.0458 0.8750 -0.4819
vn -0.0807 0.7767 -0.6247
vn -0.0503 0.8147 -0.5777
vn 0.0039 0.8604 -0.5096
vn 0.0045 0.8435 -0.5370
vn -0.1885 0.8482 -0.4951
vn 0.0376 0.9958 -0.0829
vn -0.7020 0.7091 -0.0663
vn -0.7243 0.6894 -0.0081
vn 0.8293 0.5584 0.0222
vn 0.7366 0.6747 0.0476
vn 0.5348 0.8449 -0.0125
vn -0.0329 0.9501 -0.3102
vn 0.0184 0.9351 -0.3540
vn -0.0025 0.9578 -0.2874
vn -0.1069 0.9338 -0.3414
vn -0.0386 0.9444 -0.3264
vn -0.0091 0.9418 -0.3361
vn 0.0881 0.9584 -0.2715
vn 0.0186 0.9727 -0.2312
vn -0.0356 0.8987 -0.4372
vn 0.0008 0.9150 -0.4035
vn -0.0745 0.9365 -0.3426
vn -0.0127 0.9317 -0.3631
vn -0.0134 0.9375 -0.3478
vn -0.0129 0.9326 -0.3606
vn -0.0507 0.9435 -0.3275
vn -0.0399 0.9382 -0.3439
vn -0.0619 0.9174 -0.3931
vn 0.0452 0.9334 -0.3561
vn -0.0575 0.9348 -0.3505
vn -0.0639 0.9046 -0.4214
vn -0.0310 0.8895 -0.4558
vn 0.0563 0.8842 -0.4637
vn -0.0621 0.8956 -0.4405
vn 0.0560 0.8759 -0.4793
vn 0.0258 0.8955 -0.4442
vn -0.0265 0.9486 -0.3153
vn -0.0341 0.9623 -0.2698
vn -0.0362 0.9306 -0.3644
vn -0.0402 0.9350 -0.3523
vn 0.0607 0.9223 -0.3817
vn -0.0081 0.9044 -0.4266
vn 0.0383 0.9598 -0.2780
vn 0.0365 0.9388 -0.3426
vn -0.0056 0.9316 -0.3634
vn -0.0483 0.8956 -0.4422
vn -0.0309 0.9264 -0.3752
vn -0.1620 0.9548 -0.2493
vn -0.2625 0.9262 -0.2707
vn -0.5876 0.8057 -0.0746
vn -0.6728 0.7385 -0.0447
vn -0.7447 0.6659 -0.0461
vn 0.8249 0.5622 -0.0587
vn 0.7335 0.6795 -0.0134
vn 0.6362 0.7676 0.0779
vn 0.3202 0.9473 -0.0032
vn 0.0411 0.9987 0.0300
vn 0.0072 0.9941 -0.1081
vn -0.0091 0.9991 -0.0418
vn -0.0651 0.9880 -0.1403
vn -0.0845 0.9963 -0.0126
vn 0.0956 0.9953 0.0137
vn 0.0027 0.9991 -0.0431
vn 0.0734 0.9971 -0.0215
vn -0.0073 0.9949 -0.1001
vn 0.0513 0.9894 -0.1357
vn -0.0468 0.9983 -0.0359
vn -0.0268 0.9960 -0.0857
vn -0.0533 0.9978 -0.0391
vn -0.1438 0.9883 -0.0510
vn -0.0687 0.9922 -0.1037
vn 0.0018 0.9997 -0.0258
vn -0.0138 0.9998 -0.0124
vn -0.0665 0.9802 -0.1864
vn 0.0127 0.9874 -0.1578
vn -0.0047 0.9887 -0.1496
vn -0.0162 0.9829 -0.1835
vn 0.0478 0.9798 -0.1941
vn -0.0892 0.9859 -0.1416
vn 0.0143 0.9901 -0.1394
vn 0.0375 0.9932 -0.1106
vn -0.0325 0.9897 -0.1392
vn 0.0393 0.9957 -0.0839
vn -0.0791 0.9794 -0.1859
vn 0.0607 0.9929 -0.1024
vn 0.0074 0.9877 -0.1559
vn -0.0055 0.9939 -0.1103
vn 0.0754 0.9891 -0.1264
vn 0.0102 0.9998 -0.0185
vn 0.0548 0.9968 -0.0586
vn -0.0591 0.9980 -0.0203
vn -0.1229 0.9885 -0.0880
vn -0.3713 0.9265 -0.0618
vn -0.5775 0.8084 -0.1135
vn -0.6796 0.7299 -0.0734
vn -0.7835 0.6206 0.0304
vn 0.8211 0.5708 0.0064
vn 0.7430 0.6687 0.0276
vn 0.5995 0.7999 -0.0255
vn 0.4301 0.9002 0.0681
vn 0.0296 0.9940 -0.1055
vn -0.0611 0.9951 0.0778
vn 0.0008 0.9979 -0.0644
vn -0.0264 0.9997 -0.0004
vn 0.0004 0.9962 -0.0868
vn -0.0072 0.9946 0.1032
vn 0.0829 0.9965 -0.0078
vn 0.0781 0.9952 0.0585
vn 0.0794 0.9965 0.0249
vn -0.0219 0.9987 0.0457
vn 0.0019 0.9992 0.0404
vn -0.0340 0.9976 0.0602
vn -0.0494 0.9972 0.0569
vn -0.0399 0.9992 -0.0091
vn -0.0141 0.9996 -0.0235
vn -0.0317 0.9995 0.0007
vn -0.0016 0.9999 -0.0157
vn 0.0990 0.9935 -0.0568
vn 0.0037 0.9988 -0.0485
vn -0.0493 0.9945 -0.0921
vn 0.0020 0.9966 -0.0820
vn 0.0465 0.9988 -0.0182
vn 0.0271 0.9950 -0.0957
vn -0.0088 0.9948 -0.1013
vn -0.0215 0.9994 -0.0277
vn 0.0104 0.9998 0.0171
vn -0.0115 0.9998 -0.0135
vn -0.0732 0.9958 0.0546
vn -0.0633 0.9980 0.0008
vn 0.0460 0.9982 -0.0377
vn -0.0053 1.0000 -0.0018
vn -0.0104 0.9994 0.0325
vn 0.0901 0.9957 -0.0209
vn 0.0576 0.9966 0.0588
vn -0.0591 0.9982 -0.0064
vn -0.0158 0.9996 -0.0217
vn -0.3044 0.9525 0.0084
vn -0.5208 0.8536 -0.0112
vn -0.7102 0.7035 -0.0267
vn -0.7839 0.6205 0.0229
vn 0.7945 0.6049 -0.0533
vn 0.7196 0.6940 0.0201
vn 0.6250 0.7795 0.0421
vn 0.3549 0.9346 0.0227
vn 0.1889 0.9815 0.0314
vn -0.0478 0.9987 -0.0193
vn 0.0026 0.9997 -0.0224
vn -0.0236 0.9995 0.0195
vn -0.0070 0.9989 -0.0460
vn 0.0435 0.9922 -0.1172
vn -0.0164 0.9962 0.0855
vn -0.0083 0.9987 -0.0512
vn 0.0933 0.9956 0.0030
vn -0.0676 0.9968 0.0416
vn -0.0073 0.9989 0.0457
vn -0.0464 0.9988 -0.0172
vn -0.1007 0.9942 0.0381
vn -0.0456 0.9979 0.0469
vn -0.0056 0.9975 0.0701
vn 0.1225 0.9925 -0.0018
vn -0.0030 0.9996 -0.0280
vn 0.1534 0.9878 -0.0255
vn 0.0657 0.9923 -0.1047
vn -0.0282 0.9975 -0.0648
vn -0.0002 0.9953 -0.0972
vn 0.0101 0.9910 -0.1336
vn -0.0823 0.9959 -0.0384
vn -0.0245 0.9997 -0.0023
vn -0.0940 0.9947 -0.0413
vn 0.0104 0.9998 0.0168
vn -0.0071 0.9991 0.0424
vn -0.0862 0.9911 -0.1016
vn 0.0437 0.9940 -0.1003
vn -0.0036 0.9994 0.0345
vn -0.0137 0.9998 0.0124
vn 0.0018 0.9999 -0.0152
vn 0.0993 0.9948 0.0213
vn 0.0333 0.9976 -0.0600
vn -0.0134 0.9999 -0.0047
vn -0.1821 0.9797 0.0840
vn -0.3625 0.9316 0.0268
vn -0.5212 0.8527 0.0349
vn -0.6970 0.7150 0.0548
vn -0.7879 0.6130 0.0592
vn 0.7612 0.6485 -0.0045
vn 0.7197 0.6939 0.0210
vn 0.5978 0.8016 0.0071
vn 0.4103 0.9118 -0.0180
vn 0.1187 0.9912 0.0592
vn 0.0292 0.9952 -0.0929
vn 0.0157 0.9962 -0.0851
vn 0.0214 0.9917 -0.1269
vn -0.0442 0.9943 -0.0971
vn 0.0225 0.9995 0.0220
vn 0.0493 0.9985 -0.0250
vn 0.0543 0.9985 0.0050
vn 0.0773 0.9969 0.0125
vn -0.0337 0.9994 0.0080
vn 0.0323 0.9994 -0.0101
vn -0.0177 0.9979 0.0630
vn -0.0769 0.9925 0.0948
vn -0.0346 0.9970 0.0697
vn -0.0302 0.9995 -0.0134
vn 0.1216 0.9925 -0.0078
vn 0.0760 0.9923 -0.0975
vn 0.1103 0.9921 -0.0593
vn 0.0635 0.9960 -0.0634
vn -0.0601 0.9962 -0.0631
vn 0.0601 0.9941 -0.0901
vn -0.0668 0.9977 -0.0079
vn -0.0823 0.9959 -0.0385
vn -0.0727 0.9970 -0.0247
vn -0.0719 0.9973 0.0121
vn 0.0199 0.9992 -0.0360
vn -0.0361 0.9988 -0.0342
vn 0.0506 0.9984 -0.0240
vn -0.0012 1.0000 -0.0085
vn 0.0625 0.9964 -0.0574
vn 0.0014 0.9997 -0.0261
vn 0.0449 0.9947 -0.0921
vn -0.0351 0.9991 -0.0251
vn 0.0348 0.9994 0.0058
vn -0.0147 0.9970 -0.0761
vn -0.1277 0.9908 -0.0454
vn -0.3506 0.9363 -0.0219
vn -0.6182 0.7860 0.0007
vn -0.7025 0.7113 0.0244
vn -0.7785 0.6270 -0.0274
vn 0.7011 0.7128 -0.0213
vn 0.6788 0.7337 0.0294
vn 0.5821 0.8120 0.0417
vn 0.3638 0.9308 0.0358
vn 0.1320 0.9899 -0.0508
vn 0.0185 0.9994 -0.0284
vn 0.0559 0.9969 -0.0560
vn 0.0220 0.9996 -0.0181
vn -0.0453 0.9951 -0.0878
vn -0.0597 0.9970 -0.0488
vn 0.0433 0.9914 -0.1233
vn 0.0308 0.9990 -0.0329
vn 0.0219 0.9998 -0.0002
vn -0.1094 0.9921 0.0621
vn 0.0114 0.9987 0.0497
vn -0.1342 0.9902 0.0397
vn -0.0996 0.9944 -0.0363
vn -0.0193 0.9992 0.0360
vn 0.0341 0.9991 0.0246
vn 0.1340 0.9909 -0.0148
vn 0.0819 0.9965 -0.0173
vn 0.0797 0.9964 -0.0290
vn 0.0593 0.9980 -0.0218
vn 0.0336 0.9979 -0.0551
vn 0.0552 0.9979 -0.0341
vn -0.1338 0.9910 -0.0037
vn -0.0689 0.9973 0.0252
vn -0.0712 0.9973 0.0177
vn -0.0628 0.9979 -0.0126
vn -0.1182 0.9881 0.0979
vn -0.0415 0.9989 0.0206
vn 0.0520 0.9986 -0.0011
vn 0.0697 0.9950 -0.0714
vn 0.0639 0.9958 -0.0662
vn 0.0105 0.9935 -0.1129
vn -0.1052 0.9924 0.0640
vn 0.0120 0.9997 -0.0223
vn 0.0370 0.9993 -0.0073
vn 0.0341 0.9960 0.0825
vn 0.0273 0.9951 -0.0951
vn -0.3511 0.9362 0.0176
vn -0.6067 0.7949 -0.0109
vn -0.7214 0.6925 -0.0032
vn -0.7724 0.6351 -0.0111
vn 0.6972 0.7167 -0.0159
vn 0.6746 0.7381 -0.0119
vn 0.5890 0.8081 -0.0011
vn 0.3487 0.9346 -0.0699
vn 0.0739 0.9972 0.0088
vn 0.0291 0.9939 -0.1066
vn 0.0549 0.9936 -0.0986
vn -0.0122 0.9993 -0.0346
vn -0.0241 0.9982 0.0555
vn -0.0253 0.9978 -0.0611
vn 0.0169 0.9998 -0.0071
vn 0.0138 0.9979 -0.0640
vn 0.0217 0.9997 -0.0104
vn -0.1021 0.9944 0.0260
vn 0.0204 0.9976 0.0664
vn -0.1346 0.9908 0.0147
vn 0.0421 0.9970 0.0648
vn 0.0013 0.9995 -0.0304
vn -0.0102 0.9996 0.0276
vn 0.1120 0.9932 0.0328
vn 0.1425 0.9896 -0.0193
vn 0.0918 0.9950 -0.0390
vn 0.0060 1.0000 0.0078
vn 0.0527 0.9986 -0.0008
vn -0.0080 0.9986 0.0525
vn -0.1338 0.9910 -0.0043
vn -0.1216 0.9918 0.0393
vn -0.0699 0.9959 0.0572
vn -0.0780 0.9893 0.1233
vn 0.0397 0.9981 -0.0462
vn -0.0165 0.9998 0.0098
vn 0.0681 0.9977 0.0012
vn 0.0670 0.9973 0.0315
vn 0.0564 0.9971 -0.0503
vn 0.0298 0.9990 0.0342
vn -0.0692 0.9932 -0.0941
vn -0.0069 0.9972 -0.0746
vn 0.0206 0.9994 -0.0261
vn -0.0221 0.9997 -0.0074
vn -0.0693 0.9954 0.0656
vn -0.4032 0.9148 -0.0223
vn -0.6073 0.7944 -0.0040
vn -0.7235 0.6901 -0.0168
vn -0.7730 0.6336 0.0314
vn 0.7193 0.6872 -0.1015
vn 0.6645 0.7385 -0.1144
vn 0.5492 0.8355 -0.0201
vn 0.4294 0.8994 -0.0818
vn 0.2036 0.9711 -0.1246
vn 0.0526 0.9975 -0.0476
vn 0.0291 0.9992 -0.0291
vn 0.0163 0.9948 -0.1007
vn -0.0063 0.9934 -0.1144
vn -0.1097 0.9904 -0.0839
vn -0.0297 0.9995 -0.0109
vn 0.0020 0.9954 0.0962
vn 0.0022 0.9992 0.0392
vn -0.1419 0.9880 0.0603
vn -0.0399 0.9952 0.0894
vn -0.0469 0.9951 0.0874
vn 0.0020 0.9996 0.0277
vn 0.0077 0.9998 0.0167
vn 0.1060 0.9926 -0.0590
vn 0.0885 0.9955 -0.0341
vn 0.1436 0.9876 -0.0633
vn 0.1238 0.9914 -0.0417
vn 0.0019 0.9990 -0.0457
vn 0.0417 0.9982 0.0424
vn 0.0121 0.9997 0.0235
vn -0.0425 0.9927 0.1131
vn -0.1272 0.9847 0.1187
vn -0.0643 0.9925 0.1042
vn -0.1191 0.9914 0.0542
vn 0.0614 0.9936 0.0943
vn 0.0861 0.9963 0.0024
vn 0.0656 0.9969 -0.0441
vn 0.0812 0.9927 -0.0893
vn 0.0380 0.9991 -0.0198
vn -0.0115 0.9953 -0.0964
vn 0.0550 0.9979 -0.0328
vn -0.0568 0.9980 -0.0262
vn -0.0868 0.9947 0.0552
vn -0.0397 0.9986 -0.0350
vn -0.0802 0.9964 -0.0265
vn -0.4033 0.9148 -0.0203
vn -0.6063 0.7952 0.0001
vn -0.6787 0.7305 -0.0763
vn -0.7905 0.6125 -0.0012
vn 0.7770 0.6232 -0.0888
vn 0.6494 0.7562 -0.0800
vn 0.5674 0.8119 -0.1372
vn 0.3135 0.9496 0.0025
vn 0.1990 0.9782 -0.0601
vn 0.0338 0.9994 -0.0084
vn 0.0273 0.9996 -0.0057
vn 0.0212 0.9989 -0.0412
vn 0.0042 1.0000 0.0025
vn -0.1094 0.9918 -0.0664
vn -0.0261 0.9973 -0.0682
vn -0.1398 0.9901 -0.0139
vn 0.0030 0.9988 0.0480
vn -0.1115 0.9931 0.0365
vn -0.0662 0.9973 -0.0322
vn -0.0479 0.9979 -0.0446
vn -0.0068 1.0000 0.0030
vn 0.0074 0.9974 -0.0720
vn 0.1082 0.9901 -0.0893
vn 0.0332 0.9978 -0.0569
vn 0.1642 0.9864 -0.0007
vn 0.0930 0.9951 0.0347
vn 0.0064 1.0000 0.0055
vn 0.0148 0.9994 -0.0321
vn -0.0433 0.9991 -0.0004
vn -0.2273 0.9714 0.0692
vn -0.1136 0.9934 0.0132
vn -0.0697 0.9976 0.0011
vn -0.0643 0.9979 -0.0087
vn 0.0115 0.9972 -0.0739
vn 0.0791 0.9948 -0.0635
vn 0.1302 0.9896 -0.0605
vn 0.0691 0.9976 -0.0078
vn 0.0517 0.9933 -0.1038
vn -0.0572 0.9984 0.0016
vn -0.0738 0.9952 0.0645
vn -0.0598 0.9981 -0.0111
vn -0.0604 0.9976 -0.0324
vn -0.0635 0.9956 0.0687
vn -0.1075 0.9941 -0.0137
vn -0.4113 0.9107 0.0374
vn -0.5556 0.8311 -0.0248
vn -0.7416 0.6693 0.0460
vn -0.7673 0.6408 -0.0227
vn 0.7857 0.6183 0.0194
vn 0.6458 0.7632 -0.0224
vn 0.5755 0.8178 -0.0016
vn 0.3185 0.9466 -0.0502
vn 0.2382 0.9711 0.0122
vn 0.0301 0.9990 -0.0324
vn 0.0273 0.9996 -0.0049
vn 0.0372 0.9985 0.0395
vn -0.0004 0.9998 0.0204
vn -0.0302 0.9989 0.0360
vn -0.0870 0.9953 0.0415
vn -0.1358 0.9907 0.0023
vn -0.0329 0.9964 0.0786
vn -0.0382 0.9988 -0.0316
vn 0.0136 0.9969 0.0775
vn 0.0383 0.9992 -0.0125
vn -0.0839 0.9965 -0.0000
vn 0.0871 0.9962 -0.0062
vn 0.0559 0.9980 0.0285
vn 0.1005 0.9946 -0.0255
vn 0.1052 0.9907 -0.0860
vn 0.0400 0.9915 -0.1237
vn 0.0237 0.9995 -0.0189
vn -0.0072 1.0000 0.0025
vn -0.0449 0.9988 0.0173
vn -0.1136 0.9930 -0.0336
vn -0.0881 0.9960 -0.0158
vn -0.0041 0.9981 -0.0622
vn -0.0111 0.9962 -0.0868
vn 0.0654 0.9973 -0.0341
vn 0.0523 0.9974 -0.0498
vn 0.1311 0.9907 -0.0361
vn 0.1107 0.9900 -0.0876
vn 0.1035 0.9937 0.0425
vn -0.0590 0.9982 -0.0086
vn -0.0643 0.9962 -0.0583
vn -0.0082 0.9995 0.0318
vn -0.0527 0.9986 0.0082
vn -0.0553 0.9984 0.0061
vn -0.0477 0.9979 0.0427
vn -0.2930 0.9560 0.0174
vn -0.5700 0.8195 0.0593
vn -0.7280 0.6854 -0.0147
vn -0.7698 0.6382 0.0140
vn 0.7972 0.6036 0.0099
vn 0.6890 0.7243 0.0261
vn 0.5777 0.8159 0.0233
vn 0.4444 0.8932 -0.0685
vn 0.2050 0.9782 -0.0335
vn 0.0341 0.9993 -0.0177
vn -0.0293 0.9994 0.0189
vn 0.0229 0.9997 0.0120
vn -0.0000 1.0000 0.0057
vn -0.0329 0.9983 0.0489
vn -0.0999 0.9919 0.0788
vn -0.0942 0.9922 0.0815
vn -0.1172 0.9931 -0.0096
vn -0.0795 0.9965 0.0244
vn 0.0669 0.9954 -0.0692
vn -0.0226 0.9997 0.0017
vn 0.0090 0.9965 -0.0834
vn 0.0932 0.9948 -0.0409
vn 0.0695 0.9931 -0.0941
vn 0.0889 0.9928 -0.0801
vn 0.1573 0.9875 0.0128
vn -0.0330 0.9954 0.0897
vn 0.1043 0.9945 0.0042
vn -0.0056 0.9952 0.0975
vn -0.0777 0.9966 0.0270
vn -0.1138 0.9930 -0.0302
vn -0.0522 0.9961 -0.0714
vn -0.0042 0.9981 -0.0617
vn 0.0136 0.9954 -0.0948
vn 0.0600 0.9917 -0.1133
vn 0.0340 0.9948 -0.0959
vn 0.1090 0.9931 -0.0430
vn 0.0331 0.9963 0.0792
vn 0.0605 0.9967 -0.0536
vn -0.0673 0.9972 0.0315
vn -0.0373 0.9977 0.0561
vn -0.0410 0.9986 0.0324
vn -0.0167 0.9980 0.0602
vn -0.0518 0.9985 -0.0175
vn -0.0740 0.9969 -0.0254
vn -0.3918 0.9200 -0.0133
vn -0.5603 0.8282 0.0089
vn -0.6895 0.7239 -0.0222
vn -0.7927 0.6096 -0.0023
vn 0.8064 0.5890 0.0525
vn 0.7102 0.7027 0.0423
vn 0.5503 0.8350 0.0006
vn 0.3918 0.9187 0.0509
vn 0.0927 0.9954 0.0236
vn 0.0083 0.9999 0.0112
vn -0.0254 0.9996 -0.0085
vn -0.0512 0.9974 0.0507
vn 0.0399 0.9979 0.0514
vn -0.1486 0.9863 0.0720
vn -0.1152 0.9929 0.0288
vn -0.0231 0.9995 -0.0210
vn -0.0494 0.9988 -0.0003
vn -0.0793 0.9966 0.0236
vn 0.0816 0.9933 0.0813
vn 0.0696 0.9974 -0.0165
vn -0.0384 0.9987 0.0323
vn 0.0519 0.9986 0.0123
vn 0.0995 0.9949 0.0148
vn 0.0168 0.9998 0.0100
vn 0.0918 0.9955 0.0234
vn 0.1131 0.9815 -0.1544
vn 0.0627 0.9860 0.1543
vn -0.0662 0.9957 0.0652
vn 0.0011 0.9982 0.0603
vn -0.0570 0.9984 -0.0042
vn -0.0230 0.9985 -0.0495
vn -0.0268 0.9988 -0.0401
vn 0.0158 0.9983 -0.0554
vn 0.0804 0.9947 -0.0645
vn 0.0327 0.9965 -0.0768
vn 0.0575 0.9931 -0.1025
vn -0.0045 0.9999 -0.0134
vn -0.0661 0.9895 0.1282
vn 0.0216 0.9996 -0.0196
vn -0.0684 0.9971 0.0346
vn -0.0270 0.9967 0.0769
vn -0.0501 0.9977 0.0449
vn 0.0088 0.9987 0.0506
vn -0.0634 0.9942 0.0864
vn -0.2881 0.9572 0.0261
vn -0.5912 0.8061 -0.0254
vn -0.6902 0.7233 0.0193
vn -0.7862 0.6180 0.0009
vn 0.7858 0.6185 0.0004
vn 0.7107 0.7034 -0.0114
vn 0.5502 0.8350 -0.0082
vn 0.3850 0.9225 -0.0274
vn 0.0892 0.9957 -0.0230
vn 0.0078 0.9999 0.0073
vn -0.0300 0.9987 0.0419
vn -0.0693 0.9963 -0.0509
vn 0.0400 0.9976 0.0560
vn -0.1531 0.9881 0.0118
vn -0.0474 0.9984 0.0312
vn -0.0492 0.9972 0.0562
vn -0.0130 0.9996 0.0241
vn -0.1239 0.9922 -0.0101
vn -0.0200 0.9996 0.0179
vn 0.0784 0.9957 0.0485
vn -0.0011 0.9977 -0.0672
vn 0.0646 0.9950 -0.0756
vn 0.1176 0.9705 -0.2104
vn 0.1165 0.8729 -0.4738
vn 0.0438 0.9250 -0.3775
vn -0.0223 0.9546 -0.2970
vn -0.1431 0.8872 -0.4386
vn 0.1291 0.9530 -0.2740
vn -0.0956 0.9696 -0.2253
vn -0.2779 0.9603 -0.0236
vn 0.0689 0.9975 -0.0159
vn -0.0293 0.9968 -0.0739
vn 0.0146 0.9934 -0.1142
vn 0.0259 0.9983 -0.0515
vn 0.0596 0.9964 -0.0609
vn -0.0180 0.9995 -0.0253
vn -0.0060 0.9996 -0.0274
vn -0.0750 0.9970 -0.0166
vn -0.0430 0.9976 0.0550
vn -0.0643 0.9976 0.0264
vn -0.0683 0.9974 0.0210
vn -0.0381 0.9959 0.0821
vn 0.0068 0.9990 0.0438
vn -0.1346 0.9895 0.0529
vn -0.2354 0.9717 -0.0179
vn -0.5877 0.8091 -0.0058
vn -0.6986 0.7095 -0.0926
vn -0.7877 0.6151 -0.0354
vn 0.7954 0.6052 -0.0328
vn 0.6832 0.7291 0.0415
vn 0.6178 0.7850 -0.0447
vn 0.4288 0.9034 -0.0048
vn 0.1533 0.9877 0.0307
vn -0.0136 0.9988 0.0480
vn 0.0353 0.9984 -0.0450
vn 0.0257 0.9997 0.0007
vn -0.0768 0.9970 -0.0055
vn -0.0823 0.9946 -0.0638
vn -0.1569 0.9876 0.0086
vn -0.0250 0.9989 -0.0399
vn -0.0117 0.9999 0.0114
vn -0.1191 0.9929 0.0054
vn -0.0223 0.9943 -0.1039
vn 0.0373 0.9858 -0.1639
vn 0.1185 0.9864 -0.1139
vn 0.3552 0.7971 -0.4884
vn 0.1447 0.9332 -0.3289
vn 0.0651 0.9724 -0.2240
vn 0.0011 0.9900 -0.1409
vn -0.0506 0.9811 -0.1868
vn 0.0429 0.9766 -0.2109
vn -0.0558 0.9660 -0.2525
vn -0.0741 0.9579 -0.2774
vn -0.2873 0.8860 -0.3640
vn 0.0760 0.9955 0.0565
vn 0.0134 0.9992 0.0364
vn 0.0922 0.9956 -0.0143
vn 0.0244 0.9980 -0.0585
vn 0.0604 0.9980 -0.0174
vn -0.0133 0.9998 0.0154
vn -0.0117 0.9999 -0.0074
vn -0.0779 0.9966 -0.0271
vn -0.0385 0.9992 -0.0102
vn -0.1017 0.9945 0.0269
vn -0.0673 0.9976 -0.0166
vn -0.1005 0.9949 -0.0024
vn 0.0054 0.9994 0.0354
vn -0.1018 0.9948 0.0065
vn -0.2828 0.9499 0.1332
vn -0.5779 0.8122 0.0801
vn -0.6576 0.7488 0.0831
vn -0.7693 0.6389 -0.0023
vn 0.7951 0.6063 -0.0161
vn 0.6802 0.7324 -0.0309
vn 0.6048 0.7963 0.0118
vn 0.3921 0.9197 -0.0197
vn 0.1427 0.9896 -0.0177
vn -0.0102 0.9999 -0.0111
vn 0.0309 0.9995 0.0095
vn -0.0284 0.9996 0.0032
vn -0.0278 0.9991 -0.0317
vn -0.0456 0.9982 0.0398
vn -0.0050 0.9976 -0.0696
vn -0.1184 0.9923 0.0365
vn -0.0180 0.9998 0.0114
vn -0.0623 0.9932 -0.0981
vn 0.0070 0.9985 -0.0539
vn 0.0502 0.9985 -0.0229
vn 0.4072 0.8481 -0.3391
vn 0.3596 0.9133 -0.1910
vn 0.1551 0.9778 -0.1406
vn 0.1228 0.9900 -0.0699
vn -0.0058 0.9997 -0.0241
vn -0.0425 0.9988 -0.0262
vn 0.0466 0.9989 -0.0097
vn 0.0312 0.9994 -0.0159
vn -0.0468 0.9915 -0.1211
vn -0.1092 0.9833 -0.1456
vn -0.2781 0.9272 -0.2509
vn -0.3266 0.9445 0.0353
vn 0.1409 0.9899 0.0143
vn 0.0944 0.9953 -0.0200
vn -0.0265 0.9991 0.0319
vn -0.0027 0.9995 -0.0306
vn -0.0186 0.9998 -0.0085
vn -0.0485 0.9948 0.0895
vn -0.0426 0.9957 0.0819
vn -0.0308 0.9985 -0.0457
vn -0.0259 0.9997 -0.0051
vn -0.1240 0.9923 0.0020
vn -0.0036 0.9996 0.0291
vn -0.1031 0.9947 -0.0004
vn -0.3748 0.9269 0.0196
vn -0.5435 0.8357 0.0790
vn -0.7230 0.6746 0.1489
vn -0.7851 0.6013 0.1487
vn 0.7818 0.6233 -0.0170
vn 0.6884 0.7239 -0.0451
vn 0.5918 0.8060 -0.0118
vn 0.3915 0.9200 0.0194
vn 0.1412 0.9857 0.0925
vn 0.0355 0.9994 0.0020
vn 0.0309 0.9991 0.0296
vn 0.0065 0.9998 0.0167
vn -0.0286 0.9994 0.0178
vn -0.1144 0.9932 -0.0192
vn -0.0128 0.9973 0.0727
vn -0.0303 0.9986 -0.0437
vn -0.0280 0.9988 -0.0412
vn 0.0529 0.9986 0.0017
vn 0.0300 0.9993 -0.0215
vn 0.0751 0.9756 -0.2065
vn 0.3344 0.9231 -0.1897
vn 0.1058 0.9834 -0.1471
vn -0.0197 0.9969 0.0763
vn -0.1007 0.9890 0.1082
vn -0.0817 0.9794 0.1848
vn -0.0233 0.9700 0.2418
vn 0.0435 0.9821 0.1835
vn 0.0211 0.9900 0.1397
vn -0.0633 0.9978 0.0206
vn 0.0025 0.9985 -0.0545
vn -0.2052 0.9586 -0.1975
vn -0.3586 0.9003 -0.2468
vn 0.1275 0.9874 0.0942
vn 0.1003 0.9921 0.0759
vn 0.0656 0.9977 -0.0198
vn 0.0015 0.9998 0.0187
vn -0.0168 0.9998 0.0053
vn -0.1319 0.9900 -0.0508
vn -0.0451 0.9990 -0.0001
vn -0.0632 0.9956 0.0689
vn -0.0759 0.9943 0.0753
vn -0.0114 0.9996 -0.0276
vn -0.0239 0.9994 -0.0252
vn -0.0581 0.9969 -0.0536
vn -0.3864 0.9222 -0.0178
vn -0.6146 0.7873 0.0496
vn -0.7480 0.6630 0.0313
vn -0.7853 0.6136 0.0822
vn 0.7600 0.6491 0.0320
vn 0.7565 0.6524 -0.0449
vn 0.5273 0.8468 0.0697
vn 0.3848 0.9225 0.0313
vn 0.1679 0.9853 -0.0302
vn 0.0328 0.9991 0.0279
vn -0.0364 0.9973 0.0642
vn 0.0369 0.9967 0.0721
vn -0.0546 0.9946 0.0881
vn -0.0489 0.9986 0.0192
vn -0.0942 0.9955 -0.0083
vn -0.0233 0.9997 0.0065
vn -0.0370 0.9993 0.0065
vn -0.0017 1.0000 0.0006
vn 0.0132 0.9954 -0.0945
vn 0.3428 0.9275 -0.1492
vn 0.3416 0.9361 -0.0844
vn 0.0919 0.9958 0.0035
vn -0.0913 0.9951 0.0383
vn -0.0970 0.9763 0.1935
vn -0.1639 0.9256 0.3411
vn -0.0039 0.9313 0.3642
vn 0.0431 0.9236 0.3808
vn 0.0767 0.9882 0.1322
vn 0.1950 0.9790 0.0588
vn 0.0611 0.9971 -0.0443
vn -0.0966 0.9918 -0.0834
vn -0.2726 0.9477 -0.1659
vn -0.3356 0.9408 -0.0480
vn 0.1688 0.9856 0.0106
vn 0.0058 0.9997 0.0226
vn 0.0233 0.9997 0.0091
vn -0.1004 0.9915 0.0824
vn -0.0430 0.9971 0.0621
vn -0.0897 0.9952 0.0384
vn -0.0745 0.9971 0.0138
vn -0.0503 0.9972 -0.0548
vn -0.0279 0.9987 -0.0424
vn -0.0272 0.9943 -0.1029
vn -0.0417 0.9928 -0.1127
vn -0.4010 0.9155 -0.0318
vn -0.6197 0.7842 -0.0322
vn -0.7335 0.6794 -0.0201
vn -0.7967 0.6044 -0.0022
vn 0.8092 0.5829 0.0728
vn 0.6861 0.7147 0.1357
vn 0.5302 0.8467 -0.0443
vn 0.3802 0.9229 0.0609
vn 0.0967 0.9933 0.0636
vn -0.0526 0.9981 0.0328
vn -0.0516 0.9986 0.0089
vn -0.0788 0.9902 0.1152
vn -0.0227 0.9968 0.0773
vn 0.0178 0.9976 0.0670
vn -0.0657 0.9975 0.0257
vn -0.0083 0.9988 0.0477
vn -0.0235 0.9988 0.0428
vn 0.0016 1.0000 -0.0058
vn 0.1645 0.9864 -0.0024
vn 0.4777 0.8655 -0.1509
vn 0.2290 0.9704 -0.0764
vn 0.0911 0.9958 -0.0067
vn -0.2495 0.9560 0.1544
vn -0.2625 0.9202 0.2905
vn -0.2903 0.9435 0.1598
vn -0.0487 0.9773 0.2062
vn -0.0576 0.9632 0.2624
vn 0.3180 0.8951 0.3124
vn 0.1927 0.9714 0.1390
vn 0.2179 0.9753 0.0361
vn -0.0290 0.9990 0.0345
vn -0.1901 0.9817 -0.0095
vn -0.4114 0.9113 0.0147
vn 0.1748 0.9844 -0.0185
vn -0.0323 0.9994 0.0157
vn 0.0244 0.9997 0.0008
vn -0.1195 0.9872 -0.1055
vn -0.0421 0.9984 0.0390
vn -0.0871 0.9908 0.1038
vn -0.0327 0.9995 -0.0002
vn 0.0041 1.0000 -0.0030
vn 0.0296 0.9989 -0.0354
vn 0.0235 0.9997 -0.0084
vn -0.0548 0.9982 -0.0240
vn -0.4122 0.9038 -0.1149
vn -0.6220 0.7830 0.0009
vn -0.7231 0.6898 -0.0348
vn -0.8037 0.5936 -0.0415
vn 0.8118 0.5820 0.0479
vn 0.6927 0.7212 0.0094
vn 0.6201 0.7832 0.0459
vn 0.3522 0.9357 -0.0210
vn 0.0985 0.9918 0.0812
vn -0.0019 0.9953 0.0966
vn -0.0009 0.9984 0.0564
vn -0.0481 0.9988 0.0105
vn -0.0173 0.9988 0.0462
vn -0.0026 0.9978 0.0658
vn -0.0530 0.9932 0.1041
vn -0.0569 0.9970 0.0525
vn 0.0789 0.9949 -0.0634
vn 0.0449 0.9985 -0.0317
vn 0.1227 0.9789 -0.1635
vn 0.4626 0.8859 -0.0342
vn 0.1841 0.9816 0.0506
vn -0.0036 0.9970 0.0774
vn -0.2172 0.9753 0.0387
vn -0.4085 0.8967 0.1702
vn 0.0264 0.9994 -0.0216
vn 0.0089 0.9997 0.0219
vn -0.0523 0.9985 -0.0174
vn 0.0788 0.9828 0.1670
vn 0.3730 0.9250 0.0726
vn 0.2321 0.9717 0.0436
vn 0.0049 0.9988 -0.0488
vn -0.1902 0.9815 -0.0216
vn -0.4117 0.9064 -0.0945
vn 0.1673 0.9859 0.0046
vn 0.0472 0.9986 -0.0234
vn 0.0465 0.9945 0.0944
vn -0.0651 0.9958 0.0642
vn -0.1235 0.9909 0.0532
vn -0.0196 0.9998 -0.0030
vn -0.0232 0.9985 0.0492
vn 0.0135 0.9996 0.0247
vn 0.0159 0.9994 0.0291
vn 0.0388 0.9989 -0.0248
vn -0.0288 0.9985 -0.0465
vn -0.3524 0.9348 0.0434
vn -0.6373 0.7698 -0.0344
vn -0.7378 0.6749 -0.0124
vn -0.8057 0.5921 -0.0148
vn 0.8004 0.5980 0.0421
vn 0.7044 0.7042 0.0884
vn 0.5736 0.8150 0.0820
vn 0.3894 0.9166 0.0909
vn 0.0578 0.9980 0.0261
vn -0.0052 0.9995 0.0308
vn -0.0177 0.9986 0.0497
vn -0.0506 0.9960 0.0738
vn -0.0598 0.9915 0.1155
vn -0.0025 0.9978 0.0663
vn -0.0530 0.9984 -0.0205
vn -0.0149 0.9998 0.0103
vn 0.0160 0.9970 0.0759
vn 0.0151 0.9912 0.1319
vn 0.1957 0.9807 -0.0019
vn 0.3810 0.9246 -0.0052
vn 0.1571 0.9876 -0.0026
vn -0.0764 0.9969 -0.0204
vn -0.1577 0.9872 -0.0254
vn -0.3604 0.9231 -0.1345
vn -0.2071 0.9783 -0.0048
vn 0.0098 0.9999 0.0106
vn -0.0107 0.9997 -0.0203
vn 0.1689 0.9674 -0.1889
vn 0.3762 0.9247 -0.0579
vn 0.2058 0.9778 -0.0394
vn -0.0046 1.0000 0.0042
vn -0.2176 0.9760 0.0071
vn -0.3727 0.9279 -0.0039
vn 0.0439 0.9990 -0.0101
vn 0.0266 0.9996 0.0113
vn -0.0432 0.9991 0.0005
vn -0.1221 0.9901 0.0694
vn -0.0822 0.9965 0.0130
vn -0.0456 0.9955 0.0829
vn -0.0009 0.9988 0.0494
vn 0.0519 0.9985 0.0199
vn 0.0187 0.9998 0.0118
vn 0.0411 0.9991 -0.0082
vn -0.1098 0.9927 0.0507
vn -0.3947 0.9188 0.0007
vn -0.5718 0.8128 -0.1115
vn -0.7581 0.6503 -0.0490
vn -0.7712 0.6256 -0.1176
vn 0.7744 0.6321 -0.0266
vn 0.7129 0.7012 0.0034
vn 0.5727 0.8185 0.0444
vn 0.3860 0.9219 0.0324
vn 0.0864 0.9947 0.0560
vn -0.0138 0.9998 0.0162
vn -0.1028 0.9905 0.0918
vn -0.0369 0.9993 -0.0103
vn -0.0678 0.9972 -0.0313
vn -0.0035 0.9983 -0.0581
vn 0.0045 0.9999 0.0157
vn -0.0532 0.9967 -0.0615
vn -0.0229 0.9985 -0.0495
vn 0.0817 0.9966 -0.0115
vn 0.1441 0.9806 0.1332
vn 0.3789 0.9224 0.0751
vn 0.1590 0.9872 0.0106
vn -0.0690 0.9937 -0.0880
vn -0.1493 0.9848 -0.0890
vn -0.2102 0.9326 -0.2934
vn -0.1841 0.9770 -0.1077
vn -0.1947 0.9800 0.0412
vn 0.0393 0.9768 -0.2104
vn 0.1677 0.9629 -0.2115
vn 0.2645 0.9607 -0.0844
vn 0.0891 0.9960 0.0057
vn -0.0350 0.9993 0.0150
vn -0.2190 0.9745 0.0498
vn -0.5710 0.8080 0.1453
vn 0.1949 0.9803 -0.0313
vn 0.0184 0.9995 -0.0265
vn -0.0235 0.9994 -0.0236
vn -0.1150 0.9931 -0.0244
vn -0.1461 0.9887 0.0333
vn -0.0703 0.9975 0.0116
vn -0.0507 0.9977 0.0450
vn 0.1084 0.9936 0.0313
vn 0.0199 0.9998 0.0092
vn 0.0584 0.9983 0.0086
vn -0.1106 0.9939 -0.0012
vn -0.3040 0.9489 -0.0850
vn -0.5562 0.8300 0.0425
vn -0.7555 0.6422 -0.1294
vn -0.7719 0.6286 -0.0949
vn 0.7741 0.6330 -0.0016
vn 0.7036 0.7101 0.0263
vn 0.5630 0.8240 0.0640
vn 0.4221 0.9058 0.0383
vn 0.1254 0.9921 -0.0068
vn 0.0454 0.9990 -0.0034
vn -0.0903 0.9946 -0.0504
vn -0.0441 0.9990 0.0032
vn 0.0209 0.9984 -0.0522
vn 0.0196 0.9998 -0.0068
vn 0.0420 0.9890 -0.1420
vn 0.0270 0.9995 -0.0159
vn 0.0282 0.9985 -0.0479
vn 0.0069 0.9995 -0.0311
vn 0.0428 0.9981 0.0436
vn 0.3737 0.9129 0.1645
vn 0.1553 0.9786 0.1352
vn 0.0601 0.9979 0.0256
vn -0.1486 0.9824 -0.1132
vn -0.2019 0.9554 -0.2155
vn -0.2972 0.8763 -0.3790
vn -0.1642 0.8553 -0.4914
vn 0.0710 0.9350 -0.3475
vn 0.1533 0.9667 -0.2048
vn 0.1301 0.9868 -0.0966
vn 0.0884 0.9959 0.0169
vn -0.1252 0.9859 0.1108
vn -0.2302 0.9652 0.1242
vn -0.1685 0.9681 -0.1854
vn 0.1509 0.9886 -0.0007
vn 0.0196 0.9961 0.0857
vn -0.0474 0.9942 0.0966
vn -0.1204 0.9889 0.0866
vn -0.0380 0.9993 -0.0065
vn -0.0910 0.9958 0.0073
vn -0.0500 0.9978 0.0426
vn 0.1101 0.9928 0.0466
vn 0.0432 0.9977 0.0529
vn -0.0808 0.9967 -0.0090
vn -0.3921 0.9165 0.0793
vn -0.5859 0.8091 -0.0453
vn -0.6798 0.7331 0.0219
vn -0.7908 0.6117 0.0224
vn 0.7521 0.6574 -0.0479
vn 0.6285 0.7762 0.0492
vn 0.5510 0.8331 0.0481
vn 0.3585 0.9224 0.1437
vn 0.1699 0.9851 0.0262
vn 0.0312 0.9968 0.0731
vn 0.0848 0.9964 -0.0009
vn -0.0324 0.9949 -0.0952
vn 0.0250 0.9939 -0.1070
vn -0.0358 0.9937 -0.1062
vn 0.0378 0.9991 -0.0205
vn -0.0340 0.9975 -0.0617
vn 0.0370 0.9974 -0.0617
vn -0.0581 0.9981 -0.0187
vn -0.0447 0.9974 0.0563
vn 0.2546 0.9384 0.2337
vn 0.2295 0.9612 0.1529
vn 0.2379 0.9657 0.1041
vn 0.0274 0.9970 0.0726
vn 0.0623 0.9900 -0.1268
vn -0.0826 0.9861 -0.1444
vn 0.0051 0.9677 -0.2521
vn -0.0604 0.9958 -0.0684
vn 0.0175 0.9978 -0.0634
vn 0.1493 0.9876 0.0479
vn -0.0308 0.9948 0.0972
vn -0.2327 0.9595 0.1586
vn -0.3513 0.8953 0.2740
vn 0.1886 0.9787 -0.0808
vn 0.1593 0.9865 0.0378
vn -0.1288 0.9905 -0.0489
vn -0.1337 0.9893 0.0591
vn -0.1096 0.9930 0.0448
vn -0.0318 0.9986 0.0427
vn -0.1043 0.9920 0.0710
vn -0.0583 0.9983 -0.0059
vn 0.0588 0.9975 0.0402
vn 0.0814 0.9960 0.0375
vn 0.0497 0.9985 -0.0227
vn -0.0228 0.9997 -0.0080
vn -0.3942 0.9190 -0.0041
vn -0.5722 0.8201 -0.0020
vn -0.7087 0.7040 0.0458
vn -0.7905 0.6105 0.0485
vn 0.7140 0.7000 -0.0112
vn 0.6212 0.7807 -0.0680
vn 0.5528 0.8331 0.0173
vn 0.3888 0.9213 0.0089
vn 0.1575 0.9874 0.0118
vn 0.0055 0.9956 -0.0937
vn 0.0080 0.9981 -0.0611
vn 0.0884 0.9955 -0.0346
vn 0.0121 0.9991 -0.0404
vn 0.0833 0.9767 -0.1977
vn -0.0255 0.9964 -0.0804
vn -0.0475 0.9867 -0.1557
vn -0.0580 0.9978 -0.0334
vn -0.0557 0.9976 -0.0415
vn -0.0447 0.9971 0.0616
vn 0.1300 0.9785 0.1602
vn 0.1757 0.9208 0.3482
vn 0.2270 0.9595 0.1666
vn 0.0990 0.9905 0.0956
vn 0.0863 0.9945 0.0595
vn 0.0014 0.9994 0.0333
vn 0.0176 0.9998 0.0048
vn -0.0697 0.9965 -0.0455
vn -0.0490 0.9986 0.0190
vn 0.0296 0.9994 0.0160
vn -0.1932 0.9493 0.2481
vn -0.3070 0.8903 0.3364
vn -0.3148 0.9418 0.1181
vn 0.0651 0.9937 0.0917
vn 0.0320 0.9951 0.0931
vn -0.0238 0.9958 0.0882
vn -0.0572 0.9972 0.0492
vn -0.0692 0.9976 0.0081
vn -0.0319 0.9986 0.0425
vn -0.1418 0.9899 -0.0053
vn -0.0142 0.9998 -0.0111
vn 0.0571 0.9980 -0.0254
vn 0.0124 0.9981 0.0599
vn 0.0367 0.9987 0.0350
vn 0.0086 0.9994 0.0323
vn -0.3304 0.9438 -0.0076
vn -0.5839 0.8108 0.0417
vn -0.7039 0.7103 -0.0082
vn -0.7923 0.6100 0.0144
vn 0.7083 0.7011 -0.0822
vn 0.6342 0.7730 0.0161
vn 0.5303 0.8448 -0.0713
vn 0.3971 0.9161 -0.0559
vn 0.1145 0.9916 -0.0607
vn 0.0980 0.9952 0.0050
vn 0.0746 0.9964 -0.0395
vn 0.0908 0.9944 -0.0541
vn 0.0116 0.9961 -0.0877
vn 0.0351 0.9979 -0.0545
vn -0.0396 0.9946 -0.0954
vn 0.0076 0.9952 -0.0971
vn -0.0581 0.9962 -0.0644
vn -0.0586 0.9983 0.0022
vn -0.0785 0.9963 -0.0337
vn -0.0771 0.9947 0.0678
vn 0.0931 0.9934 0.0669
vn 0.3188 0.8760 0.3619
vn 0.1861 0.9410 0.2827
vn 0.1099 0.9685 0.2234
vn 0.0152 0.9862 0.1649
vn 0.0202 0.9804 0.1962
vn -0.0638 0.9890 0.1334
vn -0.0244 0.9885 0.1494
vn -0.1961 0.9159 0.3503
vn -0.1369 0.9297 0.3418
vn 0.0178 0.9965 0.0821
vn -0.0857 0.9945 0.0603
vn 0.0638 0.9978 0.0160
vn -0.0325 0.9956 0.0882
vn 0.0061 0.9998 -0.0173
vn -0.0924 0.9952 0.0310
vn -0.0773 0.9961 -0.0427
vn -0.0573 0.9983 0.0124
vn -0.0579 0.9983 0.0033
vn 0.0770 0.9957 -0.0510
vn 0.0541 0.9983 0.0211
vn 0.0016 0.9983 -0.0575
vn 0.0032 0.9999 0.0124
vn -0.0352 0.9981 0.0503
vn -0.3628 0.9318 -0.0090
vn -0.5819 0.8089 -0.0840
vn -0.7065 0.7071 -0.0288
vn -0.7905 0.6125 -0.0011
vn 0.7354 0.6776 -0.0020
vn 0.5950 0.8029 -0.0373
vn 0.5779 0.8160 -0.0140
vn 0.3939 0.9187 -0.0289
vn 0.1119 0.9931 -0.0357
vn 0.0277 0.9996 -0.0111
vn 0.0738 0.9967 -0.0341
vn 0.1291 0.9905 -0.0474
vn 0.0565 0.9984 0.0050
vn 0.0023 0.9983 0.0574
vn 0.0176 0.9989 -0.0441
vn -0.0439 0.9989 0.0143
vn -0.0935 0.9956 0.0105
vn -0.1249 0.9919 0.0213
vn -0.0766 0.9959 -0.0484
vn -0.1411 0.9898 -0.0173
vn 0.0930 0.9938 0.0617
vn 0.1327 0.9587 0.2518
vn 0.0811 0.9476 0.3090
vn 0.1671 0.8891 0.4261
vn 0.0672 0.9003 0.4300
vn 0.0385 0.9055 0.4226
vn -0.1015 0.9047 0.4137
vn -0.0279 0.9153 0.4019
vn 0.0019 0.9832 0.1825
vn -0.1387 0.9847 0.1059
vn 0.0298 0.9978 0.0589
vn 0.0374 0.9991 -0.0224
vn 0.0704 0.9950 0.0706
vn 0.0283 0.9996 0.0051
vn 0.0575 0.9956 0.0739
vn 0.0065 0.9973 -0.0725
vn -0.0140 0.9991 0.0400
vn -0.1360 0.9899 0.0389
vn -0.0607 0.9966 -0.0563
vn 0.0243 0.9997 -0.0041
vn -0.0358 0.9994 0.0031
vn 0.0721 0.9973 0.0156
vn 0.0275 0.9993 -0.0261
vn -0.0248 0.9994 -0.0249
vn -0.3070 0.9515 0.0173
vn -0.5898 0.8062 0.0465
vn -0.7181 0.6945 0.0439
vn -0.7761 0.6296 -0.0360
vn 0.7340 0.6776 -0.0470
vn 0.6599 0.7373 -0.1445
vn 0.5668 0.8199 -0.0807
vn 0.3426 0.9392 0.0217
vn 0.0885 0.9955 0.0327
vn 0.1229 0.9915 -0.0435
vn 0.0768 0.9965 -0.0333
vn 0.0655 0.9970 0.0408
vn -0.0384 0.9985 0.0400
vn 0.0073 0.9999 -0.0085
vn -0.0655 0.9952 0.0723
vn -0.0631 0.9927 0.1025
vn -0.0803 0.9954 0.0523
vn -0.0519 0.9971 -0.0561
vn -0.1082 0.9936 0.0326
vn -0.1575 0.9802 -0.1196
vn 0.0251 0.9997 -0.0078
vn 0.0290 0.9995 0.0106
vn 0.0284 0.9973 0.0679
vn 0.1320 0.9833 0.1250
vn 0.0989 0.9699 0.2226
vn 0.0329 0.9619 0.2715
vn 0.0010 0.9867 0.1626
vn -0.0160 0.9973 0.0719
vn 0.0064 0.9985 0.0548
vn -0.0407 0.9991 0.0121
vn 0.0269 0.9994 0.0201
vn 0.0403 0.9985 -0.0379
vn 0.0310 0.9989 -0.0349
vn 0.0022 0.9997 -0.0237
vn 0.0369 0.9989 -0.0272
vn -0.0885 0.9941 0.0628
vn -0.1694 0.9727 -0.1583
vn -0.0461 0.9985 -0.0305
vn -0.0413 0.9991 0.0028
vn -0.0476 0.9917 -0.1196
vn 0.0847 0.9961 0.0247
vn 0.1243 0.9885 -0.0857
vn -0.0055 0.9965 -0.0833
vn -0.3552 0.9339 0.0411
vn -0.5553 0.8262 -0.0945
vn -0.6963 0.7163 -0.0461
vn -0.7644 0.6443 0.0242
vn 0.7555 0.6520 -0.0647
vn 0.6604 0.7467 -0.0791
vn 0.5104 0.8573 -0.0670
vn 0.3423 0.9279 -0.1478
vn 0.0671 0.9856 -0.1554
vn 0.1164 0.9930 -0.0211
vn 0.0709 0.9975 0.0036
vn 0.0566 0.9983 0.0171
vn -0.0334 0.9992 -0.0218
vn 0.0617 0.9957 0.0692
vn -0.0656 0.9952 0.0733
vn -0.0348 0.9990 0.0284
vn -0.0354 0.9986 0.0400
vn 0.0377 0.9971 -0.0664
vn -0.0858 0.9830 -0.1624
vn -0.0775 0.9953 -0.0581
vn -0.0210 0.9992 -0.0332
vn -0.0398 0.9981 0.0462
vn -0.0594 0.9977 0.0318
vn 0.0546 0.9985 0.0004
vn 0.0095 0.9993 0.0351
vn -0.0594 0.9971 0.0473
vn -0.0133 0.9979 0.0636
vn -0.0152 0.9962 0.0861
vn 0.0464 0.9969 0.0629
vn 0.1338 0.9902 -0.0405
vn -0.0175 0.9997 -0.0197
vn 0.1146 0.9905 -0.0762
vn 0.0322 0.9978 -0.0574
vn -0.0463 0.9989 -0.0014
vn 0.0775 0.9967 -0.0227
vn -0.0554 0.9979 -0.0343
vn -0.0615 0.9973 -0.0408
vn 0.0018 0.9999 -0.0120
vn -0.0961 0.9952 0.0197
vn 0.0165 0.9995 -0.0261
vn 0.0757 0.9962 -0.0433
vn -0.0032 0.9961 -0.0886
vn 0.0909 0.9930 -0.0759
vn -0.0855 0.9961 0.0222
vn -0.3468 0.9349 -0.0759
vn -0.4982 0.8608 0.1039
vn -0.6820 0.7309 0.0250
vn -0.7847 0.6199 0.0075
vn 0.7843 0.6204 0.0082
vn 0.6872 0.7257 0.0325
vn 0.5584 0.8284 -0.0430
vn 0.3221 0.9451 -0.0558
vn 0.0706 0.9948 -0.0729
vn -0.0953 0.9950 -0.0288
vn 0.0523 0.9986 -0.0049
vn -0.0053 0.9998 0.0203
vn 0.0224 0.9993 0.0299
vn -0.0610 0.9960 0.0655
vn 0.0333 0.9991 0.0246
vn -0.0585 0.9982 0.0136
vn -0.0061 0.9990 -0.0444
vn 0.0427 0.9991 -0.0071
vn -0.0357 0.9994 0.0010
vn -0.0163 0.9991 -0.0383
vn -0.0349 0.9976 -0.0594
vn -0.0568 0.9969 -0.0536
vn -0.0571 0.9974 -0.0430
vn 0.0724 0.9960 0.0525
vn 0.0009 0.9965 0.0833
vn -0.0016 0.9997 0.0261
vn 0.0054 1.0000 -0.0020
vn -0.0079 0.9972 -0.0748
vn -0.0061 0.9916 -0.1296
vn 0.1290 0.9886 -0.0774
vn 0.0077 0.9954 -0.0960
vn 0.1309 0.9913 -0.0165
vn 0.0276 0.9982 -0.0532
vn -0.0614 0.9951 -0.0774
vn -0.0517 0.9967 0.0634
vn -0.0742 0.9971 0.0196
vn -0.0430 0.9988 0.0238
vn -0.0215 0.9991 0.0367
vn -0.0798 0.9957 -0.0476
vn 0.0144 0.9890 -0.1474
vn 0.0114 0.9964 -0.0843
vn 0.0371 0.9944 -0.0985
vn 0.0361 0.9984 -0.0436
vn -0.1295 0.9915 -0.0111
vn -0.3258 0.9451 0.0246
vn -0.6078 0.7940 -0.0058
vn -0.7146 0.6994 0.0104
vn -0.7696 0.6379 -0.0277
vn 0.7791 0.6268 0.0122
vn 0.7000 0.7131 0.0384
vn 0.5514 0.8342 0.0070
vn 0.3099 0.9508 -0.0053
vn 0.0568 0.9983 0.0129
vn 0.0453 0.9959 -0.0786
vn 0.0181 0.9988 -0.0458
vn -0.0076 0.9999 0.0088
vn 0.0202 0.9994 0.0276
vn -0.0702 0.9972 0.0258
vn 0.0405 0.9970 0.0656
vn -0.0577 0.9983 -0.0005
vn 0.0277 0.9986 0.0452
vn 0.0090 0.9999 0.0052
vn 0.0163 0.9983 -0.0558
vn -0.0311 0.9990 -0.0314
vn -0.0266 0.9986 -0.0452
vn -0.0726 0.9929 -0.0941
vn -0.0832 0.9942 -0.0683
vn -0.0015 0.9967 -0.0807
vn 0.0135 0.9943 -0.1057
vn 0.0072 0.9946 -0.1032
vn -0.0704 0.9966 -0.0418
vn 0.0913 0.9948 -0.0453
vn 0.0008 0.9992 -0.0409
vn 0.0515 0.9981 -0.0347
vn 0.0941 0.9878 -0.1237
vn 0.0039 0.9983 -0.0575
vn -0.0084 0.9999 0.0061
vn -0.0696 0.9972 0.0268
vn -0.0619 0.9977 0.0270
vn -0.0219 0.9989 -0.0417
vn -0.0314 0.9989 -0.0354
vn -0.0277 0.9996 -0.0068
vn -0.0043 0.9986 -0.0533
vn 0.0852 0.9963 0.0070
vn 0.0940 0.9924 -0.0793
vn 0.0205 0.9997 -0.0139
vn 0.0361 0.9989 -0.0307
vn -0.1958 0.9684 -0.1542
vn -0.3235 0.9462 -0.0049
vn -0.5566 0.8302 -0.0298
vn -0.7159 0.6981 -0.0122
vn -0.7890 0.6120 0.0537
vn 0.7710 0.6368 -0.0000
vn 0.6931 0.7202 -0.0302
vn 0.5509 0.8345 -0.0100
vn 0.3760 0.9262 0.0288
vn 0.0465 0.9988 0.0129
vn 0.1045 0.9945 -0.0089
vn 0.0220 0.9997 -0.0105
vn -0.0581 0.9970 -0.0521
vn -0.0523 0.9986 0.0009
vn -0.1151 0.9930 0.0253
vn -0.0266 0.9987 0.0425
vn 0.0162 0.9966 0.0810
vn 0.0419 0.9983 0.0408
vn 0.0135 0.9997 -0.0223
vn 0.0543 0.9971 -0.0542
vn -0.0444 0.9979 -0.0475
vn -0.0127 0.9998 -0.0163
vn -0.0374 0.9993 0.0005
vn -0.0282 0.9987 -0.0433
vn -0.0025 0.9998 -0.0175
vn 0.0451 0.9975 -0.0545
vn -0.0240 0.9997 -0.0054
vn 0.0122 0.9970 -0.0769
vn 0.0981 0.9952 0.0040
vn 0.0706 0.9964 -0.0467
vn 0.0450 0.9978 -0.0492
vn 0.0575 0.9982 0.0170
vn 0.0471 0.9989 -0.0021
vn -0.0048 0.9997 -0.0235
vn -0.0717 0.9972 0.0197
vn -0.0480 0.9961 -0.0735
vn 0.0192 0.9983 0.0545
vn -0.0469 0.9965 0.0695
vn 0.0210 0.9998 0.0010
vn 0.0491 0.9988 -0.0042
vn 0.0296 0.9988 -0.0391
vn 0.1072 0.9942 0.0043
vn -0.0424 0.9947 -0.0938
vn 0.0372 0.9963 -0.0776
vn -0.2556 0.9660 0.0397
vn -0.4137 0.9093 0.0444
vn -0.5464 0.8372 -0.0252
vn -0.6879 0.7256 0.0187
vn -0.7945 0.6072 -0.0023
vn 0.7760 0.6296 0.0378
vn 0.6914 0.7121 0.1223
vn 0.5243 0.8464 0.0929
vn 0.3727 0.9264 0.0528
vn 0.0976 0.9948 -0.0282
vn 0.1106 0.9927 0.0478
vn 0.0152 0.9971 0.0744
vn -0.0201 0.9997 -0.0129
vn -0.0518 0.9980 0.0371
vn -0.0712 0.9975 -0.0044
vn -0.0080 0.9999 -0.0120
vn -0.0325 0.9994 0.0075
vn 0.0670 0.9978 0.0024
vn 0.0719 0.9960 0.0540
vn 0.0549 0.9979 0.0340
vn -0.0223 0.9992 0.0333
vn -0.0477 0.9934 -0.1045
vn -0.1001 0.9949 -0.0111
vn -0.0274 0.9981 -0.0547
vn -0.0246 0.9994 -0.0232
vn 0.0666 0.9978 -0.0009
vn -0.0570 0.9955 -0.0754
vn -0.0123 0.9989 -0.0462
vn 0.0299 0.9965 -0.0781
vn 0.0725 0.9965 -0.0404
vn 0.0403 0.9991 -0.0143
vn -0.0090 0.9998 -0.0150
vn 0.0540 0.9982 0.0265
vn -0.0260 0.9971 0.0714
vn -0.0997 0.9949 -0.0152
vn 0.0159 0.9986 0.0501
vn -0.0664 0.9971 0.0374
vn -0.0255 0.9996 -0.0117
vn 0.0609 0.9973 -0.0415
vn 0.0673 0.9952 -0.0710
vn -0.0215 0.9979 0.0603
vn 0.0473 0.9979 -0.0450
vn 0.0554 0.9985 -0.0039
vn 0.0453 0.9987 0.0224
vn -0.2448 0.9695 -0.0135
vn -0.4085 0.9126 -0.0175
vn -0.5453 0.8381 0.0151
vn -0.7094 0.7045 0.0208
vn -0.7615 0.6469 -0.0410
vn 0.7633 0.6299 0.1438
vn 0.6883 0.7200 0.0884
vn 0.5874 0.8079 0.0486
vn 0.4145 0.9096 0.0277
vn 0.0802 0.9947 0.0637
vn 0.0816 0.9966 -0.0119
vn 0.0221 0.9992 -0.0331
vn 0.0538 0.9985 0.0075
vn -0.0907 0.9947 -0.0491
vn -0.0659 0.9963 -0.0551
vn 0.0217 0.9998 -0.0031
vn -0.0142 0.9983 -0.0564
vn 0.0661 0.9972 -0.0362
vn 0.0096 0.9996 -0.0276
vn 0.0759 0.9969 0.0230
vn -0.0330 0.9982 0.0504
vn -0.0153 0.9965 0.0828
vn 0.0578 0.9980 -0.0245
vn -0.0024 0.9997 0.0232
vn -0.0003 0.9999 -0.0138
vn -0.0054 1.0000 0.0072
vn 0.0010 0.9955 -0.0950
vn -0.0109 0.9995 -0.0303
vn 0.0669 0.9971 -0.0355
vn -0.0532 0.9985 0.0118
vn 0.0449 0.9986 0.0290
vn 0.0124 0.9994 0.0314
vn -0.0153 0.9961 0.0871
vn -0.0776 0.9970 0.0068
vn -0.0349 0.9988 0.0350
vn -0.0393 0.9991 0.0171
vn -0.0750 0.9966 0.0344
vn -0.0034 0.9996 0.0295
vn 0.0328 0.9952 0.0926
vn 0.0415 0.9978 0.0514
vn -0.0646 0.9968 -0.0464
vn 0.0366 0.9970 0.0678
vn 0.1100 0.9937 0.0213
vn -0.0337 0.9989 0.0327
vn -0.1272 0.9910 0.0421
vn -0.4456 0.8949 0.0258
vn -0.5664 0.8241 0.0083
vn -0.7074 0.7061 -0.0303
vn -0.7584 0.6516 0.0147
vn 0.7663 0.6408 0.0471
vn 0.6903 0.7133 0.1213
vn 0.5929 0.7973 0.1132
vn 0.4913 0.8709 -0.0072
vn 0.0924 0.9956 0.0139
vn 0.0865 0.9961 0.0151
vn 0.0037 0.9999 0.0116
vn 0.0960 0.9940 -0.0531
vn -0.0805 0.9957 0.0454
vn -0.0553 0.9982 0.0219
vn -0.0342 0.9982 0.0484
vn 0.0037 0.9996 0.0266
vn -0.0074 0.9977 0.0681
vn 0.0483 0.9962 0.0720
vn 0.0465 0.9984 0.0333
vn -0.0379 0.9992 0.0082
vn -0.0074 0.9998 -0.0160
vn 0.0532 0.9980 -0.0352
vn -0.0508 0.9984 -0.0263
vn 0.0449 0.9985 -0.0306
vn -0.0184 0.9985 -0.0515
vn 0.0821 0.9922 0.0941
vn 0.0327 0.9993 0.0205
vn -0.0180 0.9975 0.0678
vn 0.0350 0.9993 -0.0162
vn 0.0432 0.9989 0.0199
vn 0.0013 0.9978 0.0662
vn -0.0300 0.9986 0.0445
vn 0.0139 0.9917 0.1281
vn 0.0331 0.9967 0.0742
vn -0.0252 0.9977 0.0626
vn 0.0083 0.9999 -0.0081
vn -0.0038 0.9998 0.0204
vn 0.0056 0.9991 -0.0421
vn -0.0472 0.9953 0.0842
vn 0.0603 0.9958 0.0685
vn 0.1059 0.9944 0.0031
vn 0.1227 0.9898 0.0726
vn -0.0352 0.9975 0.0614
vn -0.0825 0.9961 0.0324
vn -0.4543 0.8908 -0.0024
vn -0.5704 0.8211 0.0228
vn -0.7087 0.7052 -0.0224
vn -0.7604 0.6427 -0.0939
vn 0.7901 0.6123 0.0291
vn 0.6998 0.7141 -0.0190
vn 0.5638 0.8251 -0.0371
vn 0.4199 0.9072 -0.0266
vn 0.0691 0.9974 0.0181
vn 0.1528 0.9858 -0.0693
vn 0.0179 0.9989 -0.0431
vn 0.1236 0.9866 0.1063
vn -0.0578 0.9979 0.0280
vn -0.0560 0.9980 0.0292
vn -0.0612 0.9980 -0.0134
vn -0.0328 0.9985 0.0437
vn -0.0474 0.9981 0.0390
vn 0.0678 0.9973 -0.0270
vn 0.0493 0.9976 0.0477
vn -0.0300 0.9989 -0.0349
vn 0.0230 0.9993 -0.0288
vn -0.0460 0.9978 0.0468
vn -0.0491 0.9981 0.0370
vn 0.0481 0.9988 0.0034
vn 0.0278 0.9951 0.0947
vn -0.0233 0.9991 0.0351
vn 0.0329 0.9994 0.0134
vn -0.0261 0.9996 0.0081
vn 0.0013 0.9985 0.0555
vn -0.0862 0.9891 0.1190
vn -0.0091 0.9970 0.0773
vn 0.0006 0.9990 0.0445
vn -0.0145 0.9989 -0.0452
vn -0.0716 0.9970 0.0295
vn 0.0269 0.9982 -0.0539
vn 0.0073 0.9996 -0.0254
vn 0.0021 0.9975 -0.0705
vn -0.0191 0.9996 0.0223
vn -0.0162 0.9998 -0.0076
vn 0.0805 0.9964 -0.0248
vn 0.1202 0.9881 0.0963
vn 0.0564 0.9963 0.0655
vn 0.0524 0.9980 0.0361
vn -0.1827 0.9789 0.0915
vn -0.4479 0.8917 -0.0649
vn -0.5725 0.8190 -0.0397
vn -0.7065 0.7076 0.0125
vn -0.7650 0.6394 0.0771
vn 0.7980 0.6007 -0.0482
vn 0.7117 0.6899 -0.1320
vn 0.5635 0.8235 -0.0665
vn 0.4148 0.9004 -0.1311
vn 0.0894 0.9933 -0.0733
vn 0.0871 0.9958 0.0274
vn -0.0074 0.9999 0.0098
vn -0.0153 0.9994 -0.0310
vn -0.1642 0.9841 0.0673
vn -0.0559 0.9984 0.0052
vn -0.0283 0.9979 0.0580
vn -0.0018 0.9998 0.0176
vn 0.0073 0.9999 -0.0076
vn 0.0962 0.9951 0.0242
vn -0.0309 0.9993 -0.0189
vn -0.0048 0.9980 0.0631
vn 0.0402 0.9992 -0.0071
vn -0.0440 0.9990 0.0105
vn 0.0045 0.9984 -0.0557
vn -0.0852 0.9943 0.0646
vn 0.0727 0.9970 -0.0254
vn -0.0577 0.9983 -0.0066
vn 0.0809 0.9955 0.0485
vn -0.0292 0.9971 0.0707
vn 0.0011 0.9984 0.0569
vn -0.0196 0.9994 0.0276
vn -0.0595 0.9962 0.0636
vn 0.0286 0.9983 0.0498
vn 0.0316 0.9988 0.0366
vn 0.0055 0.9996 -0.0291
vn -0.0079 0.9998 0.0180
vn -0.0182 0.9997 -0.0164
vn -0.0158 0.9996 0.0223
vn -0.0206 0.9995 -0.0233
vn -0.0141 0.9993 0.0332
vn 0.0344 0.9940 0.1042
vn 0.0870 0.9959 0.0255
vn -0.0039 0.9973 0.0739
vn 0.0522 0.9976 0.0448
vn -0.1904 0.9815 -0.0224
vn -0.3618 0.9312 0.0454
vn -0.5931 0.8031 0.0569
vn -0.6992 0.7104 0.0800
vn -0.7712 0.6345 0.0523
vn 0.8088 0.5739 -0.1284
vn 0.7358 0.6738 -0.0685
vn 0.5889 0.7856 -0.1897
vn 0.3086 0.9512 0.0032
vn 0.1034 0.9946 0.0034
vn -0.0395 0.9844 0.1717
vn -0.0143 0.9942 0.1069
vn -0.0605 0.9850 0.1617
vn -0.1618 0.9826 0.0915
vn -0.0605 0.9889 0.1359
vn -0.0319 0.9938 0.1069
vn -0.0133 0.9867 0.1617
vn 0.0085 0.9864 0.1643
vn 0.0804 0.9913 0.1041
vn 0.0703 0.9969 0.0350
vn -0.0069 0.9975 0.0700
vn 0.0430 0.9968 0.0675
vn -0.0627 0.9941 0.0889
vn 0.0131 0.9936 0.1120
vn -0.0751 0.9971 0.0094
vn 0.0155 0.9983 0.0571
vn -0.0877 0.9869 0.1357
vn -0.0166 0.9997 0.0197
vn -0.0709 0.9948 0.0733
vn -0.0657 0.9899 0.1258
vn 0.0132 0.9803 0.1973
vn -0.0618 0.9944 0.0859
vn -0.0401 0.9850 0.1676
vn 0.0153 0.9801 0.1978
vn -0.0012 0.9959 0.0906
vn -0.0169 0.9944 0.1046
vn 0.0011 0.9978 0.0660
vn -0.0139 0.9985 0.0522
vn -0.0344 0.9924 0.1185
vn -0.0515 0.9981 0.0349
vn -0.0172 0.9982 0.0569
vn 0.0939 0.9855 0.1414
vn -0.0006 0.9877 0.1562
vn 0.0855 0.9852 0.1486
vn -0.0644 0.9959 0.0628
vn -0.3396 0.9392 0.0503
vn -0.6157 0.7877 0.0183
vn -0.7168 0.6973 0.0016
vn -0.7703 0.6339 0.0695
vn 0.8261 0.5564 -0.0887
vn 0.6759 0.7367 -0.0185
vn 0.5777 0.8145 0.0531
vn 0.1083 0.9252 0.3638
vn -0.0269 0.9211 0.3883
vn 0.0076 0.9138 0.4062
vn -0.0133 0.9110 0.4123
vn 0.0098 0.9000 0.4357
vn -0.1104 0.9585 0.2630
vn -0.1781 0.9048 0.3867
vn -0.0113 0.8941 0.4477
vn -0.0215 0.8845 0.4660
vn 0.0169 0.9000 0.4357
vn 0.0915 0.9127 0.3982
vn 0.0673 0.9056 0.4187
vn 0.0991 0.9207 0.3775
vn -0.0362 0.9154 0.4010
vn 0.0391 0.9359 0.3500
vn -0.0561 0.9481 0.3131
vn -0.0119 0.9642 0.2649
vn -0.0657 0.9371 0.3429
vn 0.0672 0.9546 0.2901
vn -0.0066 0.9569 0.2903
vn -0.1315 0.9281 0.3484
vn -0.0837 0.9310 0.3554
vn -0.0274 0.8965 0.4423
vn -0.0243 0.9150 0.4028
vn 0.0199 0.9031 0.4290
vn -0.0366 0.9337 0.3561
vn 0.0216 0.9150 0.4030
vn 0.1123 0.9289 0.3529
vn -0.0373 0.9370 0.3474
vn -0.0157 0.9679 0.2507
vn -0.1182 0.8961 0.4279
vn -0.1034 0.9118 0.3974
vn -0.0631 0.9132 0.4025
vn 0.0288 0.8980 0.4391
vn 0.0003 0.9314 0.3639
vn 0.1063 0.9304 0.3509
vn 0.0113 0.9154 0.4025
vn -0.3158 0.9459 -0.0741
vn -0.6360 0.7708 0.0366
vn -0.7098 0.7041 0.0189
vn -0.7850 0.6193 0.0145
vn 0.8292 0.5590 -0.0050
vn 0.6759 0.7289 0.1085
vn 0.3222 0.7977 0.5097
vn 0.1273 0.8182 0.5607
vn -0.0079 0.7885 0.6150
vn -0.0255 0.8267 0.5620
vn -0.0454 0.8412 0.5388
vn 0.0272 0.8205 0.5711
vn -0.0508 0.8224 0.5666
vn -0.1730 0.7637 0.6220
vn -0.1551 0.7856 0.5990
vn 0.0031 0.7861 0.6180
vn 0.0026 0.7896 0.6136
vn 0.0961 0.7724 0.6278
vn 0.1076 0.7942 0.5981
vn 0.0883 0.7866 0.6112
vn 0.0074 0.8075 0.5898
vn -0.0161 0.8334 0.5525
vn 0.0160 0.8220 0.5693
vn 0.0454 0.7990 0.5996
vn 0.0068 0.8321 0.5546
vn 0.0241 0.8183 0.5743
vn -0.0364 0.8617 0.5062
vn -0.1297 0.8761 0.4643
vn -0.1313 0.8452 0.5181
vn -0.0465 0.8220 0.5675
vn -0.0542 0.8160 0.5755
vn -0.0251 0.7967 0.6039
vn 0.0102 0.7979 0.6027
vn 0.0561 0.8467 0.5292
vn 0.0585 0.8555 0.5145
vn -0.0146 0.8063 0.5914
vn -0.0194 0.8333 0.5524
vn -0.0872 0.8160 0.5714
vn -0.1098 0.8132 0.5715
vn -0.0227 0.8021 0.5967
vn 0.0292 0.7912 0.6108
vn 0.0601 0.7819 0.6205
vn 0.0475 0.8200 0.5705
vn 0.1019 0.8246 0.5564
vn 0.0015 0.8332 0.5530
vn -0.1845 0.9812 0.0564
vn -0.7040 0.7101 -0.0139
vn -0.7875 0.6162 -0.0108
vn 0.7581 0.6213 0.1984
vn -0.0763 0.6853 0.7243
vn -0.0625 0.7156 0.6957
vn -0.0003 0.7216 0.6923
vn -0.0457 0.6995 0.7132
vn 0.0075 0.6785 0.7346
vn -0.0292 0.7234 0.6898
vn 0.0599 0.7322 0.6784
vn -0.0959 0.7010 0.7067
vn -0.1461 0.7171 0.6815
vn -0.1310 0.6870 0.7147
vn -0.0178 0.6970 0.7169
vn 0.0026 0.6851 0.7285
vn 0.0855 0.6689 0.7385
vn 0.0996 0.7156 0.6914
vn 0.0427 0.6912 0.7214
vn 0.0566 0.7068 0.7052
vn 0.0992 0.7019 0.7053
vn -0.0292 0.7184 0.6950
vn -0.0252 0.7476 0.6637
vn -0.0480 0.6924 0.7199
vn -0.0103 0.7070 0.7071
vn -0.0285 0.7544 0.6558
vn 0.0151 0.7909 0.6118
vn -0.1618 0.7603 0.6290
vn -0.0459 0.7465 0.6638
vn -0.1254 0.6934 0.7095
vn -0.0557 0.6761 0.7347
vn 0.0215 0.6942 0.7194
vn 0.1054 0.7063 0.7000
vn 0.1013 0.7030 0.7040
vn 0.1168 0.7761 0.6197
vn -0.0941 0.7555 0.6484
vn -0.0191 0.7542 0.6564
vn -0.1453 0.7616 0.6316
vn -0.0592 0.7352 0.6752
vn 0.0170 0.7192 0.6946
vn 0.0331 0.7579 0.6516
vn 0.0639 0.7205 0.6905
vn 0.0771 0.7055 0.7045
vn -0.0392 0.6668 0.7442
vn -0.0262 0.7087 0.7050
vn -0.3146 0.8908 0.3278
vn -0.7819 0.6230 0.0218
vn 0.7292 0.5399 0.4204
vn -0.0743 0.6298 0.7732
vn -0.0099 0.6219 0.7830
vn -0.0573 0.6037 0.7951
vn -0.0443 0.6186 0.7845
vn 0.0225 0.6314 0.7751
vn 0.0427 0.6110 0.7905
vn 0.0100 0.6547 0.7558
vn -0.1078 0.6168 0.7797
vn -0.1047 0.6158 0.7809
vn -0.1195 0.6404 0.7587
vn -0.0324 0.6347 0.7721
vn -0.0020 0.6356 0.7721
vn 0.0832 0.6219 0.7787
vn 0.1290 0.5986 0.7906
vn 0.0804 0.6004 0.7956
vn 0.0902 0.6083 0.7885
vn 0.0591 0.6095 0.7906
vn -0.0243 0.6020 0.7981
vn -0.0259 0.6210 0.7834
vn -0.0310 0.6057 0.7951
vn -0.0023 0.6003 0.7997
vn -0.0238 0.6099 0.7921
vn -0.0025 0.6385 0.7696
vn -0.0566 0.6377 0.7682
vn -0.1585 0.6234 0.7657
vn -0.1081 0.6258 0.7725
vn -0.0816 0.5882 0.8046
vn -0.0002 0.6126 0.7904
vn 0.1212 0.5899 0.7983
vn 0.0798 0.6464 0.7588
vn 0.0636 0.6643 0.7447
vn -0.0329 0.6529 0.7567
vn -0.0279 0.6559 0.7544
vn -0.1184 0.7020 0.7023
vn -0.0634 0.7037 0.7077
vn 0.0133 0.6831 0.7302
vn 0.0231 0.6550 0.7553
vn 0.0371 0.6215 0.7826
vn 0.0583 0.6095 0.7907
vn -0.0366 0.6213 0.7827
vn -0.0809 0.6167 0.7830
vn -0.0417 0.6924 0.7203
vn 0.0617 0.9947 -0.0820
vt 0.937500 0.187500
vt 0.812500 0.187500
vt 0.687500 0.187500
vt 0.562500 0.187500
vt 0.062500 0.312500
vt 0.187500 0.312500
s 0
usemtl Paleta
f 2/1/1 46/1/1 1/1/1
f 3/1/2 47/1/2 2/1/2
f 4/1/3 48/1/3 3/1/3
f 4/1/4 50/1/4 49/1/4
f 6/1/5 50/1/5 5/1/5
f 6/1/6 52/1/6 51/1/6
f 8/1/7 52/1/7 7/1/7
f 8/1/8 54/1/8 53/1/8
f 9/1/9 55/1/9 54/1/9
f 11/1/10 55/1/10 10/1/10
f 11/1/11 57/1/11 56/1/11
f 12/1/12 58/1/12 57/1/12
f 14/1/13 58/1/13 13/1/13
f 14/1/14 60/1/14 59/1/14
f 15/1/15 61/1/15 60/1/15
f 17/1/16 61/1/16 16/1/16
f 18/1/17 62/1/17 17/1/17
f 19/1/18 63/1/18 18/1/18
f 19/1/19 65/1/19 64/1/19
f 20/1/20 66/1/20 65/1/20
f 21/1/21 67/1/21 66/1/21
f 23/1/22 67/1/22 22/1/22
f 23/1/23 69/1/23 68/1/23
f 25/1/24 69/1/24 24/1/24
f 25/1/25 71/1/25 70/1/25
f 27/1/26 71/1/26 26/1/26
f 27/1/27 73/1/27 72/1/27
f 29/1/28 73/1/28 28/1/28
f 30/1/29 74/1/29 29/1/29
f 30/1/30 76/1/30 75/1/30
f 31/1/31 77/1/31 76/1/31
f 33/1/32 77/1/32 32/1/32
f 34/1/33 78/1/33 33/1/33
f 34/1/34 80/1/34 79/1/34
f 35/1/35 81/1/35 80/1/35
f 37/1/36 81/1/36 36/1/36
f 37/1/37 83/1/37 82/1/37
f 39/1/38 83/1/38 38/1/38
f 39/1/39 85/1/39 84/1/39
f 40/1/40 86/1/40 85/1/40
f 42/1/41 86/1/41 41/1/41
f 43/1/42 87/1/42 42/1/42
f 43/1/43 89/1/43 88/1/43
f 45/1/44 89/1/44 44/1/44
f 47/1/45 91/1/45 46/1/45
f 47/1/46 93/1/46 92/1/46
f 49/1/47 93/1/47 48/1/47
f 49/2/48 95/2/48 94/2/48
f 50/3/49 96/3/49 95/3/49
f 51/2/50 97/2/50 96/2/50
f 53/1/51 97/1/51 52/1/51
f 54/1/52 98/1/52 53/1/52
f 54/1/53 100/1/53 99/1/53
f 56/1/54 100/1/54 55/1/54
f 56/3/55 102/3/55 101/3/55
f 57/2/56 103/2/56 102/2/56
f 58/1/57 104/1/57 103/1/57
f 59/1/58 105/1/58 104/1/58
f 61/1/59 105/1/59 60/1/59
f 62/1/60 106/1/60 61/1/60
f 62/3/61 108/3/61 107/3/61
f 64/1/62 108/1/62 63/1/62
f 65/1/63 109/1/63 64/1/63
f 65/1/64 111/1/64 110/1/64
f 67/1/65 111/1/65 66/1/65
f 67/1/66 113/1/66 112/1/66
f 68/1/67 114/1/67 113/1/67
f 69/1/68 115/1/68 114/1/68
f 70/1/69 116/1/69 115/1/69
f 72/1/70 116/1/70 71/1/70
f 72/1/71 118/1/71 117/1/71
f 74/1/72 118/1/72 73/1/72
f 74/1/73 120/1/73 119/1/73
f 76/1/74 120/1/74 75/1/74
f 76/1/75 122/1/75 121/1/75
f 77/1/76 123/1/76 122/1/76
f 78/1/77 124/1/77 123/1/77
f 79/1/78 125/1/78 124/1/78
f 80/1/79 126/1/79 125/1/79
f 82/1/80 126/1/80 81/1/80
f 82/3/81 128/3/81 127/3/81
f 83/1/82 129/1/82 128/1/82
f 84/2/83 130/2/83 129/2/83
f 85/3/84 131/3/84 130/3/84
f 86/1/85 132/1/85 131/1/85
f 88/1/86 132/1/86 87/1/86
f 88/1/87 134/1/87 133/1/87
f 90/1/88 134/1/88 89/1/88
f 91/1/89 137/1/89 136/1/89
f 93/1/90 137/1/90 92/1/90
f 94/3/91 138/3/91 93/3/91
f 94/4/92 140/4/92 139/4/92
f 95/3/93 141/3/93 140/3/93
f 97/2/94 141/2/94 96/2/94
f 97/3/95 143/3/95 142/3/95
f 99/3/96 143/3/96 98/3/96
f 99/3/97 145/3/97 144/3/97
f 100/4/98 146/4/98 145/4/98
f 101/3/99 147/3/99 146/3/99
f 103/4/100 147/4/100 102/4/100
f 104/4/101 148/4/101 103/4/101
f 104/3/102 150/3/102 149/3/102
f 105/3/103 151/3/103 150/3/103
f 107/3/104 151/3/104 106/3/104
f 108/3/105 152/3/105 107/3/105
f 108/2/106 154/2/106 153/2/106
f 109/2/107 155/2/107 154/2/107
f 110/2/108 156/2/108 155/2/108
f 112/2/109 156/2/109 111/2/109
f 112/2/110 158/2/110 157/2/110
f 113/3/111 159/3/111 158/3/111
f 114/4/112 160/4/112 159/4/112
f 115/3/113 161/3/113 160/3/113
f 116/4/114 162/4/114 161/4/114
f 117/3/115 163/3/115 162/3/115
f 119/3/116 163/3/116 118/3/116
f 119/3/117 165/3/117 164/3/117
f 121/3/118 165/3/118 120/3/118
f 121/3/119 167/3/119 166/3/119
f 123/2/120 167/2/120 122/2/120
f 124/3/121 168/3/121 123/3/121
f 125/3/122 169/3/122 124/3/122
f 126/3/123 170/3/123 125/3/123
f 127/2/124 171/2/124 126/2/124
f 127/2/125 173/2/125 172/2/125
f 129/4/126 173/4/126 128/4/126
f 130/3/127 174/3/127 129/3/127
f 131/4/128 175/4/128 130/4/128
f 131/3/129 177/3/129 176/3/129
f 132/2/130 178/2/130 177/2/130
f 133/1/131 179/1/131 178/1/131
f 134/1/132 180/1/132 179/1/132
f 137/1/133 181/1/133 136/1/133
f 138/1/134 182/1/134 137/1/134
f 138/4/135 184/4/135 183/4/135
f 139/4/136 185/4/136 184/4/136
f 141/2/137 185/2/137 140/2/137
f 141/4/138 187/4/138 186/4/138
f 142/4/139 188/4/139 187/4/139
f 144/2/140 188/2/140 143/2/140
f 145/2/141 189/2/141 144/2/141
f 146/4/142 190/4/142 145/4/142
f 147/2/143 191/2/143 146/2/143
f 147/3/144 193/3/144 192/3/144
f 149/3/145 193/3/145 148/3/145
f 150/4/146 194/4/146 149/4/146
f 150/2/147 196/2/147 195/2/147
f 152/3/148 196/3/148 151/3/148
f 153/3/149 197/3/149 152/3/149
f 153/3/150 199/3/150 198/3/150
f 154/2/151 200/2/151 199/2/151
f 156/2/152 200/2/152 155/2/152
f 156/2/153 202/2/153 201/2/153
f 157/4/154 203/4/154 202/4/154
f 158/4/155 204/4/155 203/4/155
f 160/3/156 204/3/156 159/3/156
f 161/4/157 205/4/157 160/4/157
f 162/2/158 206/2/158 161/2/158
f 163/3/159 207/3/159 162/3/159
f 164/3/160 208/3/160 163/3/160
f 165/3/161 209/3/161 164/3/161
f 166/4/162 210/4/162 165/4/162
f 166/4/163 212/4/163 211/4/163
f 167/4/164 213/4/164 212/4/164
f 168/4/165 214/4/165 213/4/165
f 169/2/166 215/2/166 214/2/166
f 171/2/167 215/2/167 170/2/167
f 171/2/168 217/2/168 216/2/168
f 172/3/169 218/3/169 217/3/169
f 173/4/170 219/4/170 218/4/170
f 175/2/171 219/2/171 174/2/171
f 176/3/172 220/3/172 175/3/172
f 176/4/173 222/4/173 221/4/173
f 177/2/174 223/2/174 222/2/174
f 178/1/175 224/1/175 223/1/175
f 179/1/176 225/1/176 224/1/176
f 181/1/177 227/1/177 226/1/177
f 182/1/178 228/1/178 227/1/178
f 183/3/179 229/3/179 228/3/179
f 184/2/180 230/2/180 229/2/180
f 186/4/181 230/4/181 185/4/181
f 187/2/182 231/2/182 186/2/182
f 187/2/183 233/2/183 232/2/183
f 188/4/184 234/4/184 233/4/184
f 190/2/185 234/2/185 189/2/185
f 191/4/186 235/4/186 190/4/186
f 191/2/187 237/2/187 236/2/187
f 192/4/188 238/4/188 237/4/188
f 193/2/189 239/2/189 238/2/189
f 195/2/190 239/2/190 194/2/190
f 196/4/191 240/4/191 195/4/191
f 196/4/192 242/4/192 241/4/192
f 197/2/193 243/2/193 242/2/193
f 198/3/194 244/3/194 243/3/194
f 199/4/195 245/4/195 244/4/195
f 201/2/196 245/2/196 200/2/196
f 202/3/197 246/3/197 201/3/197
f 202/4/198 248/4/198 247/4/198
f 203/2/199 249/2/199 248/2/199
f 204/3/200 250/3/200 249/3/200
f 205/3/201 251/3/201 250/3/201
f 207/2/202 251/2/202 206/2/202
f 208/2/203 252/2/203 207/2/203
f 208/4/204 254/4/204 253/4/204
f 209/3/205 255/3/205 254/3/205
f 210/4/206 256/4/206 255/4/206
f 211/3/207 257/3/207 256/3/207
f 212/3/208 258/3/208 257/3/208
f 213/3/209 259/3/209 258/3/209
f 214/2/210 260/2/210 259/2/210
f 216/4/211 260/4/211 215/4/211
f 216/2/212 262/2/212 261/2/212
f 218/2/213 262/2/213 217/2/213
f 219/3/214 263/3/214 218/3/214
f 220/2/215 264/2/215 219/2/215
f 220/3/216 266/3/216 265/3/216
f 221/4/217 267/4/217 266/4/217
f 222/3/218 268/3/218 267/3/218
f 224/4/219 268/4/219 223/4/219
f 225/1/220 269/1/220 224/1/220
f 226/1/221 272/1/221 271/1/221
f 228/1/222 272/1/222 227/1/222
f 228/3/223 274/3/223 273/3/223
f 229/3/224 275/3/224 274/3/224
f 230/4/225 276/4/225 275/4/225
f 232/3/226 276/3/226 231/3/226
f 233/4/227 277/4/227 232/4/227
f 234/3/228 278/3/228 233/3/228
f 235/3/229 279/3/229 234/3/229
f 236/3/230 280/3/230 235/3/230
f 236/2/231 282/2/231 281/2/231
f 237/3/232 283/3/232 282/3/232
f 238/3/233 284/3/233 283/3/233
f 239/3/234 285/3/234 284/3/234
f 241/4/235 285/4/235 240/4/235
f 241/3/236 287/3/236 286/3/236
f 242/2/237 288/2/237 287/2/237
f 244/2/238 288/2/238 243/2/238
f 245/3/239 289/3/239 244/3/239
f 246/3/240 290/3/240 245/3/240
f 247/2/241 291/2/241 246/2/241
f 247/3/242 293/3/242 292/3/242
f 249/3/243 293/3/243 248/3/243
f 249/3/244 295/3/244 294/3/244
f 251/4/245 295/4/245 250/4/245
f 251/3/246 297/3/246 296/3/246
f 253/2/247 297/2/247 252/2/247
f 254/4/248 298/4/248 253/4/248
f 254/4/249 300/4/249 299/4/249
f 256/3/250 300/3/250 255/3/250
f 257/4/251 301/4/251 256/4/251
f 258/2/252 302/2/252 257/2/252
f 258/4/253 304/4/253 303/4/253
f 259/3/254 305/3/254 304/3/254
f 261/3/255 305/3/255 260/3/255
f 262/4/256 306/4/256 261/4/256
f 263/3/257 307/3/257 262/3/257
f 263/2/258 309/2/258 308/2/258
f 264/3/259 310/3/259 309/3/259
f 265/3/260 311/3/260 310/3/260
f 266/4/261 312/4/261 311/4/261
f 268/4/262 312/4/262 267/4/262
f 269/2/263 313/2/263 268/2/263
f 269/1/264 315/1/264 314/1/264
f 271/1/265 317/1/265 316/1/265
f 273/1/266 317/1/266 272/1/266
f 273/3/267 319/3/267 318/3/267
f 274/2/268 320/2/268 319/2/268
f 275/4/269 321/4/269 320/4/269
f 277/3/270 321/3/270 276/3/270
f 277/3/271 323/3/271 322/3/271
f 278/3/272 324/3/272 323/3/272
f 279/3/273 325/3/273 324/3/273
f 281/4/274 325/4/274 280/4/274
f 282/4/275 326/4/275 281/4/275
f 282/3/276 328/3/276 327/3/276
f 284/4/277 328/4/277 283/4/277
f 284/3/278 330/3/278 329/3/278
f 286/2/279 330/2/279 285/2/279
f 286/3/280 332/3/280 331/3/280
f 288/3/281 332/3/281 287/3/281
f 288/3/282 334/3/282 333/3/282
f 289/3/283 335/3/283 334/3/283
f 291/2/284 335/2/284 290/2/284
f 291/3/285 337/3/285 336/3/285
f 292/2/286 338/2/286 337/2/286
f 294/3/287 338/3/287 293/3/287
f 295/3/288 339/3/288 294/3/288
f 295/3/289 341/3/289 340/3/289
f 296/3/290 342/3/290 341/3/290
f 298/3/291 342/3/291 297/3/291
f 298/3/292 344/3/292 343/3/292
f 299/3/293 345/3/293 344/3/293
f 300/4/294 346/4/294 345/4/294
f 301/4/295 347/4/295 346/4/295
f 302/3/296 348/3/296 347/3/296
f 303/3/297 349/3/297 348/3/297
f 305/4/298 349/4/298 304/4/298
f 305/3/299 351/3/299 350/3/299
f 307/3/300 351/3/300 306/3/300
f 307/4/301 353/4/301 352/4/301
f 309/3/302 353/3/302 308/3/302
f 310/2/303 354/2/303 309/2/303
f 311/3/304 355/3/304 310/3/304
f 312/2/305 356/2/305 311/2/305
f 312/4/306 358/4/306 357/4/306
f 313/4/307 359/4/307 358/4/307
f 314/1/308 360/1/308 359/1/308
f 316/1/309 362/1/309 361/1/309
f 317/1/310 363/1/310 362/1/310
f 318/3/311 364/3/311 363/3/311
f 320/2/312 364/2/312 319/2/312
f 321/3/313 365/3/313 320/3/313
f 322/3/314 366/3/314 321/3/314
f 322/3/315 368/3/315 367/3/315
f 324/4/316 368/4/316 323/4/316
f 325/4/317 369/4/317 324/4/317
f 325/4/318 371/4/318 370/4/318
f 327/2/319 371/2/319 326/2/319
f 327/4/320 373/4/320 372/4/320
f 329/3/321 373/3/321 328/3/321
f 330/3/322 374/3/322 329/3/322
f 331/2/323 375/2/323 330/2/323
f 331/4/324 377/4/324 376/4/324
f 332/2/325 378/2/325 377/2/325
f 333/2/326 379/2/326 378/2/326
f 334/4/327 380/4/327 379/4/327
f 335/4/328 381/4/328 380/4/328
f 337/2/329 381/2/329 336/2/329
f 337/3/330 383/3/330 382/3/330
f 339/3/331 383/3/331 338/3/331
f 340/3/332 384/3/332 339/3/332
f 341/2/333 385/2/333 340/2/333
f 342/3/334 386/3/334 341/3/334
f 342/2/335 388/2/335 387/2/335
f 344/3/336 388/3/336 343/3/336
f 345/3/337 389/3/337 344/3/337
f 346/2/338 390/2/338 345/2/338
f 347/4/339 391/4/339 346/4/339
f 348/3/340 392/3/340 347/3/340
f 349/2/341 393/2/341 348/2/341
f 350/3/342 394/3/342 349/3/342
f 350/3/343 396/3/343 395/3/343
f 352/4/344 396/4/344 351/4/344
f 353/3/345 397/3/345 352/3/345
f 354/2/346 398/2/346 353/2/346
f 354/3/347 400/3/347 399/3/347
f 355/2/348 401/2/348 400/2/348
f 357/3/349 401/3/349 356/3/349
f 358/3/350 402/3/350 357/3/350
f 359/2/351 403/2/351 358/2/351
f 360/1/352 404/1/352 359/1/352
f 362/1/353 406/1/353 361/1/353
f 363/1/354 407/1/354 362/1/354
f 364/3/355 408/3/355 363/3/355
f 365/2/356 409/2/356 364/2/356
f 366/4/357 410/4/357 365/4/357
f 367/4/358 411/4/358 366/4/358
f 368/2/359 412/2/359 367/2/359
f 368/4/360 414/4/360 413/4/360
f 369/2/361 415/2/361 414/2/361
f 370/2/362 416/2/362 415/2/362
f 371/3/363 417/3/363 416/3/363
f 372/2/364 418/2/364 417/2/364
f 374/3/365 418/3/365 373/3/365
f 375/2/366 419/2/366 374/2/366
f 375/4/367 421/4/367 420/4/367
f 377/3/368 421/3/368 376/3/368
f 377/3/369 423/3/369 422/3/369
f 378/2/370 424/2/370 423/2/370
f 380/3/371 424/3/371 379/3/371
f 381/4/372 425/4/372 380/4/372
f 382/2/373 426/2/373 381/2/373
f 382/2/374 428/2/374 427/2/374
f 383/3/375 429/3/375 428/3/375
f 385/2/376 429/2/376 384/2/376
f 385/4/377 431/4/377 430/4/377
f 387/4/378 431/4/378 386/4/378
f 388/2/379 432/2/379 387/2/379
f 388/3/380 434/3/380 433/3/380
f 389/3/381 435/3/381 434/3/381
f 391/2/382 435/2/382 390/2/382
f 391/3/383 437/3/383 436/3/383
f 392/3/384 438/3/384 437/3/384
f 394/3/385 438/3/385 393/3/385
f 394/2/386 440/2/386 439/2/386
f 396/2/387 440/2/387 395/2/387
f 397/3/388 441/3/388 396/3/388
f 398/2/389 442/2/389 397/2/389
f 398/3/390 444/3/390 443/3/390
f 399/3/391 445/3/391 444/3/391
f 401/3/392 445/3/392 400/3/392
f 401/4/393 447/4/393 446/4/393
f 403/2/394 447/2/394 402/2/394
f 404/1/395 448/1/395 403/1/395
f 405/1/396 449/1/396 404/1/396
f 407/1/397 451/1/397 406/1/397
f 407/1/398 453/1/398 452/1/398
f 408/4/399 454/4/399 453/4/399
f 409/3/400 455/3/400 454/3/400
f 411/2/401 455/2/401 410/2/401
f 411/3/402 457/3/402 456/3/402
f 412/3/403 458/3/403 457/3/403
f 413/2/404 459/2/404 458/2/404
f 415/4/405 459/4/405 414/4/405
f 416/2/406 460/2/406 415/2/406
f 417/2/407 461/2/407 416/2/407
f 418/3/408 462/3/408 417/3/408
f 418/4/409 464/4/409 463/4/409
f 419/4/410 465/4/410 464/4/410
f 420/3/411 466/3/411 465/3/411
f 421/3/412 467/3/412 466/3/412
f 422/2/413 468/2/413 467/2/413
f 424/3/414 468/3/414 423/3/414
f 425/2/415 469/2/415 424/2/415
f 425/3/416 471/3/416 470/3/416
f 427/2/417 471/2/417 426/2/417
f 427/2/418 473/2/418 472/2/418
f 429/3/419 473/3/419 428/3/419
f 430/2/420 474/2/420 429/2/420
f 431/4/421 475/4/421 430/4/421
f 431/3/422 477/3/422 476/3/422
f 433/4/423 477/4/423 432/4/423
f 434/3/424 478/3/424 433/3/424
f 434/4/425 480/4/425 479/4/425
f 436/2/426 480/2/426 435/2/426
f 437/2/427 481/2/427 436/2/427
f 438/3/428 482/3/428 437/3/428
f 439/2/429 483/2/429 438/2/429
f 439/3/430 485/3/430 484/3/430
f 440/3/431 486/3/431 485/3/431
f 441/2/432 487/2/432 486/2/432
f 442/3/433 488/3/433 487/3/433
f 443/3/434 489/3/434 488/3/434
f 444/2/435 490/2/435 489/2/435
f 446/3/436 490/3/436 445/3/436
f 447/2/437 491/2/437 446/2/437
f 447/2/438 493/2/438 492/2/438
f 448/1/439 494/1/439 493/1/439
f 449/1/440 495/1/440 494/1/440
f 452/1/441 496/1/441 451/1/441
f 452/1/442 498/1/442 497/1/442
f 454/4/443 498/4/443 453/4/443
f 454/2/444 500/2/444 499/2/444
f 456/3/445 500/3/445 455/3/445
f 457/4/446 501/4/446 456/4/446
f 458/3/447 502/3/447 457/3/447
f 459/4/448 503/4/448 458/4/448
f 460/3/449 504/3/449 459/3/449
f 461/3/450 505/3/450 460/3/450
f 462/4/451 506/4/451 461/4/451
f 462/3/452 508/3/452 507/3/452
f 464/3/453 508/3/453 463/3/453
f 465/2/454 509/2/454 464/2/454
f 465/3/455 511/3/455 510/3/455
f 467/2/456 511/2/456 466/2/456
f 468/2/457 512/2/457 467/2/457
f 469/4/458 513/4/458 468/4/458
f 470/4/459 514/4/459 469/4/459
f 470/4/460 516/4/460 515/4/460
f 471/3/461 517/3/461 516/3/461
f 472/3/462 518/3/462 517/3/462
f 473/4/463 519/4/463 518/4/463
f 474/2/464 520/2/464 519/2/464
f 476/3/465 520/3/465 475/3/465
f 476/3/466 522/3/466 521/3/466
f 477/3/467 523/3/467 522/3/467
f 478/4/468 524/4/468 523/4/468
f 479/3/469 525/3/469 524/3/469
f 480/3/470 526/3/470 525/3/470
f 482/2/471 526/2/471 481/2/471
f 482/3/472 528/3/472 527/3/472
f 483/4/473 529/4/473 528/4/473
f 485/4/474 529/4/474 484/4/474
f 485/4/475 531/4/475 530/4/475
f 486/2/476 532/2/476 531/2/476
f 488/3/477 532/3/477 487/3/477
f 489/4/478 533/4/478 488/4/478
f 489/2/479 535/2/479 534/2/479
f 490/3/480 536/3/480 535/3/480
f 491/3/481 537/3/481 536/3/481
f 493/2/482 537/2/482 492/2/482
f 493/3/483 539/3/483 538/3/483
f 494/1/484 540/1/484 539/1/484
f 497/1/485 541/1/485 496/1/485
f 498/1/486 542/1/486 497/1/486
f 499/3/487 543/3/487 498/3/487
f 500/3/488 544/3/488 499/3/488
f 500/2/489 546/2/489 545/2/489
f 502/3/490 546/3/490 501/3/490
f 503/3/491 547/3/491 502/3/491
f 503/2/492 549/2/492 548/2/492
f 504/3/493 550/3/493 549/3/493
f 505/3/494 551/3/494 550/3/494
f 506/2/495 552/2/495 551/2/495
f 508/4/496 552/4/496 507/4/496
f 508/3/497 554/3/497 553/3/497
f 510/3/498 554/3/498 509/3/498
f 510/3/499 556/3/499 555/3/499
f 511/3/500 557/3/500 556/3/500
f 512/3/501 558/3/501 557/3/501
f 513/4/502 559/4/502 558/4/502
f 514/3/503 560/3/503 559/3/503
f 516/2/504 560/2/504 515/2/504
f 516/3/505 562/3/505 561/3/505
f 518/3/506 562/3/506 517/3/506
f 518/4/507 564/4/507 563/4/507
f 520/4/508 564/4/508 519/4/508
f 521/2/509 565/2/509 520/2/509
f 522/2/510 566/2/510 521/2/510
f 522/3/511 568/3/511 567/3/511
f 524/3/512 568/3/512 523/3/512
f 524/2/513 570/2/513 569/2/513
f 525/3/514 571/3/514 570/3/514
f 526/3/515 572/3/515 571/3/515
f 528/3/516 572/3/516 527/3/516
f 529/3/517 573/3/517 528/3/517
f 529/3/518 575/3/518 574/3/518
f 531/2/519 575/2/519 530/2/519
f 532/3/520 576/3/520 531/3/520
f 532/2/521 578/2/521 577/2/521
f 534/4/522 578/4/522 533/4/522
f 535/4/523 579/4/523 534/4/523
f 535/4/524 581/4/524 580/4/524
f 537/2/525 581/2/525 536/2/525
f 538/3/526 582/3/526 537/3/526
f 539/2/527 583/2/527 538/2/527
f 540/1/528 584/1/528 539/1/528
f 541/1/529 587/1/529 586/1/529
f 542/1/530 588/1/530 587/1/530
f 543/3/531 589/3/531 588/3/531
f 544/2/532 590/2/532 589/2/532
f 545/3/533 591/3/533 590/3/533
f 547/2/534 591/2/534 546/2/534
f 547/4/535 593/4/535 592/4/535
f 548/2/536 594/2/536 593/2/536
f 550/3/537 594/3/537 549/3/537
f 551/3/538 595/3/538 550/3/538
f 551/2/539 597/2/539 596/2/539
f 552/4/540 598/4/540 597/4/540
f 553/3/541 599/3/541 598/3/541
f 555/3/542 599/3/542 554/3/542
f 555/3/543 601/3/543 600/3/543
f 557/2/544 601/2/544 556/2/544
f 557/3/545 603/3/545 602/3/545
f 559/3/546 603/3/546 558/3/546
f 559/2/547 605/2/547 604/2/547
f 561/3/548 605/3/548 560/3/548
f 561/3/549 607/3/549 606/3/549
f 562/3/550 608/3/550 607/3/550
f 563/2/551 609/2/551 608/2/551
f 565/3/552 609/3/552 564/3/552
f 565/4/553 611/4/553 610/4/553
f 567/4/554 611/4/554 566/4/554
f 568/3/555 612/3/555 567/3/555
f 569/3/556 613/3/556 568/3/556
f 570/3/557 614/3/557 569/3/557
f 570/3/558 616/3/558 615/3/558
f 571/3/559 617/3/559 616/3/559
f 572/2/560 618/2/560 617/2/560
f 574/3/561 618/3/561 573/3/561
f 574/4/562 620/4/562 619/4/562
f 575/3/563 621/3/563 620/3/563
f 576/3/564 622/3/564 621/3/564
f 577/4/565 623/4/565 622/4/565
f 578/3/566 624/3/566 623/3/566
f 579/3/567 625/3/567 624/3/567
f 580/2/568 626/2/568 625/2/568
f 582/3/569 626/3/569 581/3/569
f 583/2/570 627/2/570 582/2/570
f 584/1/571 628/1/571 583/1/571
f 584/1/572 630/1/572 629/1/572
f 586/1/573 632/1/573 631/1/573
f 587/1/574 633/1/574 632/1/574
f 589/3/575 633/3/575 588/3/575
f 590/3/576 634/3/576 589/3/576
f 590/3/577 636/3/577 635/3/577
f 591/4/578 637/4/578 636/4/578
f 593/3/579 637/3/579 592/3/579
f 594/3/580 638/3/580 593/3/580
f 594/3/581 640/3/581 639/3/581
f 595/3/582 641/3/582 640/3/582
f 597/3/583 641/3/583 596/3/583
f 597/2/584 643/2/584 642/2/584
f 598/3/585 644/3/585 643/3/585
f 600/3/586 644/3/586 599/3/586
f 601/4/587 645/4/587 600/4/587
f 602/3/588 646/3/588 601/3/588
f 603/3/589 647/3/589 602/3/589
f 603/4/590 649/4/590 648/4/590
f 605/3/591 649/3/591 604/3/591
f 605/3/592 651/3/592 650/3/592
f 606/3/593 652/3/593 651/3/593
f 608/3/594 652/3/594 607/3/594
f 609/4/595 653/4/595 608/4/595
f 609/3/596 655/3/596 654/3/596
f 610/3/597 656/3/597 655/3/597
f 611/4/598 657/4/598 656/4/598
f 613/3/599 657/3/599 612/3/599
f 613/2/600 659/2/600 658/2/600
f 615/3/601 659/3/601 614/3/601
f 615/4/602 661/4/602 660/4/602
f 617/2/603 661/2/603 616/2/603
f 617/2/604 663/2/604 662/2/604
f 619/3/605 663/3/605 618/3/605
f 620/3/606 664/3/606 619/3/606
f 621/4/607 665/4/607 620/4/607
f 621/3/608 667/3/608 666/3/608
f 623/2/609 667/2/609 622/2/609
f 623/3/610 669/3/610 668/3/610
f 624/3/611 670/3/611 669/3/611
f 626/2/612 670/2/612 625/2/612
f 627/2/613 671/2/613 626/2/613
f 627/3/614 673/3/614 672/3/614
f 629/3/615 673/3/615 628/3/615
f 630/1/616 674/1/616 629/1/616
f 631/1/617 677/1/617 676/1/617
f 633/1/618 677/1/618 632/1/618
f 634/3/619 678/3/619 633/3/619
f 635/3/620 679/3/620 634/3/620
f 636/4/621 680/4/621 635/4/621
f 637/3/622 681/3/622 636/3/622
f 637/3/623 683/3/623 682/3/623
f 639/3/624 683/3/624 638/3/624
f 640/4/625 684/4/625 639/4/625
f 641/3/626 685/3/626 640/3/626
f 641/3/627 687/3/627 686/3/627
f 642/3/628 688/3/628 687/3/628
f 644/2/629 688/2/629 643/2/629
f 644/3/630 690/3/630 689/3/630
f 645/2/631 691/2/631 690/2/631
f 647/3/632 691/3/632 646/3/632
f 648/4/633 692/4/633 647/4/633
f 648/3/634 694/3/634 693/3/634
f 649/3/635 695/3/635 694/3/635
f 650/5/636 696/5/636 695/5/636
f 651/5/637 697/5/637 696/5/637
f 653/5/638 697/5/638 652/5/638
f 653/5/639 699/5/639 698/5/639
f 654/5/640 700/5/640 699/5/640
f 656/2/641 700/2/641 655/2/641
f 656/2/642 702/2/642 701/2/642
f 658/3/643 702/3/643 657/3/643
f 658/4/644 704/4/644 703/4/644
f 659/3/645 705/3/645 704/3/645
f 660/4/646 706/4/646 705/4/646
f 661/4/647 707/4/647 706/4/647
f 663/3/648 707/3/648 662/3/648
f 664/3/649 708/3/649 663/3/649
f 665/4/650 709/4/650 664/4/650
f 666/2/651 710/2/651 665/2/651
f 666/3/652 712/3/652 711/3/652
f 667/3/653 713/3/653 712/3/653
f 668/4/654 714/4/654 713/4/654
f 670/3/655 714/3/655 669/3/655
f 670/2/656 716/2/656 715/2/656
f 672/3/657 716/3/657 671/3/657
f 672/3/658 718/3/658 717/3/658
f 673/1/659 719/1/659 718/1/659
f 675/1/660 719/1/660 674/1/660
f 676/1/661 722/1/661 721/1/661
f 677/1/662 723/1/662 722/1/662
f 678/3/663 724/3/663 723/3/663
f 679/3/664 725/3/664 724/3/664
f 680/2/665 726/2/665 725/2/665
f 681/4/666 727/4/666 726/4/666
f 682/2/667 728/2/667 727/2/667
f 683/3/668 729/3/668 728/3/668
f 684/2/669 730/2/669 729/2/669
f 685/3/670 731/3/670 730/3/670
f 687/3/671 731/3/671 686/3/671
f 688/4/672 732/4/672 687/4/672
f 689/2/673 733/2/673 688/2/673
f 690/2/674 734/2/674 689/2/674
f 691/3/675 735/3/675 690/3/675
f 691/3/676 737/3/676 736/3/676
f 692/4/677 738/4/677 737/4/677
f 694/2/678 738/2/678 693/2/678
f 694/5/679 740/5/679 739/5/679
f 696/5/680 740/5/680 695/5/680
f 697/5/681 741/5/681 696/5/681
f 698/6/682 742/6/682 697/6/682
f 698/6/683 744/6/683 743/6/683
f 699/6/684 745/6/684 744/6/684
f 701/5/685 745/5/685 700/5/685
f 702/5/686 746/5/686 701/5/686
f 703/3/687 747/3/687 702/3/687
f 703/4/688 749/4/688 748/4/688
f 704/3/689 750/3/689 749/3/689
f 706/3/690 750/3/690 705/3/690
f 707/4/691 751/4/691 706/4/691
f 708/3/692 752/3/692 707/3/692
f 708/3/693 754/3/693 753/3/693
f 710/3/694 754/3/694 709/3/694
f 711/4/695 755/4/695 710/4/695
f 712/2/696 756/2/696 711/2/696
f 713/4/697 757/4/697 712/4/697
f 713/4/698 759/4/698 758/4/698
f 714/3/699 760/3/699 759/3/699
f 715/2/700 761/2/700 760/2/700
f 717/2/701 761/2/701 716/2/701
f 718/2/702 762/2/702 717/2/702
f 718/3/703 764/3/703 763/3/703
f 719/1/704 765/1/704 764/1/704
f 722/1/705 766/1/705 721/1/705
f 723/1/706 767/1/706 722/1/706
f 724/3/707 768/3/707 723/3/707
f 724/3/708 770/3/708 769/3/708
f 725/4/709 771/4/709 770/4/709
f 726/3/710 772/3/710 771/3/710
f 728/2/711 772/2/711 727/2/711
f 728/3/712 774/3/712 773/3/712
f 729/4/713 775/4/713 774/4/713
f 730/3/714 776/3/714 775/3/714
f 732/3/715 776/3/715 731/3/715
f 732/2/716 778/2/716 777/2/716
f 733/3/717 779/3/717 778/3/717
f 734/4/718 780/4/718 779/4/718
f 735/4/719 781/4/719 780/4/719
f 736/4/720 782/4/720 781/4/720
f 737/3/721 783/3/721 782/3/721
f 739/5/722 783/5/722 738/5/722
f 740/5/723 784/5/723 739/5/723
f 741/6/724 785/6/724 740/6/724
f 742/6/725 786/6/725 741/6/725
f 742/6/726 788/6/726 787/6/726
f 744/6/727 788/6/727 743/6/727
f 745/6/728 789/6/728 744/6/728
f 746/6/729 790/6/729 745/6/729
f 746/6/730 792/6/730 791/6/730
f 747/5/731 793/5/731 792/5/731
f 748/5/732 794/5/732 793/5/732
f 750/4/733 794/4/733 749/4/733
f 750/2/734 796/2/734 795/2/734
f 751/2/735 797/2/735 796/2/735
f 752/3/736 798/3/736 797/3/736
f 753/3/737 799/3/737 798/3/737
f 754/4/738 800/4/738 799/4/738
f 755/2/739 801/2/739 800/2/739
f 757/3/740 801/3/740 756/3/740
f 757/4/741 803/4/741 802/4/741
f 758/3/742 804/3/742 803/3/742
f 760/3/743 804/3/743 759/3/743
f 761/2/744 805/2/744 760/2/744
f 761/3/745 807/3/745 806/3/745
f 762/3/746 808/3/746 807/3/746
f 764/3/747 808/3/747 763/3/747
f 765/1/748 809/1/748 764/1/748
f 766/1/749 812/1/749 811/1/749
f 767/1/750 813/1/750 812/1/750
f 769/3/751 813/3/751 768/3/751
f 770/4/752 814/4/752 769/4/752
f 771/3/753 815/3/753 770/3/753
f 771/3/754 817/3/754 816/3/754
f 773/2/755 817/2/755 772/2/755
f 774/2/756 818/2/756 773/2/756
f 775/3/757 819/3/757 774/3/757
f 775/4/758 821/4/758 820/4/758
f 777/2/759 821/2/759 776/2/759
f 778/2/760 822/2/760 777/2/760
f 779/4/761 823/4/761 778/4/761
f 779/4/762 825/4/762 824/4/762
f 781/2/763 825/2/763 780/2/763
f 782/4/764 826/4/764 781/4/764
f 783/5/765 827/5/765 782/5/765
f 783/6/766 829/6/766 828/6/766
f 784/6/767 830/6/767 829/6/767
f 785/6/768 831/6/768 830/6/768
f 786/6/769 832/6/769 831/6/769
f 787/6/770 833/6/770 832/6/770
f 788/6/771 834/6/771 833/6/771
f 790/6/772 834/6/772 789/6/772
f 791/6/773 835/6/773 790/6/773
f 792/6/774 836/6/774 791/6/774
f 792/6/775 838/6/775 837/6/775
f 794/5/776 838/5/776 793/5/776
f 795/2/777 839/2/777 794/2/777
f 796/3/778 840/3/778 795/3/778
f 797/2/779 841/2/779 796/2/779
f 797/2/780 843/2/780 842/2/780
f 799/3/781 843/3/781 798/3/781
f 799/3/782 845/3/782 844/3/782
f 801/2/783 845/2/783 800/2/783
f 802/3/784 846/3/784 801/3/784
f 802/2/785 848/2/785 847/2/785
f 803/3/786 849/3/786 848/3/786
f 805/3/787 849/3/787 804/3/787
f 805/4/788 851/4/788 850/4/788
f 806/3/789 852/3/789 851/3/789
f 807/4/790 853/4/790 852/4/790
f 809/1/791 853/1/791 808/1/791
f 809/1/792 855/1/792 854/1/792
f 811/1/793 857/1/793 856/1/793
f 812/1/794 858/1/794 857/1/794
f 814/2/795 858/2/795 813/2/795
f 814/3/796 860/3/796 859/3/796
f 816/4/797 860/4/797 815/4/797
f 817/3/798 861/3/798 816/3/798
f 817/3/799 863/3/799 862/3/799
f 819/3/800 863/3/800 818/3/800
f 819/4/801 865/4/801 864/4/801
f 820/4/802 866/4/802 865/4/802
f 821/3/803 867/3/803 866/3/803
f 823/3/804 867/3/804 822/3/804
f 823/3/805 869/3/805 868/3/805
f 824/3/806 870/3/806 869/3/806
f 826/4/807 870/4/807 825/4/807
f 826/5/808 872/5/808 871/5/808
f 828/5/809 872/5/809 827/5/809
f 829/6/810 873/6/810 828/6/810
f 830/6/811 874/6/811 829/6/811
f 831/6/812 875/6/812 830/6/812
f 832/6/813 876/6/813 831/6/813
f 833/6/814 877/6/814 832/6/814
f 834/6/815 878/6/815 833/6/815
f 834/6/816 880/6/816 879/6/816
f 835/6/817 881/6/817 880/6/817
f 837/6/818 881/6/818 836/6/818
f 837/6/819 883/6/819 882/6/819
f 838/6/820 884/6/820 883/6/820
f 839/5/821 885/5/821 884/5/821
f 840/4/822 886/4/822 885/4/822
f 842/2/823 886/2/823 841/2/823
f 843/3/824 887/3/824 842/3/824
f 843/4/825 889/4/825 888/4/825
f 844/4/826 890/4/826 889/4/826
f 845/2/827 891/2/827 890/2/827
f 847/2/828 891/2/828 846/2/828
f 847/3/829 893/3/829 892/3/829
f 849/2/830 893/2/830 848/2/830
f 850/3/831 894/3/831 849/3/831
f 850/3/832 896/3/832 895/3/832
f 851/3/833 897/3/833 896/3/833
f 853/2/834 897/2/834 852/2/834
f 853/1/835 899/1/835 898/1/835
f 854/1/836 900/1/836 899/1/836
f 856/1/837 902/1/837 901/1/837
f 858/1/838 902/1/838 857/1/838
f 859/2/839 903/2/839 858/2/839
f 859/3/840 905/3/840 904/3/840
f 861/4/841 905/4/841 860/4/841
f 861/3/842 907/3/842 906/3/842
f 862/3/843 908/3/843 907/3/843
f 864/3/844 908/3/844 863/3/844
f 865/4/845 909/4/845 864/4/845
f 865/3/846 911/3/846 910/3/846
f 866/2/847 912/2/847 911/2/847
f 868/4/848 912/4/848 867/4/848
f 868/4/849 914/4/849 913/4/849
f 869/3/850 915/3/850 914/3/850
f 870/3/851 916/3/851 915/3/851
f 871/5/852 917/5/852 916/5/852
f 872/6/853 918/6/853 917/6/853
f 874/6/854 918/6/854 873/6/854
f 875/6/855 919/6/855 874/6/855
f 875/6/856 921/6/856 920/6/856
f 876/6/857 922/6/857 921/6/857
f 877/6/858 923/6/858 922/6/858
f 879/6/859 923/6/859 878/6/859
f 879/6/860 925/6/860 924/6/860
f 881/6/861 925/6/861 880/6/861
f 882/6/862 926/6/862 881/6/862
f 882/6/863 928/6/863 927/6/863
f 883/6/864 929/6/864 928/6/864
f 884/5/865 930/5/865 929/5/865
f 886/4/866 930/4/866 885/4/866
f 887/3/867 931/3/867 886/3/867
f 888/4/868 932/4/868 887/4/868
f 889/2/869 933/2/869 888/2/869
f 890/2/870 934/2/870 889/2/870
f 891/4/871 935/4/871 890/4/871
f 891/3/872 937/3/872 936/3/872
f 892/3/873 938/3/873 937/3/873
f 894/2/874 938/2/874 893/2/874
f 894/2/875 940/2/875 939/2/875
f 896/4/876 940/4/876 895/4/876
f 896/2/877 942/2/877 941/2/877
f 898/3/878 942/3/878 897/3/878
f 899/1/879 943/1/879 898/1/879
f 900/1/880 944/1/880 899/1/880
f 902/1/881 946/1/881 901/1/881
f 903/1/882 947/1/882 902/1/882
f 903/3/883 949/3/883 948/3/883
f 904/2/884 950/2/884 949/2/884
f 906/3/885 950/3/885 905/3/885
f 906/2/886 952/2/886 951/2/886
f 907/3/887 953/3/887 952/3/887
f 909/3/888 953/3/888 908/3/888
f 910/3/889 954/3/889 909/3/889
f 911/4/890 955/4/890 910/4/890
f 912/2/891 956/2/891 911/2/891
f 912/4/892 958/4/892 957/4/892
f 914/3/893 958/3/893 913/3/893
f 914/4/894 960/4/894 959/4/894
f 915/5/895 961/5/895 960/5/895
f 917/5/896 961/5/896 916/5/896
f 917/6/897 963/6/897 962/6/897
f 918/6/898 964/6/898 963/6/898
f 920/6/899 964/6/899 919/6/899
f 921/6/900 965/6/900 920/6/900
f 921/5/901 967/5/901 966/5/901
f 922/5/902 968/5/902 967/5/902
f 924/5/903 968/5/903 923/5/903
f 925/5/904 969/5/904 924/5/904
f 925/6/905 971/6/905 970/6/905
f 927/6/906 971/6/906 926/6/906
f 928/6/907 972/6/907 927/6/907
f 929/6/908 973/6/908 928/6/908
f 929/6/909 975/6/909 974/6/909
f 930/5/910 976/5/910 975/5/910
f 932/2/911 976/2/911 931/2/911
f 932/2/912 978/2/912 977/2/912
f 933/2/913 979/2/913 978/2/913
f 934/3/914 980/3/914 979/3/914
f 935/4/915 981/4/915 980/4/915
f 936/3/916 982/3/916 981/3/916
f 938/4/917 982/4/917 937/4/917
f 939/3/918 983/3/918 938/3/918
f 939/4/919 985/4/919 984/4/919
f 941/3/920 985/3/920 940/3/920
f 941/4/921 987/4/921 986/4/921
f 942/3/922 988/3/922 987/3/922
f 944/1/923 988/1/923 943/1/923
f 945/1/924 989/1/924 944/1/924
f 946/1/925 992/1/925 991/1/925
f 947/1/926 993/1/926 992/1/926
f 949/2/927 993/2/927 948/2/927
f 949/3/928 995/3/928 994/3/928
f 950/4/929 996/4/929 995/4/929
f 952/3/930 996/3/930 951/3/930
f 953/3/931 997/3/931 952/3/931
f 954/2/932 998/2/932 953/2/932
f 954/3/933 1000/3/933 999/3/933
f 956/2/934 1000/2/934 955/2/934
f 956/2/935 1002/2/935 1001/2/935
f 957/2/936 1003/2/936 1002/2/936
f 959/4/937 1003/4/937 958/4/937
f 960/3/938 1004/3/938 959/3/938
f 960/5/939 1006/5/939 1005/5/939
f 961/5/940 1007/5/940 1006/5/940
f 963/6/941 1007/6/941 962/6/941
f 964/6/942 1008/6/942 963/6/942
f 964/6/943 1010/6/943 1009/6/943
f 966/6/944 1010/6/944 965/6/944
f 967/5/945 1011/5/945 966/5/945
f 967/5/946 1013/5/946 1012/5/946
f 968/5/947 1014/5/947 1013/5/947
f 970/5/948 1014/5/948 969/5/948
f 970/5/949 1016/5/949 1015/5/949
f 972/6/950 1016/6/950 971/6/950
f 973/6/951 1017/6/951 972/6/951
f 973/6/952 1019/6/952 1018/6/952
f 974/6/953 1020/6/953 1019/6/953
f 975/5/954 1021/5/954 1020/5/954
f 977/3/955 1021/3/955 976/3/955
f 977/3/956 1023/3/956 1022/3/956
f 978/4/957 1024/4/957 1023/4/957
f 980/3/958 1024/3/958 979/3/958
f 981/2/959 1025/2/959 980/2/959
f 982/3/960 1026/3/960 981/3/960
f 982/4/961 1028/4/961 1027/4/961
f 984/2/962 1028/2/962 983/2/962
f 985/3/963 1029/3/963 984/3/963
f 986/4/964 1030/4/964 985/4/964
f 987/2/965 1031/2/965 986/2/965
f 987/2/966 1033/2/966 1032/2/966
f 989/1/967 1033/1/967 988/1/967
f 989/1/968 1035/1/968 1034/1/968
f 992/1/969 1036/1/969 991/1/969
f 993/1/970 1037/1/970 992/1/970
f 994/3/971 1038/3/971 993/3/971
f 995/4/972 1039/4/972 994/4/972
f 995/4/973 1041/4/973 1040/4/973
f 996/2/974 1042/2/974 1041/2/974
f 998/2/975 1042/2/975 997/2/975
f 999/3/976 1043/3/976 998/3/976
f 999/4/977 1045/4/977 1044/4/977
f 1000/3/978 1046/3/978 1045/3/978
f 1001/2/979 1047/2/979 1046/2/979
f 1002/3/980 1048/3/980 1047/3/980
f 1004/3/981 1048/3/981 1003/3/981
f 1005/3/982 1049/3/982 1004/3/982
f 1005/4/983 1051/4/983 1050/4/983
f 1007/6/984 1051/6/984 1006/6/984
f 1008/6/985 1052/6/985 1007/6/985
f 1009/6/986 1053/6/986 1008/6/986
f 1009/6/987 1055/6/987 1054/6/987
f 1011/6/988 1055/6/988 1010/6/988
f 1012/5/989 1056/5/989 1011/5/989
f 1013/5/990 1057/5/990 1012/5/990
f 1013/5/991 1059/5/991 1058/5/991
f 1015/5/992 1059/5/992 1014/5/992
f 1016/5/993 1060/5/993 1015/5/993
f 1017/6/994 1061/6/994 1016/6/994
f 1018/6/995 1062/6/995 1017/6/995
f 1019/6/996 1063/6/996 1018/6/996
f 1019/6/997 1065/6/997 1064/6/997
f 1021/5/998 1065/5/998 1020/5/998
f 1022/2/999 1066/2/999 1021/2/999
f 1022/3/1000 1068/3/1000 1067/3/1000
f 1024/3/1001 1068/3/1001 1023/3/1001
f 1025/4/1002 1069/4/1002 1024/4/1002
f 1025/3/1003 1071/3/1003 1070/3/1003
f 1027/4/1004 1071/4/1004 1026/4/1004
f 1027/4/1005 1073/4/1005 1072/4/1005
f 1028/3/1006 1074/3/1006 1073/3/1006
f 1029/2/1007 1075/2/1007 1074/2/1007
f 1031/3/1008 1075/3/1008 1030/3/1008
f 1032/3/1009 1076/3/1009 1031/3/1009
f 1032/4/1010 1078/4/1010 1077/4/1010
f 1034/1/1011 1078/1/1011 1033/1/1011
f 1035/1/1012 1079/1/1012 1034/1/1012
f 1037/1/1013 1081/1/1013 1036/1/1013
f 1037/1/1014 1083/1/1014 1082/1/1014
f 1038/2/1015 1084/2/1015 1083/2/1015
f 1039/4/1016 1085/4/1016 1084/4/1016
f 1040/3/1017 1086/3/1017 1085/3/1017
f 1041/3/1018 1087/3/1018 1086/3/1018
f 1043/3/1019 1087/3/1019 1042/3/1019
f 1043/3/1020 1089/3/1020 1088/3/1020
f 1044/3/1021 1090/3/1021 1089/3/1021
f 1045/3/1022 1091/3/1022 1090/3/1022
f 1046/3/1023 1092/3/1023 1091/3/1023
f 1047/3/1024 1093/3/1024 1092/3/1024
f 1049/2/1025 1093/2/1025 1048/2/1025
f 1049/3/1026 1095/3/1026 1094/3/1026
f 1051/3/1027 1095/3/1027 1050/3/1027
f 1051/5/1028 1097/5/1028 1096/5/1028
f 1053/6/1029 1097/6/1029 1052/6/1029
f 1053/6/1030 1099/6/1030 1098/6/1030
f 1055/6/1031 1099/6/1031 1054/6/1031
f 1056/6/1032 1100/6/1032 1055/6/1032
f 1056/5/1033 1102/5/1033 1101/5/1033
f 1058/5/1034 1102/5/1034 1057/5/1034
f 1058/5/1035 1104/5/1035 1103/5/1035
f 1059/5/1036 1105/5/1036 1104/5/1036
f 1061/6/1037 1105/6/1037 1060/6/1037
f 1062/6/1038 1106/6/1038 1061/6/1038
f 1063/6/1039 1107/6/1039 1062/6/1039
f 1063/6/1040 1109/6/1040 1108/6/1040
f 1065/6/1041 1109/6/1041 1064/6/1041
f 1066/5/1042 1110/5/1042 1065/5/1042
f 1067/3/1043 1111/3/1043 1066/3/1043
f 1067/2/1044 1113/2/1044 1112/2/1044
f 1068/3/1045 1114/3/1045 1113/3/1045
f 1070/3/1046 1114/3/1046 1069/3/1046
f 1071/3/1047 1115/3/1047 1070/3/1047
f 1072/2/1048 1116/2/1048 1071/2/1048
f 1073/3/1049 1117/3/1049 1072/3/1049
f 1073/3/1050 1119/3/1050 1118/3/1050
f 1074/3/1051 1120/3/1051 1119/3/1051
f 1075/3/1052 1121/3/1052 1120/3/1052
f 1077/2/1053 1121/2/1053 1076/2/1053
f 1077/3/1054 1123/3/1054 1122/3/1054
f 1078/1/1055 1124/1/1055 1123/1/1055
f 1079/1/1056 1125/1/1056 1124/1/1056
f 1081/1/1057 1127/1/1057 1126/1/1057
f 1082/1/1058 1128/1/1058 1127/1/1058
f 1083/2/1059 1129/2/1059 1128/2/1059
f 1084/2/1060 1130/2/1060 1129/2/1060
f 1086/2/1061 1130/2/1061 1085/2/1061
f 1086/3/1062 1132/3/1062 1131/3/1062
f 1087/3/1063 1133/3/1063 1132/3/1063
f 1089/4/1064 1133/4/1064 1088/4/1064
f 1090/2/1065 1134/2/1065 1089/2/1065
f 1090/3/1066 1136/3/1066 1135/3/1066
f 1092/3/1067 1136/3/1067 1091/3/1067
f 1092/3/1068 1138/3/1068 1137/3/1068
f 1094/3/1069 1138/3/1069 1093/3/1069
f 1095/2/1070 1139/2/1070 1094/2/1070
f 1096/3/1071 1140/3/1071 1095/3/1071
f 1096/5/1072 1142/5/1072 1141/5/1072
f 1097/6/1073 1143/6/1073 1142/6/1073
f 1098/6/1074 1144/6/1074 1143/6/1074
f 1099/6/1075 1145/6/1075 1144/6/1075
f 1100/6/1076 1146/6/1076 1145/6/1076
f 1101/6/1077 1147/6/1077 1146/6/1077
f 1102/6/1078 1148/6/1078 1147/6/1078
f 1104/5/1079 1148/5/1079 1103/5/1079
f 1104/6/1080 1150/6/1080 1149/6/1080
f 1106/6/1081 1150/6/1081 1105/6/1081
f 1106/6/1082 1152/6/1082 1151/6/1082
f 1108/6/1083 1152/6/1083 1107/6/1083
f 1108/6/1084 1154/6/1084 1153/6/1084
f 1110/5/1085 1154/5/1085 1109/5/1085
f 1111/5/1086 1155/5/1086 1110/5/1086
f 1111/3/1087 1157/3/1087 1156/3/1087
f 1112/3/1088 1158/3/1088 1157/3/1088
f 1113/3/1089 1159/3/1089 1158/3/1089
f 1115/2/1090 1159/2/1090 1114/2/1090
f 1116/3/1091 1160/3/1091 1115/3/1091
f 1116/3/1092 1162/3/1092 1161/3/1092
f 1117/3/1093 1163/3/1093 1162/3/1093
f 1118/3/1094 1164/3/1094 1163/3/1094
f 1119/3/1095 1165/3/1095 1164/3/1095
f 1120/4/1096 1166/4/1096 1165/4/1096
f 1122/2/1097 1166/2/1097 1121/2/1097
f 1122/3/1098 1168/3/1098 1167/3/1098
f 1123/1/1099 1169/1/1099 1168/1/1099
f 1125/1/1100 1169/1/1100 1124/1/1100
f 1127/1/1101 1171/1/1101 1126/1/1101
f 1128/1/1102 1172/1/1102 1127/1/1102
f 1129/4/1103 1173/4/1103 1128/4/1103
f 1130/3/1104 1174/3/1104 1129/3/1104
f 1131/4/1105 1175/4/1105 1130/4/1105
f 1131/3/1106 1177/3/1106 1176/3/1106
f 1133/4/1107 1177/4/1107 1132/4/1107
f 1133/3/1108 1179/3/1108 1178/3/1108
f 1134/2/1109 1180/2/1109 1179/2/1109
f 1136/3/1110 1180/3/1110 1135/3/1110
f 1136/3/1111 1182/3/1111 1181/3/1111
f 1138/3/1112 1182/3/1112 1137/3/1112
f 1139/3/1113 1183/3/1113 1138/3/1113
f 1140/3/1114 1184/3/1114 1139/3/1114
f 1141/4/1115 1185/4/1115 1140/4/1115
f 1141/4/1116 1187/4/1116 1186/4/1116
f 1142/5/1117 1188/5/1117 1187/5/1117
f 1144/6/1118 1188/6/1118 1143/6/1118
f 1145/6/1119 1189/6/1119 1144/6/1119
f 1146/6/1120 1190/6/1120 1145/6/1120
f 1147/6/1121 1191/6/1121 1146/6/1121
f 1148/6/1122 1192/6/1122 1147/6/1122
f 1149/6/1123 1193/6/1123 1148/6/1123
f 1149/6/1124 1195/6/1124 1194/6/1124
f 1150/6/1125 1196/6/1125 1195/6/1125
f 1151/6/1126 1197/6/1126 1196/6/1126
f 1153/6/1127 1197/6/1127 1152/6/1127
f 1154/6/1128 1198/6/1128 1153/6/1128
f 1155/5/1129 1199/5/1129 1154/5/1129
f 1155/4/1130 1201/4/1130 1200/4/1130
f 1156/4/1131 1202/4/1131 1201/4/1131
f 1158/3/1132 1202/3/1132 1157/3/1132
f 1158/3/1133 1204/3/1133 1203/3/1133
f 1160/4/1134 1204/4/1134 1159/4/1134
f 1160/2/1135 1206/2/1135 1205/2/1135
f 1161/3/1136 1207/3/1136 1206/3/1136
f 1162/3/1137 1208/3/1137 1207/3/1137
f 1164/2/1138 1208/2/1138 1163/2/1138
f 1165/3/1139 1209/3/1139 1164/3/1139
f 1166/2/1140 1210/2/1140 1165/2/1140
f 1167/4/1141 1211/4/1141 1166/4/1141
f 1167/3/1142 1213/3/1142 1212/3/1142
f 1169/1/1143 1213/1/1143 1168/1/1143
f 1169/1/1144 1215/1/1144 1214/1/1144
f 1172/1/1145 1216/1/1145 1171/1/1145
f 1172/1/1146 1218/1/1146 1217/1/1146
f 1173/3/1147 1219/3/1147 1218/3/1147
f 1174/4/1148 1220/4/1148 1219/4/1148
f 1176/2/1149 1220/2/1149 1175/2/1149
f 1176/3/1150 1222/3/1150 1221/3/1150
f 1178/3/1151 1222/3/1151 1177/3/1151
f 1178/4/1152 1224/4/1152 1223/4/1152
f 1180/3/1153 1224/3/1153 1179/3/1153
f 1181/3/1154 1225/3/1154 1180/3/1154
f 1181/3/1155 1227/3/1155 1226/3/1155
f 1182/3/1156 1228/3/1156 1227/3/1156
f 1184/3/1157 1228/3/1157 1183/3/1157
f 1185/4/1158 1229/4/1158 1184/4/1158
f 1185/3/1159 1231/3/1159 1230/3/1159
f 1186/4/1160 1232/4/1160 1231/4/1160
f 1188/5/1161 1232/5/1161 1187/5/1161
f 1188/5/1162 1234/5/1162 1233/5/1162
f 1190/6/1163 1234/6/1163 1189/6/1163
f 1191/6/1164 1235/6/1164 1190/6/1164
f 1192/6/1165 1236/6/1165 1191/6/1165
f 1192/6/1166 1238/6/1166 1237/6/1166
f 1193/6/1167 1239/6/1167 1238/6/1167
f 1195/6/1168 1239/6/1168 1194/6/1168
f 1196/6/1169 1240/6/1169 1195/6/1169
f 1197/6/1170 1241/6/1170 1196/6/1170
f 1198/6/1171 1242/6/1171 1197/6/1171
f 1198/5/1172 1244/5/1172 1243/5/1172
f 1200/5/1173 1244/5/1173 1199/5/1173
f 1201/4/1174 1245/4/1174 1200/4/1174
f 1201/2/1175 1247/2/1175 1246/2/1175
f 1203/3/1176 1247/3/1176 1202/3/1176
f 1204/3/1177 1248/3/1177 1203/3/1177
f 1204/2/1178 1250/2/1178 1249/2/1178
f 1205/3/1179 1251/3/1179 1250/3/1179
f 1207/3/1180 1251/3/1180 1206/3/1180
f 1208/3/1181 1252/3/1181 1207/3/1181
f 1209/3/1182 1253/3/1182 1208/3/1182
f 1209/3/1183 1255/3/1183 1254/3/1183
f 1211/3/1184 1255/3/1184 1210/3/1184
f 1212/4/1185 1256/4/1185 1211/4/1185
f 1212/3/1186 1258/3/1186 1257/3/1186
f 1214/1/1187 1258/1/1187 1213/1/1187
f 1215/1/1188 1259/1/1188 1214/1/1188
f 1216/1/1189 1262/1/1189 1261/1/1189
f 1218/1/1190 1262/1/1190 1217/1/1190
f 1218/4/1191 1264/4/1191 1263/4/1191
f 1220/3/1192 1264/3/1192 1219/3/1192
f 1221/3/1193 1265/3/1193 1220/3/1193
f 1221/2/1194 1267/2/1194 1266/2/1194
f 1223/3/1195 1267/3/1195 1222/3/1195
f 1223/2/1196 1269/2/1196 1268/2/1196
f 1224/2/1197 1270/2/1197 1269/2/1197
f 1226/3/1198 1270/3/1198 1225/3/1198
f 1227/4/1199 1271/4/1199 1226/4/1199
f 1227/3/1200 1273/3/1200 1272/3/1200
f 1228/4/1201 1274/4/1201 1273/4/1201
f 1229/4/1202 1275/4/1202 1274/4/1202
f 1231/3/1203 1275/3/1203 1230/3/1203
f 1232/3/1204 1276/3/1204 1231/3/1204
f 1233/4/1205 1277/4/1205 1232/4/1205
f 1233/5/1206 1279/5/1206 1278/5/1206
f 1235/6/1207 1279/6/1207 1234/6/1207
f 1235/6/1208 1281/6/1208 1280/6/1208
f 1236/6/1209 1282/6/1209 1281/6/1209
f 1237/6/1210 1283/6/1210 1282/6/1210
f 1238/6/1211 1284/6/1211 1283/6/1211
f 1239/6/1212 1285/6/1212 1284/6/1212
f 1241/6/1213 1285/6/1213 1240/6/1213
f 1242/6/1214 1286/6/1214 1241/6/1214
f 1243/5/1215 1287/5/1215 1242/5/1215
f 1244/5/1216 1288/5/1216 1243/5/1216
f 1244/4/1217 1290/4/1217 1289/4/1217
f 1246/3/1218 1290/3/1218 1245/3/1218
f 1246/3/1219 1292/3/1219 1291/3/1219
f 1248/3/1220 1292/3/1220 1247/3/1220
f 1248/3/1221 1294/3/1221 1293/3/1221
f 1249/4/1222 1295/4/1222 1294/4/1222
f 1251/3/1223 1295/3/1223 1250/3/1223
f 1252/2/1224 1296/2/1224 1251/2/1224
f 1252/3/1225 1298/3/1225 1297/3/1225
f 1253/3/1226 1299/3/1226 1298/3/1226
f 1255/3/1227 1299/3/1227 1254/3/1227
f 1256/3/1228 1300/3/1228 1255/3/1228
f 1257/3/1229 1301/3/1229 1256/3/1229
f 1257/2/1230 1303/2/1230 1302/2/1230
f 1258/3/1231 1304/3/1231 1303/3/1231
f 1259/1/1232 1305/1/1232 1304/1/1232
f 1262/1/1233 1306/1/1233 1261/1/1233
f 1263/1/1234 1307/1/1234 1262/1/1234
f 1263/2/1235 1309/2/1235 1308/2/1235
f 1264/2/1236 1310/2/1236 1309/2/1236
f 1265/3/1237 1311/3/1237 1310/3/1237
f 1267/3/1238 1311/3/1238 1266/3/1238
f 1267/3/1239 1313/3/1239 1312/3/1239
f 1269/2/1240 1313/2/1240 1268/2/1240
f 1269/3/1241 1315/3/1241 1314/3/1241
f 1271/3/1242 1315/3/1242 1270/3/1242
f 1272/3/1243 1316/3/1243 1271/3/1243
f 1273/2/1244 1317/2/1244 1272/2/1244
f 1274/3/1245 1318/3/1245 1273/3/1245
f 1274/4/1246 1320/4/1246 1319/4/1246
f 1275/3/1247 1321/3/1247 1320/3/1247
f 1277/2/1248 1321/2/1248 1276/2/1248
f 1277/4/1249 1323/4/1249 1322/4/1249
f 1278/4/1250 1324/4/1250 1323/4/1250
f 1280/5/1251 1324/5/1251 1279/5/1251
f 1280/5/1252 1326/5/1252 1325/5/1252
f 1281/5/1253 1327/5/1253 1326/5/1253
f 1283/6/1254 1327/6/1254 1282/6/1254
f 1284/6/1255 1328/6/1255 1283/6/1255
f 1285/6/1256 1329/6/1256 1284/6/1256
f 1286/5/1257 1330/5/1257 1285/5/1257
f 1286/5/1258 1332/5/1258 1331/5/1258
f 1287/3/1259 1333/3/1259 1332/3/1259
f 1289/4/1260 1333/4/1260 1288/4/1260
f 1289/3/1261 1335/3/1261 1334/3/1261
f 1291/3/1262 1335/3/1262 1290/3/1262
f 1291/3/1263 1337/3/1263 1336/3/1263
f 1293/2/1264 1337/2/1264 1292/2/1264
f 1293/4/1265 1339/4/1265 1338/4/1265
f 1295/4/1266 1339/4/1266 1294/4/1266
f 1295/4/1267 1341/4/1267 1340/4/1267
f 1297/3/1268 1341/3/1268 1296/3/1268
f 1298/2/1269 1342/2/1269 1297/2/1269
f 1298/3/1270 1344/3/1270 1343/3/1270
f 1300/3/1271 1344/3/1271 1299/3/1271
f 1300/4/1272 1346/4/1272 1345/4/1272
f 1302/3/1273 1346/3/1273 1301/3/1273
f 1303/3/1274 1347/3/1274 1302/3/1274
f 1304/4/1275 1348/4/1275 1303/4/1275
f 1305/1/1276 1349/1/1276 1304/1/1276
f 1306/1/1277 1352/1/1277 1351/1/1277
f 1308/1/1278 1352/1/1278 1307/1/1278
f 1308/3/1279 1354/3/1279 1353/3/1279
f 1310/3/1280 1354/3/1280 1309/3/1280
f 1311/3/1281 1355/3/1281 1310/3/1281
f 1312/3/1282 1356/3/1282 1311/3/1282
f 1313/2/1283 1357/2/1283 1312/2/1283
f 1314/2/1284 1358/2/1284 1313/2/1284
f 1315/4/1285 1359/4/1285 1314/4/1285
f 1315/3/1286 1361/3/1286 1360/3/1286
f 1317/3/1287 1361/3/1287 1316/3/1287
f 1318/3/1288 1362/3/1288 1317/3/1288
f 1318/4/1289 1364/4/1289 1363/4/1289
f 1320/3/1290 1364/3/1290 1319/3/1290
f 1321/4/1291 1365/4/1291 1320/4/1291
f 1321/3/1292 1367/3/1292 1366/3/1292
f 1322/2/1293 1368/2/1293 1367/2/1293
f 1324/3/1294 1368/3/1294 1323/3/1294
f 1324/3/1295 1370/3/1295 1369/3/1295
f 1325/2/1296 1371/2/1296 1370/2/1296
f 1326/5/1297 1372/5/1297 1371/5/1297
f 1327/5/1298 1373/5/1298 1372/5/1298
f 1329/5/1299 1373/5/1299 1328/5/1299
f 1330/5/1300 1374/5/1300 1329/5/1300
f 1330/3/1301 1376/3/1301 1375/3/1301
f 1331/3/1302 1377/3/1302 1376/3/1302
f 1333/4/1303 1377/4/1303 1332/4/1303
f 1333/3/1304 1379/3/1304 1378/3/1304
f 1334/4/1305 1380/4/1305 1379/4/1305
f 1336/3/1306 1380/3/1306 1335/3/1306
f 1337/2/1307 1381/2/1307 1336/2/1307
f 1338/4/1308 1382/4/1308 1337/4/1308
f 1339/4/1309 1383/4/1309 1338/4/1309
f 1339/3/1310 1385/3/1310 1384/3/1310
f 1341/3/1311 1385/3/1311 1340/3/1311
f 1342/2/1312 1386/2/1312 1341/2/1312
f 1342/4/1313 1388/4/1313 1387/4/1313
f 1343/3/1314 1389/3/1314 1388/3/1314
f 1345/3/1315 1389/3/1315 1344/3/1315
f 1346/4/1316 1390/4/1316 1345/4/1316
f 1347/3/1317 1391/3/1317 1346/3/1317
f 1348/2/1318 1392/2/1318 1347/2/1318
f 1348/4/1319 1394/4/1319 1393/4/1319
f 1349/1/1320 1395/1/1320 1394/1/1320
f 1351/1/1321 1397/1/1321 1396/1/1321
f 1352/1/1322 1398/1/1322 1397/1/1322
f 1354/3/1323 1398/3/1323 1353/3/1323
f 1355/4/1324 1399/4/1324 1354/4/1324
f 1355/3/1325 1401/3/1325 1400/3/1325
f 1356/4/1326 1402/4/1326 1401/4/1326
f 1357/3/1327 1403/3/1327 1402/3/1327
f 1358/3/1328 1404/3/1328 1403/3/1328
f 1359/2/1329 1405/2/1329 1404/2/1329
f 1360/3/1330 1406/3/1330 1405/3/1330
f 1361/3/1331 1407/3/1331 1406/3/1331
f 1363/2/1332 1407/2/1332 1362/2/1332
f 1364/2/1333 1408/2/1333 1363/2/1333
f 1365/3/1334 1409/3/1334 1364/3/1334
f 1365/4/1335 1411/4/1335 1410/4/1335
f 1367/3/1336 1411/3/1336 1366/3/1336
f 1367/3/1337 1413/3/1337 1412/3/1337
f 1369/3/1338 1413/3/1338 1368/3/1338
f 1369/2/1339 1415/2/1339 1414/2/1339
f 1370/4/1340 1416/4/1340 1415/4/1340
f 1371/3/1341 1417/3/1341 1416/3/1341
f 1373/2/1342 1417/2/1342 1372/2/1342
f 1373/3/1343 1419/3/1343 1418/3/1343
f 1374/2/1344 1420/2/1344 1419/2/1344
f 1376/3/1345 1420/3/1345 1375/3/1345
f 1377/3/1346 1421/3/1346 1376/3/1346
f 1378/4/1347 1422/4/1347 1377/4/1347
f 1378/2/1348 1424/2/1348 1423/2/1348
f 1379/3/1349 1425/3/1349 1424/3/1349
f 1381/4/1350 1425/4/1350 1380/4/1350
f 1382/3/1351 1426/3/1351 1381/3/1351
f 1382/2/1352 1428/2/1352 1427/2/1352
f 1384/2/1353 1428/2/1353 1383/2/1353
f 1384/3/1354 1430/3/1354 1429/3/1354
f 1386/4/1355 1430/4/1355 1385/4/1355
f 1387/2/1356 1431/2/1356 1386/2/1356
f 1387/4/1357 1433/4/1357 1432/4/1357
f 1388/4/1358 1434/4/1358 1433/4/1358
f 1390/2/1359 1434/2/1359 1389/2/1359
f 1391/4/1360 1435/4/1360 1390/4/1360
f 1392/4/1361 1436/4/1361 1391/4/1361
f 1392/2/1362 1438/2/1362 1437/2/1362
f 1393/3/1363 1439/3/1363 1438/3/1363
f 1394/1/1364 1440/1/1364 1439/1/1364
f 1396/1/1365 1442/1/1365 1441/1/1365
f 1397/1/1366 1443/1/1366 1442/1/1366
f 1399/3/1367 1443/3/1367 1398/3/1367
f 1400/3/1368 1444/3/1368 1399/3/1368
f 1401/2/1369 1445/2/1369 1400/2/1369
f 1402/4/1370 1446/4/1370 1401/4/1370
f 1403/2/1371 1447/2/1371 1402/2/1371
f 1404/2/1372 1448/2/1372 1403/2/1372
f 1404/3/1373 1450/3/1373 1449/3/1373
f 1406/3/1374 1450/3/1374 1405/3/1374
f 1407/2/1375 1451/2/1375 1406/2/1375
f 1408/3/1376 1452/3/1376 1407/3/1376
f 1408/2/1377 1454/2/1377 1453/2/1377
f 1409/4/1378 1455/4/1378 1454/4/1378
f 1410/2/1379 1456/2/1379 1455/2/1379
f 1412/4/1380 1456/4/1380 1411/4/1380
f 1412/3/1381 1458/3/1381 1457/3/1381
f 1414/3/1382 1458/3/1382 1413/3/1382
f 1415/2/1383 1459/2/1383 1414/2/1383
f 1415/3/1384 1461/3/1384 1460/3/1384
f 1416/3/1385 1462/3/1385 1461/3/1385
f 1418/3/1386 1462/3/1386 1417/3/1386
f 1419/3/1387 1463/3/1387 1418/3/1387
f 1419/3/1388 1465/3/1388 1464/3/1388
f 1420/3/1389 1466/3/1389 1465/3/1389
f 1421/4/1390 1467/4/1390 1466/4/1390
f 1423/2/1391 1467/2/1391 1422/2/1391
f 1423/3/1392 1469/3/1392 1468/3/1392
f 1424/3/1393 1470/3/1393 1469/3/1393
f 1425/4/1394 1471/4/1394 1470/4/1394
f 1427/4/1395 1471/4/1395 1426/4/1395
f 1427/2/1396 1473/2/1396 1472/2/1396
f 1429/3/1397 1473/3/1397 1428/3/1397
f 1429/2/1398 1475/2/1398 1474/2/1398
f 1430/3/1399 1476/3/1399 1475/3/1399
f 1431/3/1400 1477/3/1400 1476/3/1400
f 1433/2/1401 1477/2/1401 1432/2/1401
f 1433/2/1402 1479/2/1402 1478/2/1402
f 1435/2/1403 1479/2/1403 1434/2/1403
f 1436/3/1404 1480/3/1404 1435/3/1404
f 1436/2/1405 1482/2/1405 1481/2/1405
f 1437/4/1406 1483/4/1406 1482/4/1406
f 1439/4/1407 1483/4/1407 1438/4/1407
f 1440/1/1408 1484/1/1408 1439/1/1408
f 1442/1/1409 1486/1/1409 1441/1/1409
f 1443/1/1410 1487/1/1410 1442/1/1410
f 1444/2/1411 1488/2/1411 1443/2/1411
f 1444/3/1412 1490/3/1412 1489/3/1412
f 1445/3/1413 1491/3/1413 1490/3/1413
f 1447/4/1414 1491/4/1414 1446/4/1414
f 1448/2/1415 1492/2/1415 1447/2/1415
f 1448/3/1416 1494/3/1416 1493/3/1416
f 1449/3/1417 1495/3/1417 1494/3/1417
f 1450/3/1418 1496/3/1418 1495/3/1418
f 1451/3/1419 1497/3/1419 1496/3/1419
f 1452/4/1420 1498/4/1420 1497/4/1420
f 1453/3/1421 1499/3/1421 1498/3/1421
f 1455/4/1422 1499/4/1422 1454/4/1422
f 1456/3/1423 1500/3/1423 1455/3/1423
f 1457/3/1424 1501/3/1424 1456/3/1424
f 1457/2/1425 1503/2/1425 1502/2/1425
f 1458/4/1426 1504/4/1426 1503/4/1426
f 1460/3/1427 1504/3/1427 1459/3/1427
f 1461/3/1428 1505/3/1428 1460/3/1428
f 1462/3/1429 1506/3/1429 1461/3/1429
f 1462/3/1430 1508/3/1430 1507/3/1430
f 1464/3/1431 1508/3/1431 1463/3/1431
f 1465/3/1432 1509/3/1432 1464/3/1432
f 1466/4/1433 1510/4/1433 1465/4/1433
f 1467/4/1434 1511/4/1434 1466/4/1434
f 1468/2/1435 1512/2/1435 1467/2/1435
f 1469/3/1436 1513/3/1436 1468/3/1436
f 1470/3/1437 1514/3/1437 1469/3/1437
f 1471/4/1438 1515/4/1438 1470/4/1438
f 1471/4/1439 1517/4/1439 1516/4/1439
f 1472/3/1440 1518/3/1440 1517/3/1440
f 1473/3/1441 1519/3/1441 1518/3/1441
f 1474/2/1442 1520/2/1442 1519/2/1442
f 1475/3/1443 1521/3/1443 1520/3/1443
f 1476/3/1444 1522/3/1444 1521/3/1444
f 1478/3/1445 1522/3/1445 1477/3/1445
f 1478/4/1446 1524/4/1446 1523/4/1446
f 1479/4/1447 1525/4/1447 1524/4/1447
f 1480/3/1448 1526/3/1448 1525/3/1448
f 1481/3/1449 1527/3/1449 1526/3/1449
f 1482/4/1450 1528/4/1450 1527/4/1450
f 1483/2/1451 1529/2/1451 1528/2/1451
f 1485/1/1452 1529/1/1452 1484/1/1452
f 1487/1/1453 1531/1/1453 1486/1/1453
f 1488/1/1454 1532/1/1454 1487/1/1454
f 1488/3/1455 1534/3/1455 1533/3/1455
f 1490/4/1456 1534/4/1456 1489/4/1456
f 1491/3/1457 1535/3/1457 1490/3/1457
f 1492/2/1458 1536/2/1458 1491/2/1458
f 1493/4/1459 1537/4/1459 1492/4/1459
f 1493/3/1460 1539/3/1460 1538/3/1460
f 1495/3/1461 1539/3/1461 1494/3/1461
f 1496/4/1462 1540/4/1462 1495/4/1462
f 1496/3/1463 1542/3/1463 1541/3/1463
f 1498/4/1464 1542/4/1464 1497/4/1464
f 1499/4/1465 1543/4/1465 1498/4/1465
f 1499/3/1466 1545/3/1466 1544/3/1466
f 1501/2/1467 1545/2/1467 1500/2/1467
f 1502/4/1468 1546/4/1468 1501/4/1468
f 1502/3/1469 1548/3/1469 1547/3/1469
f 1504/4/1470 1548/4/1470 1503/4/1470
f 1505/3/1471 1549/3/1471 1504/3/1471
f 1505/3/1472 1551/3/1472 1550/3/1472
f 1507/4/1473 1551/4/1473 1506/4/1473
f 1507/3/1474 1553/3/1474 1552/3/1474
f 1509/4/1475 1553/4/1475 1508/4/1475
f 1509/2/1476 1555/2/1476 1554/2/1476
f 1511/2/1477 1555/2/1477 1510/2/1477
f 1512/3/1478 1556/3/1478 1511/3/1478
f 1512/3/1479 1558/3/1479 1557/3/1479
f 1514/3/1480 1558/3/1480 1513/3/1480
f 1514/3/1481 1560/3/1481 1559/3/1481
f 1515/2/1482 1561/2/1482 1560/2/1482
f 1516/3/1483 1562/3/1483 1561/3/1483
f 1517/2/1484 1563/2/1484 1562/2/1484
f 1519/3/1485 1563/3/1485 1518/3/1485
f 1520/4/1486 1564/4/1486 1519/4/1486
f 1521/4/1487 1565/4/1487 1520/4/1487
f 1521/4/1488 1567/4/1488 1566/4/1488
f 1522/3/1489 1568/3/1489 1567/3/1489
f 1523/2/1490 1569/2/1490 1568/2/1490
f 1525/3/1491 1569/3/1491 1524/3/1491
f 1526/3/1492 1570/3/1492 1525/3/1492
f 1527/2/1493 1571/2/1493 1526/2/1493
f 1528/2/1494 1572/2/1494 1527/2/1494
f 1529/3/1495 1573/3/1495 1528/3/1495
f 1530/1/1496 1574/1/1496 1529/1/1496
f 1531/1/1497 1577/1/1497 1576/1/1497
f 1532/1/1498 1578/1/1498 1577/1/1498
f 1533/2/1499 1579/2/1499 1578/2/1499
f 1534/3/1500 1580/3/1500 1579/3/1500
f 1536/4/1501 1580/4/1501 1535/4/1501
f 1536/4/1502 1582/4/1502 1581/4/1502
f 1538/3/1503 1582/3/1503 1537/3/1503
f 1538/3/1504 1584/3/1504 1583/3/1504
f 1539/3/1505 1585/3/1505 1584/3/1505
f 1541/2/1506 1585/2/1506 1540/2/1506
f 1541/3/1507 1587/3/1507 1586/3/1507
f 1543/4/1508 1587/4/1508 1542/4/1508
f 1544/4/1509 1588/4/1509 1543/4/1509
f 1544/3/1510 1590/3/1510 1589/3/1510
f 1545/3/1511 1591/3/1511 1590/3/1511
f 1547/4/1512 1591/4/1512 1546/4/1512
f 1547/4/1513 1593/4/1513 1592/4/1513
f 1549/2/1514 1593/2/1514 1548/2/1514
f 1549/3/1515 1595/3/1515 1594/3/1515
f 1550/3/1516 1596/3/1516 1595/3/1516
f 1551/3/1517 1597/3/1517 1596/3/1517
f 1552/4/1518 1598/4/1518 1597/4/1518
f 1554/2/1519 1598/2/1519 1553/2/1519
f 1554/3/1520 1600/3/1520 1599/3/1520
f 1555/4/1521 1601/4/1521 1600/4/1521
f 1557/3/1522 1601/3/1522 1556/3/1522
f 1558/4/1523 1602/4/1523 1557/4/1523
f 1558/3/1524 1604/3/1524 1603/3/1524
f 1559/3/1525 1605/3/1525 1604/3/1525
f 1560/4/1526 1606/4/1526 1605/4/1526
f 1561/2/1527 1607/2/1527 1606/2/1527
f 1562/4/1528 1608/4/1528 1607/4/1528
f 1564/3/1529 1608/3/1529 1563/3/1529
f 1565/2/1530 1609/2/1530 1564/2/1530
f 1566/3/1531 1610/3/1531 1565/3/1531
f 1567/2/1532 1611/2/1532 1566/2/1532
f 1567/3/1533 1613/3/1533 1612/3/1533
f 1569/2/1534 1613/2/1534 1568/2/1534
f 1569/2/1535 1615/2/1535 1614/2/1535
f 1570/3/1536 1616/3/1536 1615/3/1536
f 1571/3/1537 1617/3/1537 1616/3/1537
f 1573/2/1538 1617/2/1538 1572/2/1538
f 1574/2/1539 1618/2/1539 1573/2/1539
f 1575/1/1540 1619/1/1540 1574/1/1540
f 1577/1/1541 1621/1/1541 1576/1/1541
f 1578/1/1542 1622/1/1542 1577/1/1542
f 1578/3/1543 1624/3/1543 1623/3/1543
f 1580/4/1544 1624/4/1544 1579/4/1544
f 1581/4/1545 1625/4/1545 1580/4/1545
f 1582/2/1546 1626/2/1546 1581/2/1546
f 1583/2/1547 1627/2/1547 1582/2/1547
f 1583/4/1548 1629/4/1548 1628/4/1548
f 1584/4/1549 1630/4/1549 1629/4/1549
f 1585/3/1550 1631/3/1550 1630/3/1550
f 1586/3/1551 1632/3/1551 1631/3/1551
f 1588/3/1552 1632/3/1552 1587/3/1552
f 1588/4/1553 1634/4/1553 1633/4/1553
f 1590/2/1554 1634/2/1554 1589/2/1554
f 1590/2/1555 1636/2/1555 1635/2/1555
f 1592/2/1556 1636/2/1556 1591/2/1556
f 1593/2/1557 1637/2/1557 1592/2/1557
f 1594/3/1558 1638/3/1558 1593/3/1558
f 1594/2/1559 1640/2/1559 1639/2/1559
f 1596/2/1560 1640/2/1560 1595/2/1560
f 1597/3/1561 1641/3/1561 1596/3/1561
f 1597/2/1562 1643/2/1562 1642/2/1562
f 1598/3/1563 1644/3/1563 1643/3/1563
f 1599/4/1564 1645/4/1564 1644/4/1564
f 1601/3/1565 1645/3/1565 1600/3/1565
f 1602/3/1566 1646/3/1566 1601/3/1566
f 1602/3/1567 1648/3/1567 1647/3/1567
f 1603/3/1568 1649/3/1568 1648/3/1568
f 1604/3/1569 1650/3/1569 1649/3/1569
f 1606/3/1570 1650/3/1570 1605/3/1570
f 1607/2/1571 1651/2/1571 1606/2/1571
f 1608/2/1572 1652/2/1572 1607/2/1572
f 1609/2/1573 1653/2/1573 1608/2/1573
f 1609/2/1574 1655/2/1574 1654/2/1574
f 1610/3/1575 1656/3/1575 1655/3/1575
f 1611/3/1576 1657/3/1576 1656/3/1576
f 1613/3/1577 1657/3/1577 1612/3/1577
f 1614/3/1578 1658/3/1578 1613/3/1578
f 1615/3/1579 1659/3/1579 1614/3/1579
f 1616/4/1580 1660/4/1580 1615/4/1580
f 1617/4/1581 1661/4/1581 1616/4/1581
f 1618/3/1582 1662/3/1582 1617/3/1582
f 1619/4/1583 1663/4/1583 1618/4/1583
f 1619/1/1584 1665/1/1584 1664/1/1584
f 1621/1/1585 1667/1/1585 1666/1/1585
f 1622/1/1586 1668/1/1586 1667/1/1586
f 1623/2/1587 1669/2/1587 1668/2/1587
f 1625/3/1588 1669/3/1588 1624/3/1588
f 1625/2/1589 1671/2/1589 1670/2/1589
f 1627/2/1590 1671/2/1590 1626/2/1590
f 1628/4/1591 1672/4/1591 1627/4/1591
f 1629/2/1592 1673/2/1592 1628/2/1592
f 1630/4/1593 1674/4/1593 1629/4/1593
f 1631/4/1594 1675/4/1594 1630/4/1594
f 1631/2/1595 1677/2/1595 1676/2/1595
f 1632/3/1596 1678/3/1596 1677/3/1596
f 1633/4/1597 1679/4/1597 1678/4/1597
f 1635/3/1598 1679/3/1598 1634/3/1598
f 1636/3/1599 1680/3/1599 1635/3/1599
f 1637/3/1600 1681/3/1600 1636/3/1600
f 1637/2/1601 1683/2/1601 1682/2/1601
f 1639/3/1602 1683/3/1602 1638/3/1602
f 1640/3/1603 1684/3/1603 1639/3/1603
f 1641/3/1604 1685/3/1604 1640/3/1604
f 1641/3/1605 1687/3/1605 1686/3/1605
f 1642/3/1606 1688/3/1606 1687/3/1606
f 1644/3/1607 1688/3/1607 1643/3/1607
f 1645/4/1608 1689/4/1608 1644/4/1608
f 1646/3/1609 1690/3/1609 1645/3/1609
f 1646/3/1610 1692/3/1610 1691/3/1610
f 1647/4/1611 1693/4/1611 1692/4/1611
f 1649/4/1612 1693/4/1612 1648/4/1612
f 1649/3/1613 1695/3/1613 1694/3/1613
f 1651/4/1614 1695/4/1614 1650/4/1614
f 1652/4/1615 1696/4/1615 1651/4/1615
f 1653/4/1616 1697/4/1616 1652/4/1616
f 1653/2/1617 1699/2/1617 1698/2/1617
f 1654/2/1618 1700/2/1618 1699/2/1618
f 1656/2/1619 1700/2/1619 1655/2/1619
f 1656/3/1620 1702/3/1620 1701/3/1620
f 1658/4/1621 1702/4/1621 1657/4/1621
f 1658/2/1622 1704/2/1622 1703/2/1622
f 1659/3/1623 1705/3/1623 1704/3/1623
f 1661/4/1624 1705/4/1624 1660/4/1624
f 1662/3/1625 1706/3/1625 1661/3/1625
f 1662/2/1626 1708/2/1626 1707/2/1626
f 1664/1/1627 1708/1/1627 1663/1/1627
f 1665/1/1628 1709/1/1628 1664/1/1628
f 1667/1/1629 1711/1/1629 1666/1/1629
f 1667/1/1630 1713/1/1630 1712/1/1630
f 1669/3/1631 1713/3/1631 1668/3/1631
f 1670/3/1632 1714/3/1632 1669/3/1632
f 1671/2/1633 1715/2/1633 1670/2/1633
f 1672/4/1634 1716/4/1634 1671/4/1634
f 1672/3/1635 1718/3/1635 1717/3/1635
f 1673/3/1636 1719/3/1636 1718/3/1636
f 1675/3/1637 1719/3/1637 1674/3/1637
f 1676/4/1638 1720/4/1638 1675/4/1638
f 1676/4/1639 1722/4/1639 1721/4/1639
f 1678/4/1640 1722/4/1640 1677/4/1640
f 1679/2/1641 1723/2/1641 1678/2/1641
f 1679/4/1642 1725/4/1642 1724/4/1642
f 1680/2/1643 1726/2/1643 1725/2/1643
f 1681/4/1644 1727/4/1644 1726/4/1644
f 1682/2/1645 1728/2/1645 1727/2/1645
f 1684/4/1646 1728/4/1646 1683/4/1646
f 1685/4/1647 1729/4/1647 1684/4/1647
f 1685/3/1648 1731/3/1648 1730/3/1648
f 1686/4/1649 1732/4/1649 1731/4/1649
f 1688/2/1650 1732/2/1650 1687/2/1650
f 1688/4/1651 1734/4/1651 1733/4/1651
f 1690/3/1652 1734/3/1652 1689/3/1652
f 1691/2/1653 1735/2/1653 1690/2/1653
f 1692/3/1654 1736/3/1654 1691/3/1654
f 1693/4/1655 1737/4/1655 1692/4/1655
f 1694/3/1656 1738/3/1656 1693/3/1656
f 1694/4/1657 1740/4/1657 1739/4/1657
f 1696/2/1658 1740/2/1658 1695/2/1658
f 1697/3/1659 1741/3/1659 1696/3/1659
f 1697/4/1660 1743/4/1660 1742/4/1660
f 1699/4/1617 1743/4/1617 1698/4/1617
f 1700/3/1661 1744/3/1661 1699/3/1661
f 1701/3/1662 1745/3/1662 1700/3/1662
f 1701/3/1663 1747/3/1663 1746/3/1663
f 1702/3/1664 1748/3/1664 1747/3/1664
f 1704/3/1665 1748/3/1665 1703/3/1665
f 1705/3/1666 1749/3/1666 1704/3/1666
f 1706/2/1667 1750/2/1667 1705/2/1667
f 1706/4/1668 1752/4/1668 1751/4/1668
f 1707/3/1669 1753/3/1669 1752/3/1669
f 1708/2/1670 1754/2/1670 1753/2/1670
f 1709/1/1671 1755/1/1671 1754/1/1671
f 1712/1/1672 1756/1/1672 1711/1/1672
f 1712/1/1673 1758/1/1673 1757/1/1673
f 1713/3/1674 1759/3/1674 1758/3/1674
f 1714/2/1675 1760/2/1675 1759/2/1675
f 1715/3/1676 1761/3/1676 1760/3/1676
f 1717/3/1677 1761/3/1677 1716/3/1677
f 1718/4/1678 1762/4/1678 1717/4/1678
f 1719/3/1679 1763/3/1679 1718/3/1679
f 1720/3/1680 1764/3/1680 1719/3/1680
f 1720/2/1681 1766/2/1681 1765/2/1681
f 1721/3/1682 1767/3/1682 1766/3/1682
f 1723/2/1683 1767/2/1683 1722/2/1683
f 1724/3/1684 1768/3/1684 1723/3/1684
f 1724/3/1685 1770/3/1685 1769/3/1685
f 1725/4/1686 1771/4/1686 1770/4/1686
f 1727/3/1687 1771/3/1687 1726/3/1687
f 1728/2/1688 1772/2/1688 1727/2/1688
f 1728/3/1689 1774/3/1689 1773/3/1689
f 1730/2/1690 1774/2/1690 1729/2/1690
f 1731/2/1691 1775/2/1691 1730/2/1691
f 1732/4/1692 1776/4/1692 1731/4/1692
f 1733/4/1693 1777/4/1693 1732/4/1693
f 1733/4/1694 1779/4/1694 1778/4/1694
f 1734/4/1695 1780/4/1695 1779/4/1695
f 1735/3/1696 1781/3/1696 1780/3/1696
f 1737/4/1697 1781/4/1697 1736/4/1697
f 1738/2/1698 1782/2/1698 1737/2/1698
f 1739/4/1699 1783/4/1699 1738/4/1699
f 1739/4/1700 1785/4/1700 1784/4/1700
f 1741/4/1701 1785/4/1701 1740/4/1701
f 1742/3/1702 1786/3/1702 1741/3/1702
f 1742/4/1703 1788/4/1703 1787/4/1703
f 1744/3/1704 1788/3/1704 1743/3/1704
f 1744/3/1705 1790/3/1705 1789/3/1705
f 1745/2/1706 1791/2/1706 1790/2/1706
f 1746/2/1707 1792/2/1707 1791/2/1707
f 1748/3/1708 1792/3/1708 1747/3/1708
f 1749/3/1709 1793/3/1709 1748/3/1709
f 1749/3/1710 1795/3/1710 1794/3/1710
f 1750/3/1711 1796/3/1711 1795/3/1711
f 1752/3/1712 1796/3/1712 1751/3/1712
f 1752/2/1713 1798/2/1713 1797/2/1713
f 1754/3/1714 1798/3/1714 1753/3/1714
f 1755/1/1715 1799/1/1715 1754/1/1715
f 1757/1/1716 1801/1/1716 1756/1/1716
f 1757/1/1717 1803/1/1717 1802/1/1717
f 1758/2/1718 1804/2/1718 1803/2/1718
f 1760/3/1719 1804/3/1719 1759/3/1719
f 1761/2/1720 1805/2/1720 1760/2/1720
f 1762/4/1721 1806/4/1721 1761/4/1721
f 1762/3/1722 1808/3/1722 1807/3/1722
f 1764/3/1723 1808/3/1723 1763/3/1723
f 1764/3/1724 1810/3/1724 1809/3/1724
f 1765/2/1725 1811/2/1725 1810/2/1725
f 1767/3/1726 1811/3/1726 1766/3/1726
f 1768/3/1727 1812/3/1727 1767/3/1727
f 1769/4/1728 1813/4/1728 1768/4/1728
f 1769/3/1729 1815/3/1729 1814/3/1729
f 1771/4/1730 1815/4/1730 1770/4/1730
f 1771/4/1731 1817/4/1731 1816/4/1731
f 1772/3/1732 1818/3/1732 1817/3/1732
f 1774/3/1733 1818/3/1733 1773/3/1733
f 1774/4/1734 1820/4/1734 1819/4/1734
f 1775/3/1735 1821/3/1735 1820/3/1735
f 1777/2/1736 1821/2/1736 1776/2/1736
f 1778/3/1737 1822/3/1737 1777/3/1737
f 1778/4/1738 1824/4/1738 1823/4/1738
f 1780/3/1739 1824/3/1739 1779/3/1739
f 1781/3/1740 1825/3/1740 1780/3/1740
f 1782/2/1741 1826/2/1741 1781/2/1741
f 1782/3/1742 1828/3/1742 1827/3/1742
f 1784/2/1743 1828/2/1743 1783/2/1743
f 1784/4/1744 1830/4/1744 1829/4/1744
f 1785/3/1745 1831/3/1745 1830/3/1745
f 1787/3/1746 1831/3/1746 1786/3/1746
f 1787/3/1747 1833/3/1747 1832/3/1747
f 1788/3/1748 1834/3/1748 1833/3/1748
f 1790/2/1749 1834/2/1749 1789/2/1749
f 1790/3/1750 1836/3/1750 1835/3/1750
f 1791/3/1751 1837/3/1751 1836/3/1751
f 1792/3/1752 1838/3/1752 1837/3/1752
f 1794/3/1753 1838/3/1753 1793/3/1753
f 1794/3/1754 1840/3/1754 1839/3/1754
f 1795/4/1755 1841/4/1755 1840/4/1755
f 1797/3/1756 1841/3/1756 1796/3/1756
f 1798/2/1757 1842/2/1757 1797/2/1757
f 1799/1/1758 1843/1/1758 1798/1/1758
f 1799/1/1759 1845/1/1759 1844/1/1759
f 1802/1/1760 1846/1/1760 1801/1/1760
f 1803/1/1761 1847/1/1761 1802/1/1761
f 1803/4/1762 1849/4/1762 1848/4/1762
f 1805/3/1763 1849/3/1763 1804/3/1763
f 1805/4/1764 1851/4/1764 1850/4/1764
f 1807/2/1765 1851/2/1765 1806/2/1765
f 1807/2/1766 1853/2/1766 1852/2/1766
f 1809/3/1767 1853/3/1767 1808/3/1767
f 1809/2/1768 1855/2/1768 1854/2/1768
f 1811/3/1769 1855/3/1769 1810/3/1769
f 1811/4/1770 1857/4/1770 1856/4/1770
f 1812/2/1771 1858/2/1771 1857/2/1771
f 1813/4/1772 1859/4/1772 1858/4/1772
f 1814/4/1773 1860/4/1773 1859/4/1773
f 1816/3/1774 1860/3/1774 1815/3/1774
f 1817/3/1775 1861/3/1775 1816/3/1775
f 1818/3/1776 1862/3/1776 1817/3/1776
f 1819/2/1777 1863/2/1777 1818/2/1777
f 1820/4/1778 1864/4/1778 1819/4/1778
f 1820/4/1779 1866/4/1779 1865/4/1779
f 1822/3/1780 1866/3/1780 1821/3/1780
f 1823/3/1781 1867/3/1781 1822/3/1781
f 1823/4/1782 1869/4/1782 1868/4/1782
f 1825/4/1783 1869/4/1783 1824/4/1783
f 1826/3/1784 1870/3/1784 1825/3/1784
f 1827/2/1785 1871/2/1785 1826/2/1785
f 1827/3/1786 1873/3/1786 1872/3/1786
f 1828/4/1787 1874/4/1787 1873/4/1787
f 1829/3/1788 1875/3/1788 1874/3/1788
f 1831/2/1789 1875/2/1789 1830/2/1789
f 1832/3/1790 1876/3/1790 1831/3/1790
f 1833/3/1791 1877/3/1791 1832/3/1791
f 1833/3/1792 1879/3/1792 1878/3/1792
f 1835/2/1793 1879/2/1793 1834/2/1793
f 1835/4/1794 1881/4/1794 1880/4/1794
f 1837/2/1795 1881/2/1795 1836/2/1795
f 1838/3/1796 1882/3/1796 1837/3/1796
f 1838/3/1797 1884/3/1797 1883/3/1797
f 1839/2/1798 1885/2/1798 1884/2/1798
f 1841/2/1799 1885/2/1799 1840/2/1799
f 1841/4/1800 1887/4/1800 1886/4/1800
f 1843/2/1801 1887/2/1801 1842/2/1801
f 1844/1/1802 1888/1/1802 1843/1/1802
f 1845/1/1803 1889/1/1803 1844/1/1803
f 1847/1/1804 1891/1/1804 1846/1/1804
f 1847/1/1805 1893/1/1805 1892/1/1805
f 1848/3/1806 1894/3/1806 1893/3/1806
f 1849/3/1807 1895/3/1807 1894/3/1807
f 1851/3/1808 1895/3/1808 1850/3/1808
f 1851/3/1809 1897/3/1809 1896/3/1809
f 1852/3/1810 1898/3/1810 1897/3/1810
f 1854/3/1811 1898/3/1811 1853/3/1811
f 1854/3/1812 1900/3/1812 1899/3/1812
f 1856/2/1813 1900/2/1813 1855/2/1813
f 1856/3/1814 1902/3/1814 1901/3/1814
f 1858/3/1815 1902/3/1815 1857/3/1815
f 1859/3/1816 1903/3/1816 1858/3/1816
f 1859/3/1817 1905/3/1817 1904/3/1817
f 1860/3/1818 1906/3/1818 1905/3/1818
f 1861/2/1819 1907/2/1819 1906/2/1819
f 1862/4/1820 1908/4/1820 1907/4/1820
f 1863/2/1821 1909/2/1821 1908/2/1821
f 1864/3/1822 1910/3/1822 1909/3/1822
f 1865/3/1823 1911/3/1823 1910/3/1823
f 1867/4/1824 1911/4/1824 1866/4/1824
f 1867/3/1825 1913/3/1825 1912/3/1825
f 1868/4/1826 1914/4/1826 1913/4/1826
f 1869/4/1827 1915/4/1827 1914/4/1827
f 1871/4/1828 1915/4/1828 1870/4/1828
f 1872/4/1829 1916/4/1829 1871/4/1829
f 1873/4/1830 1917/4/1830 1872/4/1830
f 1874/4/1831 1918/4/1831 1873/4/1831
f 1875/3/1832 1919/3/1832 1874/3/1832
f 1875/3/1833 1921/3/1833 1920/3/1833
f 1876/2/1834 1922/2/1834 1921/2/1834
f 1878/3/1835 1922/3/1835 1877/3/1835
f 1878/3/1836 1924/3/1836 1923/3/1836
f 1880/2/1837 1924/2/1837 1879/2/1837
f 1880/2/1838 1926/2/1838 1925/2/1838
f 1882/3/1839 1926/3/1839 1881/3/1839
f 1883/4/1840 1927/4/1840 1882/4/1840
f 1883/3/1841 1929/3/1841 1928/3/1841
f 1884/3/1842 1930/3/1842 1929/3/1842
f 1886/3/1843 1930/3/1843 1885/3/1843
f 1887/3/1844 1931/3/1844 1886/3/1844
f 1888/2/1845 1932/2/1845 1887/2/1845
f 1888/1/1846 1934/1/1846 1933/1/1846
f 1889/1/1847 1935/1/1847 1934/1/1847
f 1892/1/1848 1936/1/1848 1891/1/1848
f 1893/1/1849 1937/1/1849 1892/1/1849
f 1893/1/1850 1939/1/1850 1938/1/1850
f 1894/1/1851 1940/1/1851 1939/1/1851
f 1896/2/1852 1940/2/1852 1895/2/1852
f 1897/3/1853 1941/3/1853 1896/3/1853
f 1897/1/1854 1943/1/1854 1942/1/1854
f 1898/1/1855 1944/1/1855 1943/1/1855
f 1900/2/1856 1944/2/1856 1899/2/1856
f 1901/1/1857 1945/1/1857 1900/1/1857
f 1901/1/1858 1947/1/1858 1946/1/1858
f 1902/1/1859 1948/1/1859 1947/1/1859
f 1904/1/1860 1948/1/1860 1903/1/1860
f 1905/1/1861 1949/1/1861 1904/1/1861
f 1905/1/1862 1951/1/1862 1950/1/1862
f 1907/1/1863 1951/1/1863 1906/1/1863
f 1907/1/1864 1953/1/1864 1952/1/1864
f 1909/1/1865 1953/1/1865 1908/1/1865
f 1910/1/1866 1954/1/1866 1909/1/1866
f 1910/1/1867 1956/1/1867 1955/1/1867
f 1912/2/1868 1956/2/1868 1911/2/1868
f 1912/1/1869 1958/1/1869 1957/1/1869
f 1913/1/1870 1959/1/1870 1958/1/1870
f 1915/3/1871 1959/3/1871 1914/3/1871
f 1916/4/1872 1960/4/1872 1915/4/1872
f 1916/1/1873 1962/1/1873 1961/1/1873
f 1918/1/1874 1962/1/1874 1917/1/1874
f 1919/1/1875 1963/1/1875 1918/1/1875
f 1919/1/1876 1965/1/1876 1964/1/1876
f 1920/1/1877 1966/1/1877 1965/1/1877
f 1922/1/1878 1966/1/1878 1921/1/1878
f 1923/1/1879 1967/1/1879 1922/1/1879
f 1924/2/1880 1968/2/1880 1923/2/1880
f 1925/1/1881 1969/1/1881 1924/1/1881
f 1925/1/1882 1971/1/1882 1970/1/1882
f 1927/1/1883 1971/1/1883 1926/1/1883
f 1928/1/1884 1972/1/1884 1927/1/1884
f 1928/1/1885 1974/1/1885 1973/1/1885
f 1930/1/1886 1974/1/1886 1929/1/1886
f 1930/1/1887 1976/1/1887 1975/1/1887
f 1932/1/1888 1976/1/1888 1931/1/1888
f 1933/1/1889 1977/1/1889 1932/1/1889
f 1934/1/1890 1978/1/1890 1933/1/1890
f 1935/1/1891 1979/1/1891 1934/1/1891
f 1936/1/1892 1982/1/1892 1981/1/1892
f 1937/1/1893 1983/1/1893 1982/1/1893
f 1938/1/1894 1984/1/1894 1983/1/1894
f 1940/1/1895 1984/1/1895 1939/1/1895
f 1940/1/1896 1986/1/1896 1985/1/1896
f 1941/1/1897 1987/1/1897 1986/1/1897
f 1943/1/1898 1987/1/1898 1942/1/1898
f 1943/1/1899 1989/1/1899 1988/1/1899
f 1945/1/1900 1989/1/1900 1944/1/1900
f 1946/1/1901 1990/1/1901 1945/1/1901
f 1947/1/1902 1991/1/1902 1946/1/1902
f 1948/1/1903 1992/1/1903 1947/1/1903
f 1948/1/1904 1994/1/1904 1993/1/1904
f 1949/1/1905 1995/1/1905 1994/1/1905
f 1950/1/1906 1996/1/1906 1995/1/1906
f 1952/1/1907 1996/1/1907 1951/1/1907
f 1953/1/1908 1997/1/1908 1952/1/1908
f 1953/1/1909 1999/1/1909 1998/1/1909
f 1955/1/1910 1999/1/1910 1954/1/1910
f 1955/1/1911 2001/1/1911 2000/1/1911
f 1957/1/1912 2001/1/1912 1956/1/1912
f 1957/1/1913 2003/1/1913 2002/1/1913
f 1958/1/1914 2004/1/1914 2003/1/1914
f 1959/1/1915 2005/1/1915 2004/1/1915
f 1961/1/1916 2005/1/1916 1960/1/1916
f 1962/1/1917 2006/1/1917 1961/1/1917
f 1963/1/1918 2007/1/1918 1962/1/1918
f 1964/1/1919 2008/1/1919 1963/1/1919
f 1964/1/1920 2010/1/1920 2009/1/1920
f 1966/1/1921 2010/1/1921 1965/1/1921
f 1966/1/1922 2012/1/1922 2011/1/1922
f 1967/1/1923 2013/1/1923 2012/1/1923
f 1969/1/1924 2013/1/1924 1968/1/1924
f 1969/1/1925 2015/1/1925 2014/1/1925
f 1970/1/1926 2016/1/1926 2015/1/1926
f 1972/1/1927 2016/1/1927 1971/1/1927
f 1973/1/1928 2017/1/1928 1972/1/1928
f 1973/1/1929 2019/1/1929 2018/1/1929
f 1975/1/1930 2019/1/1930 1974/1/1930
f 1975/1/1931 2021/1/1931 2020/1/1931
f 1976/1/1932 2022/1/1932 2021/1/1932
f 1977/1/1933 2023/1/1933 2022/1/1933
f 1979/1/1934 2023/1/1934 1978/1/1934
f 1980/1/1935 2024/1/1935 1979/1/1935
f 2/1/1936 47/1/1936 46/1/1936
f 3/1/1937 48/1/1937 47/1/1937
f 4/1/1938 49/1/1938 48/1/1938
f 4/1/1939 5/1/1939 50/1/1939
f 6/1/1940 51/1/1940 50/1/1940
f 6/1/1941 7/1/1941 52/1/1941
f 8/1/1942 53/1/1942 52/1/1942
f 8/1/1943 9/1/1943 54/1/1943
f 9/1/1944 10/1/1944 55/1/1944
f 11/1/1945 56/1/1945 55/1/1945
f 11/1/1946 12/1/1946 57/1/1946
f 12/1/1947 13/1/1947 58/1/1947
f 14/1/1948 59/1/1948 58/1/1948
f 14/1/1949 15/1/1949 60/1/1949
f 15/1/1950 16/1/1950 61/1/1950
f 17/1/1951 62/1/1951 61/1/1951
f 18/1/1952 63/1/1952 62/1/1952
f 19/1/1953 64/1/1953 63/1/1953
f 19/1/1954 20/1/1954 65/1/1954
f 20/1/1955 21/1/1955 66/1/1955
f 21/1/1956 22/1/1956 67/1/1956
f 23/1/1957 68/1/1957 67/1/1957
f 23/1/1958 24/1/1958 69/1/1958
f 25/1/1959 70/1/1959 69/1/1959
f 25/1/1960 26/1/1960 71/1/1960
f 27/1/1961 72/1/1961 71/1/1961
f 27/1/1962 28/1/1962 73/1/1962
f 29/1/1963 74/1/1963 73/1/1963
f 30/1/1964 75/1/1964 74/1/1964
f 30/1/1965 31/1/1965 76/1/1965
f 31/1/1966 32/1/1966 77/1/1966
f 33/1/1967 78/1/1967 77/1/1967
f 34/1/1968 79/1/1968 78/1/1968
f 34/1/1969 35/1/1969 80/1/1969
f 35/1/1970 36/1/1970 81/1/1970
f 37/1/1971 82/1/1971 81/1/1971
f 37/1/1972 38/1/1972 83/1/1972
f 39/1/1973 84/1/1973 83/1/1973
f 39/1/1974 40/1/1974 85/1/1974
f 40/1/1975 41/1/1975 86/1/1975
f 42/1/1976 87/1/1976 86/1/1976
f 43/1/1977 88/1/1977 87/1/1977
f 43/1/1978 44/1/1978 89/1/1978
f 45/1/1979 90/1/1979 89/1/1979
f 47/1/1980 92/1/1980 91/1/1980
f 47/1/1981 48/1/1981 93/1/1981
f 49/2/1982 94/2/1982 93/2/1982
f 49/1/1983 50/1/1983 95/1/1983
f 50/1/1984 51/1/1984 96/1/1984
f 51/1/1985 52/1/1985 97/1/1985
f 53/1/1986 98/1/1986 97/1/1986
f 54/1/1987 99/1/1987 98/1/1987
f 54/1/1988 55/1/1988 100/1/1988
f 56/2/1989 101/2/1989 100/2/1989
f 56/1/1990 57/1/1990 102/1/1990
f 57/1/1991 58/1/1991 103/1/1991
f 58/1/1992 59/1/1992 104/1/1992
f 59/1/1993 60/1/1993 105/1/1993
f 61/1/1994 106/1/1994 105/1/1994
f 62/1/1995 107/1/1995 106/1/1995
f 62/1/1996 63/1/1996 108/1/1996
f 64/3/1997 109/3/1997 108/3/1997
f 65/3/1998 110/3/1998 109/3/1998
f 65/1/1999 66/1/1999 111/1/1999
f 67/1/2000 112/1/2000 111/1/2000
f 67/1/2001 68/1/2001 113/1/2001
f 68/1/2002 69/1/2002 114/1/2002
f 69/1/2003 70/1/2003 115/1/2003
f 70/1/2004 71/1/2004 116/1/2004
f 72/1/2005 117/1/2005 116/1/2005
f 72/1/2006 73/1/2006 118/1/2006
f 74/1/2007 119/1/2007 118/1/2007
f 74/1/2008 75/1/2008 120/1/2008
f 76/1/2009 121/1/2009 120/1/2009
f 76/1/2010 77/1/2010 122/1/2010
f 77/1/2011 78/1/2011 123/1/2011
f 78/1/2012 79/1/2012 124/1/2012
f 79/1/2013 80/1/2013 125/1/2013
f 80/1/2014 81/1/2014 126/1/2014
f 82/2/2015 127/2/2015 126/2/2015
f 82/1/2016 83/1/2016 128/1/2016
f 83/1/2017 84/1/2017 129/1/2017
f 84/1/2018 85/1/2018 130/1/2018
f 85/1/2019 86/1/2019 131/1/2019
f 86/1/2020 87/1/2020 132/1/2020
f 88/1/2021 133/1/2021 132/1/2021
f 88/1/2022 89/1/2022 134/1/2022
f 90/1/2023 135/1/2023 134/1/2023
f 91/1/2024 92/1/2024 137/1/2024
f 93/1/2025 138/1/2025 137/1/2025
f 94/3/2026 139/3/2026 138/3/2026
f 94/2/2027 95/2/2027 140/2/2027
f 95/4/2028 96/4/2028 141/4/2028
f 97/2/2029 142/2/2029 141/2/2029
f 97/2/2030 98/2/2030 143/2/2030
f 99/3/2031 144/3/2031 143/3/2031
f 99/4/2032 100/4/2032 145/4/2032
f 100/2/2033 101/2/2033 146/2/2033
f 101/3/2034 102/3/2034 147/3/2034
f 103/3/2035 148/3/2035 147/3/2035
f 104/3/2036 149/3/2036 148/3/2036
f 104/4/2037 105/4/2037 150/4/2037
f 105/2/2038 106/2/2038 151/2/2038
f 107/2/2039 152/2/2039 151/2/2039
f 108/4/2040 153/4/2040 152/4/2040
f 108/4/2041 109/4/2041 154/4/2041
f 109/3/2042 110/3/2042 155/3/2042
f 110/2/2043 111/2/2043 156/2/2043
f 112/2/2044 157/2/2044 156/2/2044
f 112/3/2045 113/3/2045 158/3/2045
f 113/2/2046 114/2/2046 159/2/2046
f 114/3/2047 115/3/2047 160/3/2047
f 115/3/2048 116/3/2048 161/3/2048
f 116/2/2049 117/2/2049 162/2/2049
f 117/3/2050 118/3/2050 163/3/2050
f 119/2/2051 164/2/2051 163/2/2051
f 119/4/2052 120/4/2052 165/4/2052
f 121/4/2053 166/4/2053 165/4/2053
f 121/3/2054 122/3/2054 167/3/2054
f 123/3/2055 168/3/2055 167/3/2055
f 124/3/2056 169/3/2056 168/3/2056
f 125/3/2057 170/3/2057 169/3/2057
f 126/3/2058 171/3/2058 170/3/2058
f 127/3/2059 172/3/2059 171/3/2059
f 127/2/2060 128/2/2060 173/2/2060
f 129/2/2061 174/2/2061 173/2/2061
f 130/4/2062 175/4/2062 174/4/2062
f 131/3/2063 176/3/2063 175/3/2063
f 131/3/2064 132/3/2064 177/3/2064
f 132/3/2065 133/3/2065 178/3/2065
f 133/1/2066 134/1/2066 179/1/2066
f 134/1/2067 135/1/2067 180/1/2067
f 137/1/2068 182/1/2068 181/1/2068
f 138/3/2069 183/3/2069 182/3/2069
f 138/3/2070 139/3/2070 184/3/2070
f 139/2/2071 140/2/2071 185/2/2071
f 141/3/2072 186/3/2072 185/3/2072
f 141/2/2073 142/2/2073 187/2/2073
f 142/3/2074 143/3/2074 188/3/2074
f 144/2/2075 189/2/2075 188/2/2075
f 145/4/2076 190/4/2076 189/4/2076
f 146/3/2077 191/3/2077 190/3/2077
f 147/3/2078 192/3/2078 191/3/2078
f 147/4/2079 148/4/2079 193/4/2079
f 149/3/2080 194/3/2080 193/3/2080
f 150/4/2081 195/4/2081 194/4/2081
f 150/3/2082 151/3/2082 196/3/2082
f 152/3/2083 197/3/2083 196/3/2083
f 153/2/2084 198/2/2084 197/2/2084
f 153/2/2085 154/2/2085 199/2/2085
f 154/3/2086 155/3/2086 200/3/2086
f 156/2/2087 201/2/2087 200/2/2087
f 156/3/2088 157/3/2088 202/3/2088
f 157/3/2089 158/3/2089 203/3/2089
f 158/3/2090 159/3/2090 204/3/2090
f 160/3/2091 205/3/2091 204/3/2091
f 161/3/2092 206/3/2092 205/3/2092
f 162/2/2093 207/2/2093 206/2/2093
f 163/3/2094 208/3/2094 207/3/2094
f 164/3/2095 209/3/2095 208/3/2095
f 165/2/2096 210/2/2096 209/2/2096
f 166/4/2097 211/4/2097 210/4/2097
f 166/3/2098 167/3/2098 212/3/2098
f 167/2/2099 168/2/2099 213/2/2099
f 168/4/2100 169/4/2100 214/4/2100
f 169/2/2101 170/2/2101 215/2/2101
f 171/3/2102 216/3/2102 215/3/2102
f 171/4/2103 172/4/2103 217/4/2103
f 172/4/2104 173/4/2104 218/4/2104
f 173/4/2105 174/4/2105 219/4/2105
f 175/3/2106 220/3/2106 219/3/2106
f 176/2/2107 221/2/2107 220/2/2107
f 176/3/2108 177/3/2108 222/3/2108
f 177/2/2109 178/2/2109 223/2/2109
f 178/1/2110 179/1/2110 224/1/2110
f 179/1/2111 180/1/2111 225/1/2111
f 181/1/2112 182/1/2112 227/1/2112
f 182/1/2113 183/1/2113 228/1/2113
f 183/4/2114 184/4/2114 229/4/2114
f 184/2/2115 185/2/2115 230/2/2115
f 186/3/2116 231/3/2116 230/3/2116
f 187/3/2117 232/3/2117 231/3/2117
f 187/3/2118 188/3/2118 233/3/2118
f 188/2/2119 189/2/2119 234/2/2119
f 190/3/2120 235/3/2120 234/3/2120
f 191/4/2121 236/4/2121 235/4/2121
f 191/3/2122 192/3/2122 237/3/2122
f 192/3/2123 193/3/2123 238/3/2123
f 193/2/2124 194/2/2124 239/2/2124
f 195/3/2125 240/3/2125 239/3/2125
f 196/3/2126 241/3/2126 240/3/2126
f 196/2/2127 197/2/2127 242/2/2127
f 197/3/2128 198/3/2128 243/3/2128
f 198/2/2129 199/2/2129 244/2/2129
f 199/4/2130 200/4/2130 245/4/2130
f 201/4/2131 246/4/2131 245/4/2131
f 202/2/2132 247/2/2132 246/2/2132
f 202/3/2133 203/3/2133 248/3/2133
f 203/3/2134 204/3/2134 249/3/2134
f 204/3/2135 205/3/2135 250/3/2135
f 205/4/2136 206/4/2136 251/4/2136
f 207/3/2137 252/3/2137 251/3/2137
f 208/4/2138 253/4/2138 252/4/2138
f 208/3/2139 209/3/2139 254/3/2139
f 209/3/2140 210/3/2140 255/3/2140
f 210/3/2141 211/3/2141 256/3/2141
f 211/3/2142 212/3/2142 257/3/2142
f 212/2/2143 213/2/2143 258/2/2143
f 213/3/2144 214/3/2144 259/3/2144
f 214/2/2145 215/2/2145 260/2/2145
f 216/4/2146 261/4/2146 260/4/2146
f 216/3/2147 217/3/2147 262/3/2147
f 218/3/2148 263/3/2148 262/3/2148
f 219/3/2149 264/3/2149 263/3/2149
f 220/3/2150 265/3/2150 264/3/2150
f 220/3/2151 221/3/2151 266/3/2151
f 221/4/2152 222/4/2152 267/4/2152
f 222/3/2153 223/3/2153 268/3/2153
f 224/1/2154 269/1/2154 268/1/2154
f 225/1/2155 270/1/2155 269/1/2155
f 226/1/2156 227/1/2156 272/1/2156
f 228/1/2157 273/1/2157 272/1/2157
f 228/2/2158 229/2/2158 274/2/2158
f 229/4/2159 230/4/2159 275/4/2159
f 230/3/2160 231/3/2160 276/3/2160
f 232/2/2161 277/2/2161 276/2/2161
f 233/3/2162 278/3/2162 277/3/2162
f 234/2/2163 279/2/2163 278/2/2163
f 235/3/2164 280/3/2164 279/3/2164
f 236/3/2165 281/3/2165 280/3/2165
f 236/4/2166 237/4/2166 282/4/2166
f 237/3/2167 238/3/2167 283/3/2167
f 238/3/2168 239/3/2168 284/3/2168
f 239/3/2169 240/3/2169 285/3/2169
f 241/2/2170 286/2/2170 285/2/2170
f 241/3/2171 242/3/2171 287/3/2171
f 242/4/2172 243/4/2172 288/4/2172
f 244/3/2173 289/3/2173 288/3/2173
f 245/2/2174 290/2/2174 289/2/2174
f 246/3/2175 291/3/2175 290/3/2175
f 247/2/2176 292/2/2176 291/2/2176
f 247/3/2177 248/3/2177 293/3/2177
f 249/3/2178 294/3/2178 293/3/2178
f 249/3/2179 250/3/2179 295/3/2179
f 251/3/2180 296/3/2180 295/3/2180
f 251/2/2181 252/2/2181 297/2/2181
f 253/4/2182 298/4/2182 297/4/2182
f 254/2/2183 299/2/2183 298/2/2183
f 254/4/2184 255/4/2184 300/4/2184
f 256/4/2185 301/4/2185 300/4/2185
f 257/4/2186 302/4/2186 301/4/2186
f 258/2/2187 303/2/2187 302/2/2187
f 258/3/2188 259/3/2188 304/3/2188
f 259/3/2189 260/3/2189 305/3/2189
f 261/4/2190 306/4/2190 305/4/2190
f 262/3/2191 307/3/2191 306/3/2191
f 263/3/2192 308/3/2192 307/3/2192
f 263/4/2193 264/4/2193 309/4/2193
f 264/3/2194 265/3/2194 310/3/2194
f 265/4/2195 266/4/2195 311/4/2195
f 266/4/2196 267/4/2196 312/4/2196
f 268/2/2197 313/2/2197 312/2/2197
f 269/1/2198 314/1/2198 313/1/2198
f 269/1/2199 270/1/2199 315/1/2199
f 271/1/2200 272/1/2200 317/1/2200
f 273/1/2201 318/1/2201 317/1/2201
f 273/3/2202 274/3/2202 319/3/2202
f 274/4/2203 275/4/2203 320/4/2203
f 275/4/2204 276/4/2204 321/4/2204
f 277/3/2205 322/3/2205 321/3/2205
f 277/4/2206 278/4/2206 323/4/2206
f 278/2/2207 279/2/2207 324/2/2207
f 279/2/2208 280/2/2208 325/2/2208
f 281/3/2209 326/3/2209 325/3/2209
f 282/4/2210 327/4/2210 326/4/2210
f 282/3/2211 283/3/2211 328/3/2211
f 284/4/2212 329/4/2212 328/4/2212
f 284/4/2213 285/4/2213 330/4/2213
f 286/2/2214 331/2/2214 330/2/2214
f 286/4/2215 287/4/2215 332/4/2215
f 288/3/2216 333/3/2216 332/3/2216
f 288/4/2217 289/4/2217 334/4/2217
f 289/3/2218 290/3/2218 335/3/2218
f 291/3/2219 336/3/2219 335/3/2219
f 291/4/2220 292/4/2220 337/4/2220
f 292/3/2221 293/3/2221 338/3/2221
f 294/3/2222 339/3/2222 338/3/2222
f 295/4/2223 340/4/2223 339/4/2223
f 295/2/2224 296/2/2224 341/2/2224
f 296/3/2225 297/3/2225 342/3/2225
f 298/2/2226 343/2/2226 342/2/2226
f 298/4/2227 299/4/2227 344/4/2227
f 299/3/2228 300/3/2228 345/3/2228
f 300/3/2229 301/3/2229 346/3/2229
f 301/3/2230 302/3/2230 347/3/2230
f 302/4/2231 303/4/2231 348/4/2231
f 303/3/2232 304/3/2232 349/3/2232
f 305/4/2233 350/4/2233 349/4/2233
f 305/4/2234 306/4/2234 351/4/2234
f 307/4/2235 352/4/2235 351/4/2235
f 307/3/2236 308/3/2236 353/3/2236
f 309/3/2237 354/3/2237 353/3/2237
f 310/3/2238 355/3/2238 354/3/2238
f 311/3/2239 356/3/2239 355/3/2239
f 312/4/2240 357/4/2240 356/4/2240
f 312/4/2241 313/4/2241 358/4/2241
f 313/1/2242 314/1/2242 359/1/2242
f 314/1/2243 315/1/2243 360/1/2243
f 316/1/2244 317/1/2244 362/1/2244
f 317/1/2245 318/1/2245 363/1/2245
f 318/3/2246 319/3/2246 364/3/2246
f 320/3/2247 365/3/2247 364/3/2247
f 321/4/2248 366/4/2248 365/4/2248
f 322/3/2249 367/3/2249 366/3/2249
f 322/3/2250 323/3/2250 368/3/2250
f 324/2/2251 369/2/2251 368/2/2251
f 325/4/2252 370/4/2252 369/4/2252
f 325/4/2253 326/4/2253 371/4/2253
f 327/4/2254 372/4/2254 371/4/2254
f 327/3/2255 328/3/2255 373/3/2255
f 329/3/2256 374/3/2256 373/3/2256
f 330/4/2257 375/4/2257 374/4/2257
f 331/4/2258 376/4/2258 375/4/2258
f 331/4/2259 332/4/2259 377/4/2259
f 332/3/2260 333/3/2260 378/3/2260
f 333/3/2261 334/3/2261 379/3/2261
f 334/2/2262 335/2/2262 380/2/2262
f 335/2/2263 336/2/2263 381/2/2263
f 337/3/2264 382/3/2264 381/3/2264
f 337/2/2265 338/2/2265 383/2/2265
f 339/4/2266 384/4/2266 383/4/2266
f 340/3/2267 385/3/2267 384/3/2267
f 341/4/2268 386/4/2268 385/4/2268
f 342/2/2269 387/2/2269 386/2/2269
f 342/4/2270 343/4/2270 388/4/2270
f 344/3/2271 389/3/2271 388/3/2271
f 345/2/2272 390/2/2272 389/2/2272
f 346/2/2273 391/2/2273 390/2/2273
f 347/2/2274 392/2/2274 391/2/2274
f 348/2/2275 393/2/2275 392/2/2275
f 349/3/2276 394/3/2276 393/3/2276
f 350/4/2277 395/4/2277 394/4/2277
f 350/3/2278 351/3/2278 396/3/2278
f 352/2/2279 397/2/2279 396/2/2279
f 353/4/2280 398/4/2280 397/4/2280
f 354/3/2281 399/3/2281 398/3/2281
f 354/4/2282 355/4/2282 400/4/2282
f 355/3/2283 356/3/2283 401/3/2283
f 357/3/2284 402/3/2284 401/3/2284
f 358/2/2285 403/2/2285 402/2/2285
f 359/1/2286 404/1/2286 403/1/2286
f 360/1/2287 405/1/2287 404/1/2287
f 362/1/2288 407/1/2288 406/1/2288
f 363/1/2289 408/1/2289 407/1/2289
f 364/2/2290 409/2/2290 408/2/2290
f 365/4/2291 410/4/2291 409/4/2291
f 366/3/2292 411/3/2292 410/3/2292
f 367/4/2293 412/4/2293 411/4/2293
f 368/3/2294 413/3/2294 412/3/2294
f 368/3/2295 369/3/2295 414/3/2295
f 369/4/2296 370/4/2296 415/4/2296
f 370/3/2297 371/3/2297 416/3/2297
f 371/2/2298 372/2/2298 417/2/2298
f 372/2/2299 373/2/2299 418/2/2299
f 374/3/2300 419/3/2300 418/3/2300
f 375/3/2301 420/3/2301 419/3/2301
f 375/3/2302 376/3/2302 421/3/2302
f 377/3/2303 422/3/2303 421/3/2303
f 377/3/2304 378/3/2304 423/3/2304
f 378/3/2305 379/3/2305 424/3/2305
f 380/3/2306 425/3/2306 424/3/2306
f 381/3/2307 426/3/2307 425/3/2307
f 382/3/2308 427/3/2308 426/3/2308
f 382/4/2309 383/4/2309 428/4/2309
f 383/4/2310 384/4/2310 429/4/2310
f 385/4/2311 430/4/2311 429/4/2311
f 385/3/2312 386/3/2312 431/3/2312
f 387/3/2313 432/3/2313 431/3/2313
f 388/2/2314 433/2/2314 432/2/2314
f 388/3/2315 389/3/2315 434/3/2315
f 389/3/2316 390/3/2316 435/3/2316
f 391/3/2317 436/3/2317 435/3/2317
f 391/2/2318 392/2/2318 437/2/2318
f 392/3/2319 393/3/2319 438/3/2319
f 394/3/2320 439/3/2320 438/3/2320
f 394/4/2321 395/4/2321 440/4/2321
f 396/2/2322 441/2/2322 440/2/2322
f 397/4/2323 442/4/2323 441/4/2323
f 398/4/2324 443/4/2324 442/4/2324
f 398/3/2325 399/3/2325 444/3/2325
f 399/3/2326 400/3/2326 445/3/2326
f 401/4/2327 446/4/2327 445/4/2327
f 401/3/2328 402/3/2328 447/3/2328
f 403/2/2329 448/2/2329 447/2/2329
f 404/1/2330 449/1/2330 448/1/2330
f 405/1/2331 450/1/2331 449/1/2331
f 407/1/2332 452/1/2332 451/1/2332
f 407/1/2333 408/1/2333 453/1/2333
f 408/2/2334 409/2/2334 454/2/2334
f 409/2/2335 410/2/2335 455/2/2335
f 411/2/2336 456/2/2336 455/2/2336
f 411/4/2337 412/4/2337 457/4/2337
f 412/3/2338 413/3/2338 458/3/2338
f 413/3/2339 414/3/2339 459/3/2339
f 415/4/2340 460/4/2340 459/4/2340
f 416/2/2341 461/2/2341 460/2/2341
f 417/4/2342 462/4/2342 461/4/2342
f 418/2/2343 463/2/2343 462/2/2343
f 418/2/2344 419/2/2344 464/2/2344
f 419/4/2345 420/4/2345 465/4/2345
f 420/3/2346 421/3/2346 466/3/2346
f 421/3/2347 422/3/2347 467/3/2347
f 422/3/2348 423/3/2348 468/3/2348
f 424/4/2349 469/4/2349 468/4/2349
f 425/4/2350 470/4/2350 469/4/2350
f 425/2/2351 426/2/2351 471/2/2351
f 427/3/2352 472/3/2352 471/3/2352
f 427/3/2353 428/3/2353 473/3/2353
f 429/3/2354 474/3/2354 473/3/2354
f 430/4/2355 475/4/2355 474/4/2355
f 431/2/2356 476/2/2356 475/2/2356
f 431/4/2357 432/4/2357 477/4/2357
f 433/3/2358 478/3/2358 477/3/2358
f 434/2/2359 479/2/2359 478/2/2359
f 434/4/2360 435/4/2360 480/4/2360
f 436/4/2361 481/4/2361 480/4/2361
f 437/4/2362 482/4/2362 481/4/2362
f 438/2/2363 483/2/2363 482/2/2363
f 439/2/2364 484/2/2364 483/2/2364
f 439/4/2365 440/4/2365 485/4/2365
f 440/3/2366 441/3/2366 486/3/2366
f 441/4/2367 442/4/2367 487/4/2367
f 442/3/2368 443/3/2368 488/3/2368
f 443/4/2369 444/4/2369 489/4/2369
f 444/4/2370 445/4/2370 490/4/2370
f 446/3/2371 491/3/2371 490/3/2371
f 447/3/2372 492/3/2372 491/3/2372
f 447/4/2373 448/4/2373 493/4/2373
f 448/1/2374 449/1/2374 494/1/2374
f 449/1/2375 450/1/2375 495/1/2375
f 452/1/2376 497/1/2376 496/1/2376
f 452/1/2377 453/1/2377 498/1/2377
f 454/3/2378 499/3/2378 498/3/2378
f 454/2/2379 455/2/2379 500/2/2379
f 456/2/2380 501/2/2380 500/2/2380
f 457/3/2381 502/3/2381 501/3/2381
f 458/3/2382 503/3/2382 502/3/2382
f 459/3/2383 504/3/2383 503/3/2383
f 460/3/2384 505/3/2384 504/3/2384
f 461/4/2385 506/4/2385 505/4/2385
f 462/4/2386 507/4/2386 506/4/2386
f 462/4/2387 463/4/2387 508/4/2387
f 464/2/2388 509/2/2388 508/2/2388
f 465/4/2389 510/4/2389 509/4/2389
f 465/3/2390 466/3/2390 511/3/2390
f 467/3/2391 512/3/2391 511/3/2391
f 468/3/2392 513/3/2392 512/3/2392
f 469/3/2393 514/3/2393 513/3/2393
f 470/2/2394 515/2/2394 514/2/2394
f 470/4/2395 471/4/2395 516/4/2395
f 471/3/2396 472/3/2396 517/3/2396
f 472/3/2397 473/3/2397 518/3/2397
f 473/4/2398 474/4/2398 519/4/2398
f 474/4/2399 475/4/2399 520/4/2399
f 476/2/2400 521/2/2400 520/2/2400
f 476/3/2401 477/3/2401 522/3/2401
f 477/2/2402 478/2/2402 523/2/2402
f 478/4/2403 479/4/2403 524/4/2403
f 479/3/2404 480/3/2404 525/3/2404
f 480/3/2405 481/3/2405 526/3/2405
f 482/3/2406 527/3/2406 526/3/2406
f 482/2/2407 483/2/2407 528/2/2407
f 483/3/2408 484/3/2408 529/3/2408
f 485/3/2409 530/3/2409 529/3/2409
f 485/3/2410 486/3/2410 531/3/2410
f 486/3/2411 487/3/2411 532/3/2411
f 488/2/2412 533/2/2412 532/2/2412
f 489/3/2413 534/3/2413 533/3/2413
f 489/2/2414 490/2/2414 535/2/2414
f 490/3/2415 491/3/2415 536/3/2415
f 491/3/2416 492/3/2416 537/3/2416
f 493/3/2417 538/3/2417 537/3/2417
f 493/1/2418 494/1/2418 539/1/2418
f 494/1/2419 495/1/2419 540/1/2419
f 497/1/2420 542/1/2420 541/1/2420
f 498/3/2421 543/3/2421 542/3/2421
f 499/3/2422 544/3/2422 543/3/2422
f 500/2/2423 545/2/2423 544/2/2423
f 500/3/2424 501/3/2424 546/3/2424
f 502/2/2425 547/2/2425 546/2/2425
f 503/4/2426 548/4/2426 547/4/2426
f 503/3/2427 504/3/2427 549/3/2427
f 504/2/2428 505/2/2428 550/2/2428
f 505/4/2429 506/4/2429 551/4/2429
f 506/3/2430 507/3/2430 552/3/2430
f 508/3/2431 553/3/2431 552/3/2431
f 508/4/2432 509/4/2432 554/4/2432
f 510/4/2433 555/4/2433 554/4/2433
f 510/4/2434 511/4/2434 556/4/2434
f 511/2/2435 512/2/2435 557/2/2435
f 512/3/2436 513/3/2436 558/3/2436
f 513/3/2437 514/3/2437 559/3/2437
f 514/4/2438 515/4/2438 560/4/2438
f 516/2/2439 561/2/2439 560/2/2439
f 516/2/2440 517/2/2440 562/2/2440
f 518/3/2441 563/3/2441 562/3/2441
f 518/3/2442 519/3/2442 564/3/2442
f 520/4/2443 565/4/2443 564/4/2443
f 521/2/2444 566/2/2444 565/2/2444
f 522/3/2445 567/3/2445 566/3/2445
f 522/3/2446 523/3/2446 568/3/2446
f 524/3/2447 569/3/2447 568/3/2447
f 524/4/2448 525/4/2448 570/4/2448
f 525/2/2449 526/2/2449 571/2/2449
f 526/2/2450 527/2/2450 572/2/2450
f 528/3/2451 573/3/2451 572/3/2451
f 529/2/2452 574/2/2452 573/2/2452
f 529/4/2453 530/4/2453 575/4/2453
f 531/3/2454 576/3/2454 575/3/2454
f 532/2/2455 577/2/2455 576/2/2455
f 532/4/2456 533/4/2456 578/4/2456
f 534/3/2457 579/3/2457 578/3/2457
f 535/4/2458 580/4/2458 579/4/2458
f 535/3/2459 536/3/2459 581/3/2459
f 537/3/2460 582/3/2460 581/3/2460
f 538/2/2461 583/2/2461 582/2/2461
f 539/1/2462 584/1/2462 583/1/2462
f 540/1/2463 585/1/2463 584/1/2463
f 541/1/2464 542/1/2464 587/1/2464
f 542/3/2465 543/3/2465 588/3/2465
f 543/3/2466 544/3/2466 589/3/2466
f 544/2/2467 545/2/2467 590/2/2467
f 545/4/2468 546/4/2468 591/4/2468
f 547/3/2469 592/3/2469 591/3/2469
f 547/3/2470 548/3/2470 593/3/2470
f 548/3/2471 549/3/2471 594/3/2471
f 550/3/2472 595/3/2472 594/3/2472
f 551/3/2473 596/3/2473 595/3/2473
f 551/4/2474 552/4/2474 597/4/2474
f 552/2/2475 553/2/2475 598/2/2475
f 553/3/2476 554/3/2476 599/3/2476
f 555/3/2477 600/3/2477 599/3/2477
f 555/4/2478 556/4/2478 601/4/2478
f 557/3/2479 602/3/2479 601/3/2479
f 557/2/2480 558/2/2480 603/2/2480
f 559/2/2481 604/2/2481 603/2/2481
f 559/2/2482 560/2/2482 605/2/2482
f 561/4/2483 606/4/2483 605/4/2483
f 561/4/2484 562/4/2484 607/4/2484
f 562/3/2485 563/3/2485 608/3/2485
f 563/4/2486 564/4/2486 609/4/2486
f 565/3/2487 610/3/2487 609/3/2487
f 565/4/2488 566/4/2488 611/4/2488
f 567/2/2489 612/2/2489 611/2/2489
f 568/3/2490 613/3/2490 612/3/2490
f 569/3/2491 614/3/2491 613/3/2491
f 570/4/2492 615/4/2492 614/4/2492
f 570/3/2493 571/3/2493 616/3/2493
f 571/4/2494 572/4/2494 617/4/2494
f 572/3/2495 573/3/2495 618/3/2495
f 574/3/2496 619/3/2496 618/3/2496
f 574/3/2497 575/3/2497 620/3/2497
f 575/4/2498 576/4/2498 621/4/2498
f 576/4/2499 577/4/2499 622/4/2499
f 577/3/2500 578/3/2500 623/3/2500
f 578/3/2501 579/3/2501 624/3/2501
f 579/4/2502 580/4/2502 625/4/2502
f 580/4/2503 581/4/2503 626/4/2503
f 582/2/2504 627/2/2504 626/2/2504
f 583/3/2505 628/3/2505 627/3/2505
f 584/1/2506 629/1/2506 628/1/2506
f 584/1/2507 585/1/2507 630/1/2507
f 586/1/2508 587/1/2508 632/1/2508
f 587/1/2509 588/1/2509 633/1/2509
f 589/3/2510 634/3/2510 633/3/2510
f 590/3/2511 635/3/2511 634/3/2511
f 590/4/2512 591/4/2512 636/4/2512
f 591/3/2513 592/3/2513 637/3/2513
f 593/4/2514 638/4/2514 637/4/2514
f 594/3/2515 639/3/2515 638/3/2515
f 594/2/2516 595/2/2516 640/2/2516
f 595/2/2517 596/2/2517 641/2/2517
f 597/3/2518 642/3/2518 641/3/2518
f 597/3/2519 598/3/2519 643/3/2519
f 598/3/2520 599/3/2520 644/3/2520
f 600/3/2521 645/3/2521 644/3/2521
f 601/3/2522 646/3/2522 645/3/2522
f 602/4/2523 647/4/2523 646/4/2523
f 603/4/2524 648/4/2524 647/4/2524
f 603/2/2525 604/2/2525 649/2/2525
f 605/4/2526 650/4/2526 649/4/2526
f 605/3/2527 606/3/2527 651/3/2527
f 606/3/2528 607/3/2528 652/3/2528
f 608/2/2529 653/2/2529 652/2/2529
f 609/4/2530 654/4/2530 653/4/2530
f 609/3/2531 610/3/2531 655/3/2531
f 610/3/2532 611/3/2532 656/3/2532
f 611/4/2533 612/4/2533 657/4/2533
f 613/3/2534 658/3/2534 657/3/2534
f 613/3/2535 614/3/2535 659/3/2535
f 615/3/2536 660/3/2536 659/3/2536
f 615/3/2537 616/3/2537 661/3/2537
f 617/3/2538 662/3/2538 661/3/2538
f 617/3/2539 618/3/2539 663/3/2539
f 619/3/2540 664/3/2540 663/3/2540
f 620/2/2541 665/2/2541 664/2/2541
f 621/3/2542 666/3/2542 665/3/2542
f 621/3/2543 622/3/2543 667/3/2543
f 623/4/2544 668/4/2544 667/4/2544
f 623/3/2545 624/3/2545 669/3/2545
f 624/2/2546 625/2/2546 670/2/2546
f 626/3/2547 671/3/2547 670/3/2547
f 627/3/2548 672/3/2548 671/3/2548
f 627/2/2549 628/2/2549 673/2/2549
f 629/1/2550 674/1/2550 673/1/2550
f 630/1/2551 675/1/2551 674/1/2551
f 631/1/2552 632/1/2552 677/1/2552
f 633/1/2553 678/1/2553 677/1/2553
f 634/4/2554 679/4/2554 678/4/2554
f 635/4/2555 680/4/2555 679/4/2555
f 636/4/2556 681/4/2556 680/4/2556
f 637/2/2557 682/2/2557 681/2/2557
f 637/3/2558 638/3/2558 683/3/2558
f 639/4/2559 684/4/2559 683/4/2559
f 640/3/2560 685/3/2560 684/3/2560
f 641/3/2561 686/3/2561 685/3/2561
f 641/2/2562 642/2/2562 687/2/2562
f 642/3/2563 643/3/2563 688/3/2563
f 644/4/2564 689/4/2564 688/4/2564
f 644/3/2565 645/3/2565 690/3/2565
f 645/2/2566 646/2/2566 691/2/2566
f 647/2/2567 692/2/2567 691/2/2567
f 648/3/2568 693/3/2568 692/3/2568
f 648/2/2569 649/2/2569 694/2/2569
f 649/3/2570 650/3/2570 695/3/2570
f 650/3/2571 651/3/2571 696/3/2571
f 651/3/2572 652/3/2572 697/3/2572
f 653/5/2573 698/5/2573 697/5/2573
f 653/5/2574 654/5/2574 699/5/2574
f 654/4/2575 655/4/2575 700/4/2575
f 656/5/2576 701/5/2576 700/5/2576
f 656/2/2577 657/2/2577 702/2/2577
f 658/2/2578 703/2/2578 702/2/2578
f 658/4/2579 659/4/2579 704/4/2579
f 659/4/2580 660/4/2580 705/4/2580
f 660/2/2581 661/2/2581 706/2/2581
f 661/3/2582 662/3/2582 707/3/2582
f 663/4/2583 708/4/2583 707/4/2583
f 664/3/2584 709/3/2584 708/3/2584
f 665/3/2585 710/3/2585 709/3/2585
f 666/2/2586 711/2/2586 710/2/2586
f 666/4/2587 667/4/2587 712/4/2587
f 667/2/2588 668/2/2588 713/2/2588
f 668/2/2589 669/2/2589 714/2/2589
f 670/2/2590 715/2/2590 714/2/2590
f 670/3/2591 671/3/2591 716/3/2591
f 672/2/2592 717/2/2592 716/2/2592
f 672/3/2593 673/3/2593 718/3/2593
f 673/1/2594 674/1/2594 719/1/2594
f 675/1/2595 720/1/2595 719/1/2595
f 676/1/2596 677/1/2596 722/1/2596
f 677/4/2597 678/4/2597 723/4/2597
f 678/3/2598 679/3/2598 724/3/2598
f 679/3/2599 680/3/2599 725/3/2599
f 680/3/2600 681/3/2600 726/3/2600
f 681/3/2601 682/3/2601 727/3/2601
f 682/3/2602 683/3/2602 728/3/2602
f 683/4/2603 684/4/2603 729/4/2603
f 684/3/2604 685/3/2604 730/3/2604
f 685/3/2605 686/3/2605 731/3/2605
f 687/3/2606 732/3/2606 731/3/2606
f 688/3/2607 733/3/2607 732/3/2607
f 689/2/2608 734/2/2608 733/2/2608
f 690/3/2609 735/3/2609 734/3/2609
f 691/3/2610 736/3/2610 735/3/2610
f 691/4/2611 692/4/2611 737/4/2611
f 692/3/2612 693/3/2612 738/3/2612
f 694/5/2613 739/5/2613 738/5/2613
f 694/5/2614 695/5/2614 740/5/2614
f 696/5/2615 741/5/2615 740/5/2615
f 697/6/2616 742/6/2616 741/6/2616
f 698/6/2617 743/6/2617 742/6/2617
f 698/5/2618 699/5/2618 744/5/2618
f 699/5/2619 700/5/2619 745/5/2619
f 701/5/2620 746/5/2620 745/5/2620
f 702/5/2621 747/5/2621 746/5/2621
f 703/2/2622 748/2/2622 747/2/2622
f 703/2/2623 704/2/2623 749/2/2623
f 704/3/2624 705/3/2624 750/3/2624
f 706/3/2625 751/3/2625 750/3/2625
f 707/3/2626 752/3/2626 751/3/2626
f 708/2/2627 753/2/2627 752/2/2627
f 708/3/2628 709/3/2628 754/3/2628
f 710/2/2629 755/2/2629 754/2/2629
f 711/2/2630 756/2/2630 755/2/2630
f 712/4/2631 757/4/2631 756/4/2631
f 713/3/2632 758/3/2632 757/3/2632
f 713/4/2633 714/4/2633 759/4/2633
f 714/2/2634 715/2/2634 760/2/2634
f 715/3/2635 716/3/2635 761/3/2635
f 717/3/2636 762/3/2636 761/3/2636
f 718/3/2637 763/3/2637 762/3/2637
f 718/1/2638 719/1/2638 764/1/2638
f 719/1/2639 720/1/2639 765/1/2639
f 722/1/2640 767/1/2640 766/1/2640
f 723/3/2641 768/3/2641 767/3/2641
f 724/3/2642 769/3/2642 768/3/2642
f 724/3/2643 725/3/2643 770/3/2643
f 725/3/2644 726/3/2644 771/3/2644
f 726/3/2645 727/3/2645 772/3/2645
f 728/3/2646 773/3/2646 772/3/2646
f 728/2/2647 729/2/2647 774/2/2647
f 729/3/2648 730/3/2648 775/3/2648
f 730/3/2649 731/3/2649 776/3/2649
f 732/4/2650 777/4/2650 776/4/2650
f 732/4/2651 733/4/2651 778/4/2651
f 733/2/2652 734/2/2652 779/2/2652
f 734/2/2653 735/2/2653 780/2/2653
f 735/2/2654 736/2/2654 781/2/2654
f 736/4/2655 737/4/2655 782/4/2655
f 737/3/2656 738/3/2656 783/3/2656
f 739/5/2657 784/5/2657 783/5/2657
f 740/6/2658 785/6/2658 784/6/2658
f 741/6/2659 786/6/2659 785/6/2659
f 742/6/2660 787/6/2660 786/6/2660
f 742/6/2661 743/6/2661 788/6/2661
f 744/6/2662 789/6/2662 788/6/2662
f 745/6/2663 790/6/2663 789/6/2663
f 746/6/2664 791/6/2664 790/6/2664
f 746/5/2665 747/5/2665 792/5/2665
f 747/5/2666 748/5/2666 793/5/2666
f 748/2/2667 749/2/2667 794/2/2667
f 750/3/2668 795/3/2668 794/3/2668
f 750/4/2669 751/4/2669 796/4/2669
f 751/4/2670 752/4/2670 797/4/2670
f 752/4/2671 753/4/2671 798/4/2671
f 753/2/2672 754/2/2672 799/2/2672
f 754/4/2673 755/4/2673 800/4/2673
f 755/3/2674 756/3/2674 801/3/2674
f 757/3/2675 802/3/2675 801/3/2675
f 757/3/2676 758/3/2676 803/3/2676
f 758/3/2677 759/3/2677 804/3/2677
f 760/4/2678 805/4/2678 804/4/2678
f 761/3/2679 806/3/2679 805/3/2679
f 761/3/2680 762/3/2680 807/3/2680
f 762/4/2681 763/4/2681 808/4/2681
f 764/1/2682 809/1/2682 808/1/2682
f 765/1/2683 810/1/2683 809/1/2683
f 766/1/2684 767/1/2684 812/1/2684
f 767/3/2685 768/3/2685 813/3/2685
f 769/3/2686 814/3/2686 813/3/2686
f 770/2/2687 815/2/2687 814/2/2687
f 771/3/2688 816/3/2688 815/3/2688
f 771/2/2689 772/2/2689 817/2/2689
f 773/4/2690 818/4/2690 817/4/2690
f 774/3/2691 819/3/2691 818/3/2691
f 775/3/2692 820/3/2692 819/3/2692
f 775/3/2693 776/3/2693 821/3/2693
f 777/3/2694 822/3/2694 821/3/2694
f 778/3/2695 823/3/2695 822/3/2695
f 779/3/2696 824/3/2696 823/3/2696
f 779/2/2697 780/2/2697 825/2/2697
f 781/3/2698 826/3/2698 825/3/2698
f 782/5/2699 827/5/2699 826/5/2699
f 783/5/2700 828/5/2700 827/5/2700
f 783/6/2701 784/6/2701 829/6/2701
f 784/6/2702 785/6/2702 830/6/2702
f 785/6/2703 786/6/2703 831/6/2703
f 786/6/2704 787/6/2704 832/6/2704
f 787/6/2705 788/6/2705 833/6/2705
f 788/6/2706 789/6/2706 834/6/2706
f 790/6/2707 835/6/2707 834/6/2707
f 791/6/2708 836/6/2708 835/6/2708
f 792/6/2709 837/6/2709 836/6/2709
f 792/5/2710 793/5/2710 838/5/2710
f 794/5/2711 839/5/2711 838/5/2711
f 795/2/2712 840/2/2712 839/2/2712
f 796/3/2713 841/3/2713 840/3/2713
f 797/2/2714 842/2/2714 841/2/2714
f 797/3/2715 798/3/2715 843/3/2715
f 799/3/2716 844/3/2716 843/3/2716
f 799/4/2717 800/4/2717 845/4/2717
f 801/3/2718 846/3/2718 845/3/2718
f 802/2/2719 847/2/2719 846/2/2719
f 802/3/2720 803/3/2720 848/3/2720
f 803/3/2721 804/3/2721 849/3/2721
f 805/4/2722 850/4/2722 849/4/2722
f 805/4/2723 806/4/2723 851/4/2723
f 806/3/2724 807/3/2724 852/3/2724
f 807/3/2725 808/3/2725 853/3/2725
f 809/1/2726 854/1/2726 853/1/2726
f 809/1/2727 810/1/2727 855/1/2727
f 811/1/2728 812/1/2728 857/1/2728
f 812/1/2729 813/1/2729 858/1/2729
f 814/3/2730 859/3/2730 858/3/2730
f 814/4/2731 815/4/2731 860/4/2731
f 816/4/2732 861/4/2732 860/4/2732
f 817/3/2733 862/3/2733 861/3/2733
f 817/2/2734 818/2/2734 863/2/2734
f 819/3/2735 864/3/2735 863/3/2735
f 819/2/2736 820/2/2736 865/2/2736
f 820/3/2737 821/3/2737 866/3/2737
f 821/3/2738 822/3/2738 867/3/2738
f 823/3/2739 868/3/2739 867/3/2739
f 823/4/2740 824/4/2740 869/4/2740
f 824/3/2741 825/3/2741 870/3/2741
f 826/3/2742 871/3/2742 870/3/2742
f 826/5/2743 827/5/2743 872/5/2743
f 828/6/2744 873/6/2744 872/6/2744
f 829/6/2745 874/6/2745 873/6/2745
f 830/6/2746 875/6/2746 874/6/2746
f 831/6/2747 876/6/2747 875/6/2747
f 832/6/2748 877/6/2748 876/6/2748
f 833/6/2749 878/6/2749 877/6/2749
f 834/6/2750 879/6/2750 878/6/2750
f 834/6/2751 835/6/2751 880/6/2751
f 835/6/2752 836/6/2752 881/6/2752
f 837/6/2753 882/6/2753 881/6/2753
f 837/6/2754 838/6/2754 883/6/2754
f 838/5/2755 839/5/2755 884/5/2755
f 839/5/2756 840/5/2756 885/5/2756
f 840/3/2757 841/3/2757 886/3/2757
f 842/4/2758 887/4/2758 886/4/2758
f 843/4/2759 888/4/2759 887/4/2759
f 843/2/2760 844/2/2760 889/2/2760
f 844/3/2761 845/3/2761 890/3/2761
f 845/4/2762 846/4/2762 891/4/2762
f 847/2/2763 892/2/2763 891/2/2763
f 847/3/2764 848/3/2764 893/3/2764
f 849/2/2765 894/2/2765 893/2/2765
f 850/4/2766 895/4/2766 894/4/2766
f 850/2/2767 851/2/2767 896/2/2767
f 851/4/2768 852/4/2768 897/4/2768
f 853/2/2769 898/2/2769 897/2/2769
f 853/1/2770 854/1/2770 899/1/2770
f 854/1/2771 855/1/2771 900/1/2771
f 856/1/2772 857/1/2772 902/1/2772
f 858/1/2773 903/1/2773 902/1/2773
f 859/3/2774 904/3/2774 903/3/2774
f 859/4/2775 860/4/2775 905/4/2775
f 861/3/2776 906/3/2776 905/3/2776
f 861/3/2777 862/3/2777 907/3/2777
f 862/2/2778 863/2/2778 908/2/2778
f 864/4/2779 909/4/2779 908/4/2779
f 865/3/2780 910/3/2780 909/3/2780
f 865/4/2781 866/4/2781 911/4/2781
f 866/3/2782 867/3/2782 912/3/2782
f 868/3/2783 913/3/2783 912/3/2783
f 868/4/2784 869/4/2784 914/4/2784
f 869/2/2785 870/2/2785 915/2/2785
f 870/4/2786 871/4/2786 916/4/2786
f 871/5/2787 872/5/2787 917/5/2787
f 872/6/2788 873/6/2788 918/6/2788
f 874/6/2789 919/6/2789 918/6/2789
f 875/6/2790 920/6/2790 919/6/2790
f 875/6/2791 876/6/2791 921/6/2791
f 876/6/2792 877/6/2792 922/6/2792
f 877/6/2793 878/6/2793 923/6/2793
f 879/5/2794 924/5/2794 923/5/2794
f 879/6/2795 880/6/2795 925/6/2795
f 881/6/2796 926/6/2796 925/6/2796
f 882/6/2797 927/6/2797 926/6/2797
f 882/6/2798 883/6/2798 928/6/2798
f 883/6/2799 884/6/2799 929/6/2799
f 884/5/2800 885/5/2800 930/5/2800
f 886/3/2801 931/3/2801 930/3/2801
f 887/3/2802 932/3/2802 931/3/2802
f 888/4/2803 933/4/2803 932/4/2803
f 889/2/2804 934/2/2804 933/2/2804
f 890/3/2805 935/3/2805 934/3/2805
f 891/4/2806 936/4/2806 935/4/2806
f 891/2/2807 892/2/2807 937/2/2807
f 892/2/2808 893/2/2808 938/2/2808
f 894/4/2809 939/4/2809 938/4/2809
f 894/3/2810 895/3/2810 940/3/2810
f 896/2/2811 941/2/2811 940/2/2811
f 896/4/2812 897/4/2812 942/4/2812
f 898/3/2813 943/3/2813 942/3/2813
f 899/1/2814 944/1/2814 943/1/2814
f 900/1/2815 945/1/2815 944/1/2815
f 902/1/2816 947/1/2816 946/1/2816
f 903/1/2817 948/1/2817 947/1/2817
f 903/4/2818 904/4/2818 949/4/2818
f 904/2/2819 905/2/2819 950/2/2819
f 906/4/2820 951/4/2820 950/4/2820
f 906/2/2821 907/2/2821 952/2/2821
f 907/3/2822 908/3/2822 953/3/2822
f 909/4/2823 954/4/2823 953/4/2823
f 910/2/2824 955/2/2824 954/2/2824
f 911/3/2825 956/3/2825 955/3/2825
f 912/2/2826 957/2/2826 956/2/2826
f 912/2/2827 913/2/2827 958/2/2827
f 914/4/2828 959/4/2828 958/4/2828
f 914/2/2829 915/2/2829 960/2/2829
f 915/5/2830 916/5/2830 961/5/2830
f 917/6/2831 962/6/2831 961/6/2831
f 917/6/2832 918/6/2832 963/6/2832
f 918/6/2833 919/6/2833 964/6/2833
f 920/6/2834 965/6/2834 964/6/2834
f 921/6/2835 966/6/2835 965/6/2835
f 921/5/2836 922/5/2836 967/5/2836
f 922/5/2837 923/5/2837 968/5/2837
f 924/5/2838 969/5/2838 968/5/2838
f 925/5/2839 970/5/2839 969/5/2839
f 925/6/2840 926/6/2840 971/6/2840
f 927/6/2841 972/6/2841 971/6/2841
f 928/6/2842 973/6/2842 972/6/2842
f 929/6/2843 974/6/2843 973/6/2843
f 929/5/2844 930/5/2844 975/5/2844
f 930/3/2845 931/3/2845 976/3/2845
f 932/2/2846 977/2/2846 976/2/2846
f 932/4/2847 933/4/2847 978/4/2847
f 933/2/2848 934/2/2848 979/2/2848
f 934/3/2849 935/3/2849 980/3/2849
f 935/3/2850 936/3/2850 981/3/2850
f 936/3/2851 937/3/2851 982/3/2851
f 938/2/2852 983/2/2852 982/2/2852
f 939/4/2853 984/4/2853 983/4/2853
f 939/4/2854 940/4/2854 985/4/2854
f 941/3/2855 986/3/2855 985/3/2855
f 941/3/2856 942/3/2856 987/3/2856
f 942/4/2857 943/4/2857 988/4/2857
f 944/1/2858 989/1/2858 988/1/2858
f 945/1/2859 990/1/2859 989/1/2859
f 946/1/2860 947/1/2860 992/1/2860
f 947/1/2861 948/1/2861 993/1/2861
f 949/2/2862 994/2/2862 993/2/2862
f 949/2/2863 950/2/2863 995/2/2863
f 950/2/2864 951/2/2864 996/2/2864
f 952/3/2865 997/3/2865 996/3/2865
f 953/2/2866 998/2/2866 997/2/2866
f 954/3/2867 999/3/2867 998/3/2867
f 954/4/2868 955/4/2868 1000/4/2868
f 956/4/2869 1001/4/2869 1000/4/2869
f 956/3/2870 957/3/2870 1002/3/2870
f 957/2/2871 958/2/2871 1003/2/2871
f 959/4/2872 1004/4/2872 1003/4/2872
f 960/3/2873 1005/3/2873 1004/3/2873
f 960/5/2874 961/5/2874 1006/5/2874
f 961/6/2875 962/6/2875 1007/6/2875
f 963/6/2876 1008/6/2876 1007/6/2876
f 964/6/2877 1009/6/2877 1008/6/2877
f 964/6/2878 965/6/2878 1010/6/2878
f 966/5/2879 1011/5/2879 1010/5/2879
f 967/5/2880 1012/5/2880 1011/5/2880
f 967/5/2881 968/5/2881 1013/5/2881
f 968/5/2882 969/5/2882 1014/5/2882
f 970/5/2883 1015/5/2883 1014/5/2883
f 970/6/2884 971/6/2884 1016/6/2884
f 972/6/2885 1017/6/2885 1016/6/2885
f 973/6/2886 1018/6/2886 1017/6/2886
f 973/6/2887 974/6/2887 1019/6/2887
f 974/5/2888 975/5/2888 1020/5/2888
f 975/5/2889 976/5/2889 1021/5/2889
f 977/4/2890 1022/4/2890 1021/4/2890
f 977/4/2891 978/4/2891 1023/4/2891
f 978/3/2892 979/3/2892 1024/3/2892
f 980/4/2893 1025/4/2893 1024/4/2893
f 981/3/2894 1026/3/2894 1025/3/2894
f 982/3/2895 1027/3/2895 1026/3/2895
f 982/2/2896 983/2/2896 1028/2/2896
f 984/4/2897 1029/4/2897 1028/4/2897
f 985/3/2898 1030/3/2898 1029/3/2898
f 986/4/2899 1031/4/2899 1030/4/2899
f 987/2/2900 1032/2/2900 1031/2/2900
f 987/2/2901 988/2/2901 1033/2/2901
f 989/1/2902 1034/1/2902 1033/1/2902
f 989/1/2903 990/1/2903 1035/1/2903
f 992/1/2904 1037/1/2904 1036/1/2904
f 993/1/2905 1038/1/2905 1037/1/2905
f 994/3/2906 1039/3/2906 1038/3/2906
f 995/2/2907 1040/2/2907 1039/2/2907
f 995/3/2908 996/3/2908 1041/3/2908
f 996/4/2909 997/4/2909 1042/4/2909
f 998/2/2910 1043/2/2910 1042/2/2910
f 999/4/2911 1044/4/2911 1043/4/2911
f 999/2/2912 1000/2/2912 1045/2/2912
f 1000/3/2913 1001/3/2913 1046/3/2913
f 1001/3/2914 1002/3/2914 1047/3/2914
f 1002/4/2915 1003/4/2915 1048/4/2915
f 1004/4/2916 1049/4/2916 1048/4/2916
f 1005/3/2917 1050/3/2917 1049/3/2917
f 1005/5/2918 1006/5/2918 1051/5/2918
f 1007/6/2919 1052/6/2919 1051/6/2919
f 1008/6/2920 1053/6/2920 1052/6/2920
f 1009/6/2921 1054/6/2921 1053/6/2921
f 1009/6/2922 1010/6/2922 1055/6/2922
f 1011/5/2923 1056/5/2923 1055/5/2923
f 1012/5/2924 1057/5/2924 1056/5/2924
f 1013/5/2925 1058/5/2925 1057/5/2925
f 1013/5/2926 1014/5/2926 1059/5/2926
f 1015/5/2927 1060/5/2927 1059/5/2927
f 1016/6/2928 1061/6/2928 1060/6/2928
f 1017/6/2929 1062/6/2929 1061/6/2929
f 1018/6/2930 1063/6/2930 1062/6/2930
f 1019/6/2931 1064/6/2931 1063/6/2931
f 1019/5/2932 1020/5/2932 1065/5/2932
f 1021/5/2933 1066/5/2933 1065/5/2933
f 1022/3/2934 1067/3/2934 1066/3/2934
f 1022/2/2935 1023/2/2935 1068/2/2935
f 1024/3/2936 1069/3/2936 1068/3/2936
f 1025/2/2937 1070/2/2937 1069/2/2937
f 1025/3/2938 1026/3/2938 1071/3/2938
f 1027/2/2939 1072/2/2939 1071/2/2939
f 1027/3/2940 1028/3/2940 1073/3/2940
f 1028/3/2941 1029/3/2941 1074/3/2941
f 1029/3/2942 1030/3/2942 1075/3/2942
f 1031/3/2943 1076/3/2943 1075/3/2943
f 1032/2/2944 1077/2/2944 1076/2/2944
f 1032/2/2945 1033/2/2945 1078/2/2945
f 1034/1/2946 1079/1/2946 1078/1/2946
f 1035/1/2947 1080/1/2947 1079/1/2947
f 1037/1/2948 1082/1/2948 1081/1/2948
f 1037/3/2949 1038/3/2949 1083/3/2949
f 1038/2/2950 1039/2/2950 1084/2/2950
f 1039/2/2951 1040/2/2951 1085/2/2951
f 1040/4/2952 1041/4/2952 1086/4/2952
f 1041/2/2953 1042/2/2953 1087/2/2953
f 1043/2/2954 1088/2/2954 1087/2/2954
f 1043/3/2955 1044/3/2955 1089/3/2955
f 1044/2/2956 1045/2/2956 1090/2/2956
f 1045/2/2957 1046/2/2957 1091/2/2957
f 1046/2/2958 1047/2/2958 1092/2/2958
f 1047/3/2959 1048/3/2959 1093/3/2959
f 1049/2/2960 1094/2/2960 1093/2/2960
f 1049/4/2961 1050/4/2961 1095/4/2961
f 1051/5/2962 1096/5/2962 1095/5/2962
f 1051/6/2963 1052/6/2963 1097/6/2963
f 1053/6/2964 1098/6/2964 1097/6/2964
f 1053/6/2965 1054/6/2965 1099/6/2965
f 1055/6/2966 1100/6/2966 1099/6/2966
f 1056/6/2967 1101/6/2967 1100/6/2967
f 1056/5/2968 1057/5/2968 1102/5/2968
f 1058/5/2969 1103/5/2969 1102/5/2969
f 1058/5/2970 1059/5/2970 1104/5/2970
f 1059/5/2971 1060/5/2971 1105/5/2971
f 1061/6/2972 1106/6/2972 1105/6/2972
f 1062/6/2973 1107/6/2973 1106/6/2973
f 1063/6/2974 1108/6/2974 1107/6/2974
f 1063/6/2975 1064/6/2975 1109/6/2975
f 1065/5/2976 1110/5/2976 1109/5/2976
f 1066/5/2977 1111/5/2977 1110/5/2977
f 1067/3/2978 1112/3/2978 1111/3/2978
f 1067/3/2979 1068/3/2979 1113/3/2979
f 1068/3/2980 1069/3/2980 1114/3/2980
f 1070/3/2981 1115/3/2981 1114/3/2981
f 1071/3/2982 1116/3/2982 1115/3/2982
f 1072/3/2983 1117/3/2983 1116/3/2983
f 1073/4/2984 1118/4/2984 1117/4/2984
f 1073/4/2985 1074/4/2985 1119/4/2985
f 1074/3/2986 1075/3/2986 1120/3/2986
f 1075/3/2987 1076/3/2987 1121/3/2987
f 1077/3/2988 1122/3/2988 1121/3/2988
f 1077/4/2989 1078/4/2989 1123/4/2989
f 1078/1/2990 1079/1/2990 1124/1/2990
f 1079/1/2991 1080/1/2991 1125/1/2991
f 1081/1/2992 1082/1/2992 1127/1/2992
f 1082/1/2993 1083/1/2993 1128/1/2993
f 1083/3/2994 1084/3/2994 1129/3/2994
f 1084/4/2995 1085/4/2995 1130/4/2995
f 1086/3/2996 1131/3/2996 1130/3/2996
f 1086/3/2997 1087/3/2997 1132/3/2997
f 1087/3/2998 1088/3/2998 1133/3/2998
f 1089/3/2999 1134/3/2999 1133/3/2999
f 1090/3/3000 1135/3/3000 1134/3/3000
f 1090/2/3001 1091/2/3001 1136/2/3001
f 1092/3/3002 1137/3/3002 1136/3/3002
f 1092/4/3003 1093/4/3003 1138/4/3003
f 1094/4/3004 1139/4/3004 1138/4/3004
f 1095/4/3005 1140/4/3005 1139/4/3005
f 1096/4/3006 1141/4/3006 1140/4/3006
f 1096/6/3007 1097/6/3007 1142/6/3007
f 1097/6/3008 1098/6/3008 1143/6/3008
f 1098/6/3009 1099/6/3009 1144/6/3009
f 1099/6/3010 1100/6/3010 1145/6/3010
f 1100/6/3011 1101/6/3011 1146/6/3011
f 1101/6/3012 1102/6/3012 1147/6/3012
f 1102/5/3013 1103/5/3013 1148/5/3013
f 1104/6/3014 1149/6/3014 1148/6/3014
f 1104/6/3015 1105/6/3015 1150/6/3015
f 1106/6/3016 1151/6/3016 1150/6/3016
f 1106/6/3017 1107/6/3017 1152/6/3017
f 1108/6/3018 1153/6/3018 1152/6/3018
f 1108/6/3019 1109/6/3019 1154/6/3019
f 1110/5/3020 1155/5/3020 1154/5/3020
f 1111/2/3021 1156/2/3021 1155/2/3021
f 1111/3/3022 1112/3/3022 1157/3/3022
f 1112/3/3023 1113/3/3023 1158/3/3023
f 1113/3/3024 1114/3/3024 1159/3/3024
f 1115/2/3025 1160/2/3025 1159/2/3025
f 1116/3/3026 1161/3/3026 1160/3/3026
f 1116/4/3027 1117/4/3027 1162/4/3027
f 1117/3/3028 1118/3/3028 1163/3/3028
f 1118/4/1050 1119/4/1050 1164/4/1050
f 1119/2/3029 1120/2/3029 1165/2/3029
f 1120/4/3030 1121/4/3030 1166/4/3030
f 1122/3/3031 1167/3/3031 1166/3/3031
f 1122/2/3032 1123/2/3032 1168/2/3032
f 1123/1/3033 1124/1/3033 1169/1/3033
f 1125/1/3034 1170/1/3034 1169/1/3034
f 1127/1/3035 1172/1/3035 1171/1/3035
f 1128/1/3036 1173/1/3036 1172/1/3036
f 1129/4/3037 1174/4/3037 1173/4/3037
f 1130/3/3038 1175/3/3038 1174/3/3038
f 1131/4/3039 1176/4/3039 1175/4/3039
f 1131/2/3040 1132/2/3040 1177/2/3040
f 1133/3/3041 1178/3/3041 1177/3/3041
f 1133/2/3042 1134/2/3042 1179/2/3042
f 1134/4/3043 1135/4/3043 1180/4/3043
f 1136/3/3044 1181/3/3044 1180/3/3044
f 1136/3/3045 1137/3/3045 1182/3/3045
f 1138/2/3046 1183/2/3046 1182/2/3046
f 1139/3/3047 1184/3/3047 1183/3/3047
f 1140/4/3048 1185/4/3048 1184/4/3048
f 1141/3/3049 1186/3/3049 1185/3/3049
f 1141/5/3050 1142/5/3050 1187/5/3050
f 1142/6/3051 1143/6/3051 1188/6/3051
f 1144/6/3052 1189/6/3052 1188/6/3052
f 1145/6/3053 1190/6/3053 1189/6/3053
f 1146/6/3054 1191/6/3054 1190/6/3054
f 1147/6/3055 1192/6/3055 1191/6/3055
f 1148/6/3056 1193/6/3056 1192/6/3056
f 1149/6/3057 1194/6/3057 1193/6/3057
f 1149/6/3058 1150/6/3058 1195/6/3058
f 1150/6/3059 1151/6/3059 1196/6/3059
f 1151/6/3060 1152/6/3060 1197/6/3060
f 1153/6/3061 1198/6/3061 1197/6/3061
f 1154/5/3062 1199/5/3062 1198/5/3062
f 1155/5/3063 1200/5/3063 1199/5/3063
f 1155/3/3064 1156/3/3064 1201/3/3064
f 1156/4/3065 1157/4/3065 1202/4/3065
f 1158/3/3066 1203/3/3066 1202/3/3066
f 1158/3/3067 1159/3/3067 1204/3/3067
f 1160/4/3068 1205/4/3068 1204/4/3068
f 1160/4/3069 1161/4/3069 1206/4/3069
f 1161/4/3070 1162/4/3070 1207/4/3070
f 1162/3/3071 1163/3/3071 1208/3/3071
f 1164/3/3072 1209/3/3072 1208/3/3072
f 1165/3/3073 1210/3/3073 1209/3/3073
f 1166/4/3074 1211/4/3074 1210/4/3074
f 1167/4/3075 1212/4/3075 1211/4/3075
f 1167/3/3076 1168/3/3076 1213/3/3076
f 1169/1/3077 1214/1/3077 1213/1/3077
f 1169/1/3078 1170/1/3078 1215/1/3078
f 1172/1/3079 1217/1/3079 1216/1/3079
f 1172/1/3080 1173/1/3080 1218/1/3080
f 1173/3/3081 1174/3/3081 1219/3/3081
f 1174/3/3082 1175/3/3082 1220/3/3082
f 1176/4/3083 1221/4/3083 1220/4/3083
f 1176/2/3084 1177/2/3084 1222/2/3084
f 1178/3/3085 1223/3/3085 1222/3/3085
f 1178/3/3086 1179/3/3086 1224/3/3086
f 1180/2/3087 1225/2/3087 1224/2/3087
f 1181/4/3088 1226/4/3088 1225/4/3088
f 1181/2/3089 1182/2/3089 1227/2/3089
f 1182/4/3090 1183/4/3090 1228/4/3090
f 1184/3/3091 1229/3/3091 1228/3/3091
f 1185/2/3092 1230/2/3092 1229/2/3092
f 1185/4/3093 1186/4/3093 1231/4/3093
f 1186/5/3094 1187/5/3094 1232/5/3094
f 1188/5/3095 1233/5/3095 1232/5/3095
f 1188/6/3096 1189/6/3096 1234/6/3096
f 1190/6/3097 1235/6/3097 1234/6/3097
f 1191/6/3098 1236/6/3098 1235/6/3098
f 1192/6/3099 1237/6/3099 1236/6/3099
f 1192/6/3100 1193/6/3100 1238/6/3100
f 1193/6/3101 1194/6/3101 1239/6/3101
f 1195/6/3102 1240/6/3102 1239/6/3102
f 1196/6/3103 1241/6/3103 1240/6/3103
f 1197/6/3104 1242/6/3104 1241/6/3104
f 1198/5/3105 1243/5/3105 1242/5/3105
f 1198/5/3106 1199/5/3106 1244/5/3106
f 1200/3/3107 1245/3/3107 1244/3/3107
f 1201/3/3108 1246/3/3108 1245/3/3108
f 1201/3/3109 1202/3/3109 1247/3/3109
f 1203/3/3110 1248/3/3110 1247/3/3110
f 1204/3/3111 1249/3/3111 1248/3/3111
f 1204/4/3112 1205/4/3112 1250/4/3112
f 1205/3/3113 1206/3/3113 1251/3/3113
f 1207/3/3114 1252/3/3114 1251/3/3114
f 1208/3/3115 1253/3/3115 1252/3/3115
f 1209/4/3116 1254/4/3116 1253/4/3116
f 1209/3/3117 1210/3/3117 1255/3/3117
f 1211/4/3118 1256/4/3118 1255/4/3118
f 1212/3/3119 1257/3/3119 1256/3/3119
f 1212/3/3120 1213/3/3120 1258/3/3120
f 1214/1/3121 1259/1/3121 1258/1/3121
f 1215/1/3122 1260/1/3122 1259/1/3122
f 1216/1/3123 1217/1/3123 1262/1/3123
f 1218/1/3124 1263/1/3124 1262/1/3124
f 1218/4/3125 1219/4/3125 1264/4/3125
f 1220/3/3126 1265/3/3126 1264/3/3126
f 1221/3/3127 1266/3/3127 1265/3/3127
f 1221/3/3128 1222/3/3128 1267/3/3128
f 1223/3/3129 1268/3/3129 1267/3/3129
f 1223/2/3130 1224/2/3130 1269/2/3130
f 1224/3/3131 1225/3/3131 1270/3/3131
f 1226/3/3132 1271/3/3132 1270/3/3132
f 1227/3/3133 1272/3/3133 1271/3/3133
f 1227/3/3134 1228/3/3134 1273/3/3134
f 1228/4/3135 1229/4/3135 1274/4/3135
f 1229/3/3136 1230/3/3136 1275/3/3136
f 1231/3/3137 1276/3/3137 1275/3/3137
f 1232/4/3138 1277/4/3138 1276/4/3138
f 1233/3/3139 1278/3/3139 1277/3/3139
f 1233/5/3140 1234/5/3140 1279/5/3140
f 1235/6/3141 1280/6/3141 1279/6/3141
f 1235/6/3142 1236/6/3142 1281/6/3142
f 1236/6/3143 1237/6/3143 1282/6/3143
f 1237/6/3144 1238/6/3144 1283/6/3144
f 1238/6/3145 1239/6/3145 1284/6/3145
f 1239/6/3146 1240/6/3146 1285/6/3146
f 1241/6/3147 1286/6/3147 1285/6/3147
f 1242/5/3148 1287/5/3148 1286/5/3148
f 1243/5/3149 1288/5/3149 1287/5/3149
f 1244/4/3150 1289/4/3150 1288/4/3150
f 1244/2/3151 1245/2/3151 1290/2/3151
f 1246/2/3152 1291/2/3152 1290/2/3152
f 1246/4/3153 1247/4/3153 1292/4/3153
f 1248/3/3154 1293/3/3154 1292/3/3154
f 1248/3/3155 1249/3/3155 1294/3/3155
f 1249/3/3156 1250/3/3156 1295/3/3156
f 1251/2/3157 1296/2/3157 1295/2/3157
f 1252/3/3158 1297/3/3158 1296/3/3158
f 1252/3/3159 1253/3/3159 1298/3/3159
f 1253/3/3160 1254/3/3160 1299/3/3160
f 1255/2/3161 1300/2/3161 1299/2/3161
f 1256/3/3162 1301/3/3162 1300/3/3162
f 1257/4/3163 1302/4/3163 1301/4/3163
f 1257/3/3164 1258/3/3164 1303/3/3164
f 1258/1/3165 1259/1/3165 1304/1/3165
f 1259/1/3166 1260/1/3166 1305/1/3166
f 1262/1/3167 1307/1/3167 1306/1/3167
f 1263/1/3168 1308/1/3168 1307/1/3168
f 1263/3/3169 1264/3/3169 1309/3/3169
f 1264/4/3170 1265/4/3170 1310/4/3170
f 1265/4/3171 1266/4/3171 1311/4/3171
f 1267/2/3172 1312/2/3172 1311/2/3172
f 1267/2/3173 1268/2/3173 1313/2/3173
f 1269/3/3174 1314/3/3174 1313/3/3174
f 1269/2/3175 1270/2/3175 1315/2/3175
f 1271/4/3176 1316/4/3176 1315/4/3176
f 1272/3/3177 1317/3/3177 1316/3/3177
f 1273/2/3178 1318/2/3178 1317/2/3178
f 1274/3/3179 1319/3/3179 1318/3/3179
f 1274/3/3180 1275/3/3180 1320/3/3180
f 1275/3/3181 1276/3/3181 1321/3/3181
f 1277/4/3182 1322/4/3182 1321/4/3182
f 1277/2/3183 1278/2/3183 1323/2/3183
f 1278/5/3184 1279/5/3184 1324/5/3184
f 1280/5/3185 1325/5/3185 1324/5/3185
f 1280/5/3186 1281/5/3186 1326/5/3186
f 1281/6/3187 1282/6/3187 1327/6/3187
f 1283/6/3188 1328/6/3188 1327/6/3188
f 1284/5/3189 1329/5/3189 1328/5/3189
f 1285/5/3190 1330/5/3190 1329/5/3190
f 1286/5/3191 1331/5/3191 1330/5/3191
f 1286/5/3192 1287/5/3192 1332/5/3192
f 1287/4/3193 1288/4/3193 1333/4/3193
f 1289/4/3194 1334/4/3194 1333/4/3194
f 1289/3/3195 1290/3/3195 1335/3/3195
f 1291/3/3196 1336/3/3196 1335/3/3196
f 1291/4/3197 1292/4/3197 1337/4/3197
f 1293/3/3198 1338/3/3198 1337/3/3198
f 1293/2/3199 1294/2/3199 1339/2/3199
f 1295/2/3200 1340/2/3200 1339/2/3200
f 1295/3/3201 1296/3/3201 1341/3/3201
f 1297/3/3202 1342/3/3202 1341/3/3202
f 1298/2/3203 1343/2/3203 1342/2/3203
f 1298/2/3204 1299/2/3204 1344/2/3204
f 1300/3/3205 1345/3/3205 1344/3/3205
f 1300/3/3206 1301/3/3206 1346/3/3206
f 1302/2/3207 1347/2/3207 1346/2/3207
f 1303/3/3208 1348/3/3208 1347/3/3208
f 1304/1/3209 1349/1/3209 1348/1/3209
f 1305/1/3210 1350/1/3210 1349/1/3210
f 1306/1/3211 1307/1/3211 1352/1/3211
f 1308/1/3212 1353/1/3212 1352/1/3212
f 1308/3/3213 1309/3/3213 1354/3/3213
f 1310/3/3214 1355/3/3214 1354/3/3214
f 1311/4/3215 1356/4/3215 1355/4/3215
f 1312/3/3216 1357/3/3216 1356/3/3216
f 1313/4/3217 1358/4/3217 1357/4/3217
f 1314/2/3218 1359/2/3218 1358/2/3218
f 1315/3/3219 1360/3/3219 1359/3/3219
f 1315/2/3220 1316/2/3220 1361/2/3220
f 1317/3/3221 1362/3/3221 1361/3/3221
f 1318/3/3222 1363/3/3222 1362/3/3222
f 1318/2/3223 1319/2/3223 1364/2/3223
f 1320/4/3224 1365/4/3224 1364/4/3224
f 1321/4/3225 1366/4/3225 1365/4/3225
f 1321/3/3226 1322/3/3226 1367/3/3226
f 1322/3/3227 1323/3/3227 1368/3/3227
f 1324/2/3228 1369/2/3228 1368/2/3228
f 1324/3/3229 1325/3/3229 1370/3/3229
f 1325/5/3230 1326/5/3230 1371/5/3230
f 1326/5/3231 1327/5/3231 1372/5/3231
f 1327/5/3232 1328/5/3232 1373/5/3232
f 1329/5/3233 1374/5/3233 1373/5/3233
f 1330/4/3234 1375/4/3234 1374/4/3234
f 1330/3/3235 1331/3/3235 1376/3/3235
f 1331/2/3236 1332/2/3236 1377/2/3236
f 1333/3/3237 1378/3/3237 1377/3/3237
f 1333/3/3238 1334/3/3238 1379/3/3238
f 1334/2/3239 1335/2/3239 1380/2/3239
f 1336/3/3240 1381/3/3240 1380/3/3240
f 1337/2/3241 1382/2/3241 1381/2/3241
f 1338/3/3242 1383/3/3242 1382/3/3242
f 1339/4/1167 1384/4/1167 1383/4/1167
f 1339/4/3243 1340/4/3243 1385/4/3243
f 1341/4/3244 1386/4/3244 1385/4/3244
f 1342/4/3245 1387/4/3245 1386/4/3245
f 1342/3/3246 1343/3/3246 1388/3/3246
f 1343/2/3247 1344/2/3247 1389/2/3247
f 1345/4/3248 1390/4/3248 1389/4/3248
f 1346/4/3249 1391/4/3249 1390/4/3249
f 1347/3/3250 1392/3/3250 1391/3/3250
f 1348/3/3251 1393/3/3251 1392/3/3251
f 1348/1/3252 1349/1/3252 1394/1/3252
f 1349/1/3253 1350/1/3253 1395/1/3253
f 1351/1/3254 1352/1/3254 1397/1/3254
f 1352/3/3255 1353/3/3255 1398/3/3255
f 1354/4/3256 1399/4/3256 1398/4/3256
f 1355/4/3257 1400/4/3257 1399/4/3257
f 1355/4/3258 1356/4/3258 1401/4/3258
f 1356/3/3259 1357/3/3259 1402/3/3259
f 1357/3/3260 1358/3/3260 1403/3/3260
f 1358/3/3261 1359/3/3261 1404/3/3261
f 1359/3/3262 1360/3/3262 1405/3/3262
f 1360/3/3263 1361/3/3263 1406/3/3263
f 1361/2/3264 1362/2/3264 1407/2/3264
f 1363/3/3265 1408/3/3265 1407/3/3265
f 1364/3/3266 1409/3/3266 1408/3/3266
f 1365/4/3267 1410/4/3267 1409/4/3267
f 1365/3/3268 1366/3/3268 1411/3/3268
f 1367/2/3269 1412/2/3269 1411/2/3269
f 1367/4/3270 1368/4/3270 1413/4/3270
f 1369/4/3271 1414/4/3271 1413/4/3271
f 1369/4/3272 1370/4/3272 1415/4/3272
f 1370/4/3273 1371/4/3273 1416/4/3273
f 1371/2/3274 1372/2/3274 1417/2/3274
f 1373/3/3275 1418/3/3275 1417/3/3275
f 1373/3/3276 1374/3/3276 1419/3/3276
f 1374/3/3277 1375/3/3277 1420/3/3277
f 1376/3/3278 1421/3/3278 1420/3/3278
f 1377/3/3279 1422/3/3279 1421/3/3279
f 1378/4/3280 1423/4/3280 1422/4/3280
f 1378/2/3281 1379/2/3281 1424/2/3281
f 1379/3/3282 1380/3/3282 1425/3/3282
f 1381/3/3283 1426/3/3283 1425/3/3283
f 1382/3/3284 1427/3/3284 1426/3/3284
f 1382/2/3285 1383/2/3285 1428/2/3285
f 1384/3/3286 1429/3/3286 1428/3/3286
f 1384/4/3287 1385/4/3287 1430/4/3287
f 1386/3/3288 1431/3/3288 1430/3/3288
f 1387/4/3289 1432/4/3289 1431/4/3289
f 1387/3/3290 1388/3/3290 1433/3/3290
f 1388/3/3291 1389/3/3291 1434/3/3291
f 1390/3/3292 1435/3/3292 1434/3/3292
f 1391/4/3293 1436/4/3293 1435/4/3293
f 1392/4/3294 1437/4/3294 1436/4/3294
f 1392/2/3295 1393/2/3295 1438/2/3295
f 1393/1/3296 1394/1/3296 1439/1/3296
f 1394/1/3297 1395/1/3297 1440/1/3297
f 1396/1/3298 1397/1/3298 1442/1/3298
f 1397/3/3299 1398/3/3299 1443/3/3299
f 1399/2/3300 1444/2/3300 1443/2/3300
f 1400/3/3301 1445/3/3301 1444/3/3301
f 1401/2/3302 1446/2/3302 1445/2/3302
f 1402/3/3303 1447/3/3303 1446/3/3303
f 1403/2/3304 1448/2/3304 1447/2/3304
f 1404/3/3305 1449/3/3305 1448/3/3305
f 1404/3/3306 1405/3/3306 1450/3/3306
f 1406/3/3307 1451/3/3307 1450/3/3307
f 1407/3/3308 1452/3/3308 1451/3/3308
f 1408/4/3309 1453/4/3309 1452/4/3309
f 1408/4/3310 1409/4/3310 1454/4/3310
f 1409/3/3311 1410/3/3311 1455/3/3311
f 1410/3/3312 1411/3/3312 1456/3/3312
f 1412/3/3313 1457/3/3313 1456/3/3313
f 1412/4/3314 1413/4/3314 1458/4/3314
f 1414/3/3315 1459/3/3315 1458/3/3315
f 1415/3/3316 1460/3/3316 1459/3/3316
f 1415/3/3317 1416/3/3317 1461/3/3317
f 1416/2/3318 1417/2/3318 1462/2/3318
f 1418/4/3319 1463/4/3319 1462/4/3319
f 1419/3/3320 1464/3/3320 1463/3/3320
f 1419/3/3321 1420/3/3321 1465/3/3321
f 1420/4/3322 1421/4/3322 1466/4/3322
f 1421/3/3323 1422/3/3323 1467/3/3323
f 1423/2/3324 1468/2/3324 1467/2/3324
f 1423/3/3325 1424/3/3325 1469/3/3325
f 1424/4/3326 1425/4/3326 1470/4/3326
f 1425/3/3327 1426/3/3327 1471/3/3327
f 1427/4/3328 1472/4/3328 1471/4/3328
f 1427/3/3329 1428/3/3329 1473/3/3329
f 1429/4/3330 1474/4/3330 1473/4/3330
f 1429/4/3331 1430/4/3331 1475/4/3331
f 1430/4/3332 1431/4/3332 1476/4/3332
f 1431/2/3333 1432/2/3333 1477/2/3333
f 1433/3/3334 1478/3/3334 1477/3/3334
f 1433/3/3335 1434/3/3335 1479/3/3335
f 1435/4/3336 1480/4/3336 1479/4/3336
f 1436/2/3337 1481/2/3337 1480/2/3337
f 1436/4/3338 1437/4/3338 1482/4/3338
f 1437/2/3339 1438/2/3339 1483/2/3339
f 1439/1/3340 1484/1/3340 1483/1/3340
f 1440/1/3341 1485/1/3341 1484/1/3341
f 1442/1/3342 1487/1/3342 1486/1/3342
f 1443/1/3343 1488/1/3343 1487/1/3343
f 1444/4/3344 1489/4/3344 1488/4/3344
f 1444/4/3345 1445/4/3345 1490/4/3345
f 1445/3/3346 1446/3/3346 1491/3/3346
f 1447/3/3347 1492/3/3347 1491/3/3347
f 1448/3/3348 1493/3/3348 1492/3/3348
f 1448/4/3349 1449/4/3349 1494/4/3349
f 1449/4/3350 1450/4/3350 1495/4/3350
f 1450/2/3351 1451/2/3351 1496/2/3351
f 1451/3/3352 1452/3/3352 1497/3/3352
f 1452/3/3353 1453/3/3353 1498/3/3353
f 1453/2/3354 1454/2/3354 1499/2/3354
f 1455/3/3355 1500/3/3355 1499/3/3355
f 1456/2/3356 1501/2/3356 1500/2/3356
f 1457/2/3357 1502/2/3357 1501/2/3357
f 1457/3/3358 1458/3/3358 1503/3/3358
f 1458/2/3359 1459/2/3359 1504/2/3359
f 1460/3/3360 1505/3/3360 1504/3/3360
f 1461/4/3361 1506/4/3361 1505/4/3361
f 1462/3/3362 1507/3/3362 1506/3/3362
f 1462/3/3363 1463/3/3363 1508/3/3363
f 1464/2/3364 1509/2/3364 1508/2/3364
f 1465/3/3365 1510/3/3365 1509/3/3365
f 1466/3/3366 1511/3/3366 1510/3/3366
f 1467/3/3367 1512/3/3367 1511/3/3367
f 1468/3/3368 1513/3/3368 1512/3/3368
f 1469/2/3369 1514/2/3369 1513/2/3369
f 1470/4/3370 1515/4/3370 1514/4/3370
f 1471/2/3371 1516/2/3371 1515/2/3371
f 1471/3/3372 1472/3/3372 1517/3/3372
f 1472/3/3373 1473/3/3373 1518/3/3373
f 1473/4/3374 1474/4/3374 1519/4/3374
f 1474/2/3375 1475/2/3375 1520/2/3375
f 1475/2/3376 1476/2/3376 1521/2/3376
f 1476/4/3377 1477/4/3377 1522/4/3377
f 1478/4/3378 1523/4/3378 1522/4/3378
f 1478/4/3379 1479/4/3379 1524/4/3379
f 1479/2/3380 1480/2/3380 1525/2/3380
f 1480/4/3381 1481/4/3381 1526/4/3381
f 1481/3/3382 1482/3/3382 1527/3/3382
f 1482/2/3383 1483/2/3383 1528/2/3383
f 1483/1/3384 1484/1/3384 1529/1/3384
f 1485/1/3385 1530/1/3385 1529/1/3385
f 1487/1/3386 1532/1/3386 1531/1/3386
f 1488/3/3387 1533/3/3387 1532/3/3387
f 1488/3/3388 1489/3/3388 1534/3/3388
f 1490/3/3389 1535/3/3389 1534/3/3389
f 1491/3/3390 1536/3/3390 1535/3/3390
f 1492/2/3391 1537/2/3391 1536/2/3391
f 1493/3/3392 1538/3/3392 1537/3/3392
f 1493/2/3393 1494/2/3393 1539/2/3393
f 1495/3/3394 1540/3/3394 1539/3/3394
f 1496/3/3395 1541/3/3395 1540/3/3395
f 1496/3/3396 1497/3/3396 1542/3/3396
f 1498/3/3397 1543/3/3397 1542/3/3397
f 1499/3/3398 1544/3/3398 1543/3/3398
f 1499/3/3399 1500/3/3399 1545/3/3399
f 1501/2/3400 1546/2/3400 1545/2/3400
f 1502/4/3401 1547/4/3401 1546/4/3401
f 1502/3/3402 1503/3/3402 1548/3/3402
f 1504/3/3403 1549/3/3403 1548/3/3403
f 1505/2/3404 1550/2/3404 1549/2/3404
f 1505/2/3405 1506/2/3405 1551/2/3405
f 1507/2/3406 1552/2/3406 1551/2/3406
f 1507/3/3407 1508/3/3407 1553/3/3407
f 1509/3/3408 1554/3/3408 1553/3/3408
f 1509/2/3409 1510/2/3409 1555/2/3409
f 1511/2/3410 1556/2/3410 1555/2/3410
f 1512/2/3411 1557/2/3411 1556/2/3411
f 1512/3/3412 1513/3/3412 1558/3/3412
f 1514/3/3413 1559/3/3413 1558/3/3413
f 1514/3/3414 1515/3/3414 1560/3/3414
f 1515/3/3415 1516/3/3415 1561/3/3415
f 1516/4/3416 1517/4/3416 1562/4/3416
f 1517/4/3417 1518/4/3417 1563/4/3417
f 1519/3/3418 1564/3/3418 1563/3/3418
f 1520/3/3419 1565/3/3419 1564/3/3419
f 1521/3/3420 1566/3/3420 1565/3/3420
f 1521/3/3421 1522/3/3421 1567/3/3421
f 1522/2/3422 1523/2/3422 1568/2/3422
f 1523/2/3423 1524/2/3423 1569/2/3423
f 1525/3/3424 1570/3/3424 1569/3/3424
f 1526/2/3425 1571/2/3425 1570/2/3425
f 1527/3/3426 1572/3/3426 1571/3/3426
f 1528/3/3427 1573/3/3427 1572/3/3427
f 1529/1/3428 1574/1/3428 1573/1/3428
f 1530/1/3429 1575/1/3429 1574/1/3429
f 1531/1/3430 1532/1/3430 1577/1/3430
f 1532/3/3431 1533/3/3431 1578/3/3431
f 1533/4/3432 1534/4/3432 1579/4/3432
f 1534/3/3433 1535/3/3433 1580/3/3433
f 1536/3/3434 1581/3/3434 1580/3/3434
f 1536/4/3435 1537/4/3435 1582/4/3435
f 1538/3/3436 1583/3/3436 1582/3/3436
f 1538/3/3437 1539/3/3437 1584/3/3437
f 1539/3/3438 1540/3/3438 1585/3/3438
f 1541/3/3439 1586/3/3439 1585/3/3439
f 1541/2/3440 1542/2/3440 1587/2/3440
f 1543/3/3441 1588/3/3441 1587/3/3441
f 1544/4/3442 1589/4/3442 1588/4/3442
f 1544/4/3443 1545/4/3443 1590/4/3443
f 1545/3/3444 1546/3/3444 1591/3/3444
f 1547/4/3445 1592/4/3445 1591/4/3445
f 1547/4/3446 1548/4/3446 1593/4/3446
f 1549/3/3447 1594/3/3447 1593/3/3447
f 1549/2/3448 1550/2/3448 1595/2/3448
f 1550/3/3449 1551/3/3449 1596/3/3449
f 1551/4/3450 1552/4/3450 1597/4/3450
f 1552/3/3451 1553/3/3451 1598/3/3451
f 1554/3/3452 1599/3/3452 1598/3/3452
f 1554/3/3453 1555/3/3453 1600/3/3453
f 1555/3/3454 1556/3/3454 1601/3/3454
f 1557/3/3455 1602/3/3455 1601/3/3455
f 1558/4/3456 1603/4/3456 1602/4/3456
f 1558/4/3457 1559/4/3457 1604/4/3457
f 1559/4/3458 1560/4/3458 1605/4/3458
f 1560/3/3459 1561/3/3459 1606/3/3459
f 1561/3/3460 1562/3/3460 1607/3/3460
f 1562/3/3461 1563/3/3461 1608/3/3461
f 1564/4/3462 1609/4/3462 1608/4/3462
f 1565/4/3463 1610/4/3463 1609/4/3463
f 1566/3/3464 1611/3/3464 1610/3/3464
f 1567/3/3465 1612/3/3465 1611/3/3465
f 1567/4/3466 1568/4/3466 1613/4/3466
f 1569/3/3467 1614/3/3467 1613/3/3467
f 1569/3/3468 1570/3/3468 1615/3/3468
f 1570/4/3469 1571/4/3469 1616/4/3469
f 1571/2/3470 1572/2/3470 1617/2/3470
f 1573/3/3471 1618/3/3471 1617/3/3471
f 1574/1/3472 1619/1/3472 1618/1/3472
f 1575/1/3473 1620/1/3473 1619/1/3473
f 1577/1/3474 1622/1/3474 1621/1/3474
f 1578/1/3475 1623/1/3475 1622/1/3475
f 1578/4/3476 1579/4/3476 1624/4/3476
f 1580/4/3477 1625/4/3477 1624/4/3477
f 1581/3/3478 1626/3/3478 1625/3/3478
f 1582/3/3479 1627/3/3479 1626/3/3479
f 1583/4/3480 1628/4/3480 1627/4/3480
f 1583/4/3481 1584/4/3481 1629/4/3481
f 1584/4/3482 1585/4/3482 1630/4/3482
f 1585/3/3483 1586/3/3483 1631/3/3483
f 1586/3/3484 1587/3/3484 1632/3/3484
f 1588/2/3485 1633/2/3485 1632/2/3485
f 1588/3/3486 1589/3/3486 1634/3/3486
f 1590/3/3487 1635/3/3487 1634/3/3487
f 1590/4/3488 1591/4/3488 1636/4/3488
f 1592/3/3489 1637/3/3489 1636/3/3489
f 1593/3/3490 1638/3/3490 1637/3/3490
f 1594/4/3491 1639/4/3491 1638/4/3491
f 1594/2/3492 1595/2/3492 1640/2/3492
f 1596/3/3493 1641/3/3493 1640/3/3493
f 1597/3/3494 1642/3/3494 1641/3/3494
f 1597/4/3495 1598/4/3495 1643/4/3495
f 1598/3/3496 1599/3/3496 1644/3/3496
f 1599/3/3497 1600/3/3497 1645/3/3497
f 1601/4/3498 1646/4/3498 1645/4/3498
f 1602/2/3499 1647/2/3499 1646/2/3499
f 1602/3/3500 1603/3/3500 1648/3/3500
f 1603/2/3501 1604/2/3501 1649/2/3501
f 1604/4/3502 1605/4/3502 1650/4/3502
f 1606/3/3503 1651/3/3503 1650/3/3503
f 1607/3/3504 1652/3/3504 1651/3/3504
f 1608/3/3505 1653/3/3505 1652/3/3505
f 1609/2/3506 1654/2/3506 1653/2/3506
f 1609/2/3507 1610/2/3507 1655/2/3507
f 1610/2/3508 1611/2/3508 1656/2/3508
f 1611/4/3509 1612/4/3509 1657/4/3509
f 1613/3/3510 1658/3/3510 1657/3/3510
f 1614/2/3511 1659/2/3511 1658/2/3511
f 1615/2/3512 1660/2/3512 1659/2/3512
f 1616/3/3513 1661/3/3513 1660/3/3513
f 1617/3/3514 1662/3/3514 1661/3/3514
f 1618/2/3515 1663/2/3515 1662/2/3515
f 1619/1/3516 1664/1/3516 1663/1/3516
f 1619/1/3517 1620/1/3517 1665/1/3517
f 1621/1/3518 1622/1/3518 1667/1/3518
f 1622/1/3519 1623/1/3519 1668/1/3519
f 1623/4/3520 1624/4/3520 1669/4/3520
f 1625/3/3521 1670/3/3521 1669/3/3521
f 1625/3/3522 1626/3/3522 1671/3/3522
f 1627/3/3523 1672/3/3523 1671/3/3523
f 1628/2/3524 1673/2/3524 1672/2/3524
f 1629/3/3525 1674/3/3525 1673/3/3525
f 1630/3/3526 1675/3/3526 1674/3/3526
f 1631/4/3527 1676/4/3527 1675/4/3527
f 1631/3/3528 1632/3/3528 1677/3/3528
f 1632/4/3529 1633/4/3529 1678/4/3529
f 1633/2/3530 1634/2/3530 1679/2/3530
f 1635/2/3531 1680/2/3531 1679/2/3531
f 1636/3/3532 1681/3/3532 1680/3/3532
f 1637/2/3533 1682/2/3533 1681/2/3533
f 1637/4/3534 1638/4/3534 1683/4/3534
f 1639/3/3535 1684/3/3535 1683/3/3535
f 1640/4/3536 1685/4/3536 1684/4/3536
f 1641/4/3537 1686/4/3537 1685/4/3537
f 1641/3/3538 1642/3/3538 1687/3/3538
f 1642/2/3539 1643/2/3539 1688/2/3539
f 1644/3/3540 1689/3/3540 1688/3/3540
f 1645/3/3541 1690/3/3541 1689/3/3541
f 1646/3/3542 1691/3/3542 1690/3/3542
f 1646/3/3543 1647/3/3543 1692/3/3543
f 1647/3/3544 1648/3/3544 1693/3/3544
f 1649/3/3545 1694/3/3545 1693/3/3545
f 1649/4/3546 1650/4/3546 1695/4/3546
f 1651/3/3547 1696/3/3547 1695/3/3547
f 1652/3/3548 1697/3/3548 1696/3/3548
f 1653/2/3549 1698/2/3549 1697/2/3549
f 1653/3/3550 1654/3/3550 1699/3/3550
f 1654/2/3551 1655/2/3551 1700/2/3551
f 1656/4/3552 1701/4/3552 1700/4/3552
f 1656/3/3553 1657/3/3553 1702/3/3553
f 1658/4/3554 1703/4/3554 1702/4/3554
f 1658/4/3555 1659/4/3555 1704/4/3555
f 1659/3/3556 1660/3/3556 1705/3/3556
f 1661/4/3557 1706/4/3557 1705/4/3557
f 1662/3/3558 1707/3/3558 1706/3/3558
f 1662/2/3559 1663/2/3559 1708/2/3559
f 1664/1/3560 1709/1/3560 1708/1/3560
f 1665/1/3561 1710/1/3561 1709/1/3561
f 1667/1/3562 1712/1/3562 1711/1/3562
f 1667/1/3563 1668/1/3563 1713/1/3563
f 1669/4/3564 1714/4/3564 1713/4/3564
f 1670/4/3565 1715/4/3565 1714/4/3565
f 1671/4/3566 1716/4/3566 1715/4/3566
f 1672/3/3567 1717/3/3567 1716/3/3567
f 1672/3/3568 1673/3/3568 1718/3/3568
f 1673/3/3569 1674/3/3569 1719/3/3569
f 1675/3/3570 1720/3/3570 1719/3/3570
f 1676/3/3571 1721/3/3571 1720/3/3571
f 1676/2/3572 1677/2/3572 1722/2/3572
f 1678/3/3573 1723/3/3573 1722/3/3573
f 1679/3/3574 1724/3/3574 1723/3/3574
f 1679/3/3575 1680/3/3575 1725/3/3575
f 1680/2/3576 1681/2/3576 1726/2/3576
f 1681/2/3577 1682/2/3577 1727/2/3577
f 1682/4/3578 1683/4/3578 1728/4/3578
f 1684/4/3579 1729/4/3579 1728/4/3579
f 1685/2/3580 1730/2/3580 1729/2/3580
f 1685/4/3581 1686/4/3581 1731/4/3581
f 1686/4/3582 1687/4/3582 1732/4/3582
f 1688/4/3583 1733/4/3583 1732/4/3583
f 1688/3/3584 1689/3/3584 1734/3/3584
f 1690/3/3585 1735/3/3585 1734/3/3585
f 1691/4/3586 1736/4/3586 1735/4/3586
f 1692/3/3587 1737/3/3587 1736/3/3587
f 1693/3/3588 1738/3/3588 1737/3/3588
f 1694/3/3589 1739/3/3589 1738/3/3589
f 1694/4/3590 1695/4/3590 1740/4/3590
f 1696/4/3591 1741/4/3591 1740/4/3591
f 1697/3/3592 1742/3/3592 1741/3/3592
f 1697/3/3593 1698/3/3593 1743/3/3593
f 1699/2/3594 1744/2/3594 1743/2/3594
f 1700/4/3595 1745/4/3595 1744/4/3595
f 1701/4/3596 1746/4/3596 1745/4/3596
f 1701/2/3597 1702/2/3597 1747/2/3597
f 1702/3/3598 1703/3/3598 1748/3/3598
f 1704/4/3599 1749/4/3599 1748/4/3599
f 1705/3/3600 1750/3/3600 1749/3/3600
f 1706/4/3601 1751/4/3601 1750/4/3601
f 1706/4/3602 1707/4/3602 1752/4/3602
f 1707/4/3603 1708/4/3603 1753/4/3603
f 1708/1/3604 1709/1/3604 1754/1/3604
f 1709/1/3605 1710/1/3605 1755/1/3605
f 1712/1/3606 1757/1/3606 1756/1/3606
f 1712/1/3607 1713/1/3607 1758/1/3607
f 1713/2/3608 1714/2/3608 1759/2/3608
f 1714/4/3609 1715/4/3609 1760/4/3609
f 1715/3/3610 1716/3/3610 1761/3/3610
f 1717/3/3611 1762/3/3611 1761/3/3611
f 1718/3/3612 1763/3/3612 1762/3/3612
f 1719/4/3613 1764/4/3613 1763/4/3613
f 1720/2/3614 1765/2/3614 1764/2/3614
f 1720/3/3615 1721/3/3615 1766/3/3615
f 1721/2/3616 1722/2/3616 1767/2/3616
f 1723/3/3617 1768/3/3617 1767/3/3617
f 1724/2/3618 1769/2/3618 1768/2/3618
f 1724/4/3619 1725/4/3619 1770/4/3619
f 1725/2/3620 1726/2/3620 1771/2/3620
f 1727/4/3621 1772/4/3621 1771/4/3621
f 1728/2/3622 1773/2/3622 1772/2/3622
f 1728/3/3623 1729/3/3623 1774/3/3623
f 1730/4/3624 1775/4/3624 1774/4/3624
f 1731/2/3625 1776/2/3625 1775/2/3625
f 1732/3/3626 1777/3/3626 1776/3/3626
f 1733/2/3627 1778/2/3627 1777/2/3627
f 1733/4/3628 1734/4/3628 1779/4/3628
f 1734/2/3629 1735/2/3629 1780/2/3629
f 1735/4/3630 1736/4/3630 1781/4/3630
f 1737/3/3631 1782/3/3631 1781/3/3631
f 1738/3/3632 1783/3/3632 1782/3/3632
f 1739/3/3633 1784/3/3633 1783/3/3633
f 1739/4/3634 1740/4/3634 1785/4/3634
f 1741/3/3635 1786/3/3635 1785/3/3635
f 1742/3/3636 1787/3/3636 1786/3/3636
f 1742/3/3637 1743/3/3637 1788/3/3637
f 1744/3/3638 1789/3/3638 1788/3/3638
f 1744/4/3639 1745/4/3639 1790/4/3639
f 1745/4/3640 1746/4/3640 1791/4/3640
f 1746/4/3641 1747/4/3641 1792/4/3641
f 1748/4/3642 1793/4/3642 1792/4/3642
f 1749/3/3643 1794/3/3643 1793/3/3643
f 1749/4/3644 1750/4/3644 1795/4/3644
f 1750/2/3645 1751/2/3645 1796/2/3645
f 1752/4/3646 1797/4/3646 1796/4/3646
f 1752/4/3647 1753/4/3647 1798/4/3647
f 1754/1/3648 1799/1/3648 1798/1/3648
f 1755/1/3649 1800/1/3649 1799/1/3649
f 1757/1/3650 1802/1/3650 1801/1/3650
f 1757/1/3651 1758/1/3651 1803/1/3651
f 1758/3/3652 1759/3/3652 1804/3/3652
f 1760/3/3653 1805/3/3653 1804/3/3653
f 1761/3/3654 1806/3/3654 1805/3/3654
f 1762/3/3655 1807/3/3655 1806/3/3655
f 1762/4/3656 1763/4/3656 1808/4/3656
f 1764/4/3657 1809/4/3657 1808/4/3657
f 1764/4/3658 1765/4/3658 1810/4/3658
f 1765/2/3659 1766/2/3659 1811/2/3659
f 1767/2/3660 1812/2/3660 1811/2/3660
f 1768/3/3661 1813/3/3661 1812/3/3661
f 1769/3/3662 1814/3/3662 1813/3/3662
f 1769/3/3663 1770/3/3663 1815/3/3663
f 1771/3/3664 1816/3/3664 1815/3/3664
f 1771/3/3665 1772/3/3665 1817/3/3665
f 1772/3/3666 1773/3/3666 1818/3/3666
f 1774/2/3667 1819/2/3667 1818/2/3667
f 1774/2/3668 1775/2/3668 1820/2/3668
f 1775/2/3669 1776/2/3669 1821/2/3669
f 1777/4/3670 1822/4/3670 1821/4/3670
f 1778/3/3671 1823/3/3671 1822/3/3671
f 1778/4/3672 1779/4/3672 1824/4/3672
f 1780/3/3673 1825/3/3673 1824/3/3673
f 1781/3/3674 1826/3/3674 1825/3/3674
f 1782/2/3675 1827/2/3675 1826/2/3675
f 1782/3/3676 1783/3/3676 1828/3/3676
f 1784/2/3677 1829/2/3677 1828/2/3677
f 1784/2/3678 1785/2/3678 1830/2/3678
f 1785/2/3679 1786/2/3679 1831/2/3679
f 1787/3/3680 1832/3/3680 1831/3/3680
f 1787/4/3681 1788/4/3681 1833/4/3681
f 1788/3/3682 1789/3/3682 1834/3/3682
f 1790/3/3683 1835/3/3683 1834/3/3683
f 1790/4/3684 1791/4/3684 1836/4/3684
f 1791/2/3685 1792/2/3685 1837/2/3685
f 1792/3/3686 1793/3/3686 1838/3/3686
f 1794/3/3687 1839/3/3687 1838/3/3687
f 1794/2/3688 1795/2/3688 1840/2/3688
f 1795/3/3689 1796/3/3689 1841/3/3689
f 1797/3/3690 1842/3/3690 1841/3/3690
f 1798/2/3691 1843/2/3691 1842/2/3691
f 1799/1/3692 1844/1/3692 1843/1/3692
f 1799/1/3693 1800/1/3693 1845/1/3693
f 1802/1/3694 1847/1/3694 1846/1/3694
f 1803/3/3695 1848/3/3695 1847/3/3695
f 1803/3/3696 1804/3/3696 1849/3/3696
f 1805/3/3697 1850/3/3697 1849/3/3697
f 1805/2/3698 1806/2/3698 1851/2/3698
f 1807/3/3699 1852/3/3699 1851/3/3699
f 1807/2/3700 1808/2/3700 1853/2/3700
f 1809/3/3701 1854/3/3701 1853/3/3701
f 1809/4/3702 1810/4/3702 1855/4/3702
f 1811/3/3703 1856/3/3703 1855/3/3703
f 1811/3/3704 1812/3/3704 1857/3/3704
f 1812/2/3705 1813/2/3705 1858/2/3705
f 1813/4/3706 1814/4/3706 1859/4/3706
f 1814/4/3707 1815/4/3707 1860/4/3707
f 1816/3/3708 1861/3/3708 1860/3/3708
f 1817/2/3709 1862/2/3709 1861/2/3709
f 1818/3/3710 1863/3/3710 1862/3/3710
f 1819/2/3711 1864/2/3711 1863/2/3711
f 1820/3/3712 1865/3/3712 1864/3/3712
f 1820/4/3713 1821/4/3713 1866/4/3713
f 1822/3/3714 1867/3/3714 1866/3/3714
f 1823/3/3715 1868/3/3715 1867/3/3715
f 1823/3/3716 1824/3/3716 1869/3/3716
f 1825/3/3717 1870/3/3717 1869/3/3717
f 1826/3/3718 1871/3/3718 1870/3/3718
f 1827/4/3719 1872/4/3719 1871/4/3719
f 1827/4/3720 1828/4/3720 1873/4/3720
f 1828/2/3721 1829/2/3721 1874/2/3721
f 1829/2/3722 1830/2/3722 1875/2/3722
f 1831/3/3723 1876/3/3723 1875/3/3723
f 1832/4/3724 1877/4/3724 1876/4/3724
f 1833/3/3725 1878/3/3725 1877/3/3725
f 1833/2/3726 1834/2/3726 1879/2/3726
f 1835/2/3727 1880/2/3727 1879/2/3727
f 1835/3/3728 1836/3/3728 1881/3/3728
f 1837/3/3729 1882/3/3729 1881/3/3729
f 1838/3/3730 1883/3/3730 1882/3/3730
f 1838/3/3731 1839/3/3731 1884/3/3731
f 1839/3/3732 1840/3/3732 1885/3/3732
f 1841/3/3733 1886/3/3733 1885/3/3733
f 1841/2/3734 1842/2/3734 1887/2/3734
f 1843/3/3735 1888/3/3735 1887/3/3735
f 1844/1/3736 1889/1/3736 1888/1/3736
f 1845/1/3737 1890/1/3737 1889/1/3737
f 1847/1/3738 1892/1/3738 1891/1/3738
f 1847/1/3739 1848/1/3739 1893/1/3739
f 1848/2/3740 1849/2/3740 1894/2/3740
f 1849/4/3741 1850/4/3741 1895/4/3741
f 1851/2/3742 1896/2/3742 1895/2/3742
f 1851/3/3743 1852/3/3743 1897/3/3743
f 1852/4/3744 1853/4/3744 1898/4/3744
f 1854/2/3745 1899/2/3745 1898/2/3745
f 1854/4/3746 1855/4/3746 1900/4/3746
f 1856/2/3747 1901/2/3747 1900/2/3747
f 1856/2/3748 1857/2/3748 1902/2/3748
f 1858/2/3749 1903/2/3749 1902/2/3749
f 1859/4/3750 1904/4/3750 1903/4/3750
f 1859/4/3751 1860/4/3751 1905/4/3751
f 1860/3/3752 1861/3/3752 1906/3/3752
f 1861/3/3753 1862/3/3753 1907/3/3753
f 1862/4/3754 1863/4/3754 1908/4/3754
f 1863/2/3755 1864/2/3755 1909/2/3755
f 1864/3/3756 1865/3/3756 1910/3/3756
f 1865/3/3757 1866/3/3757 1911/3/3757
f 1867/2/3758 1912/2/3758 1911/2/3758
f 1867/3/3759 1868/3/3759 1913/3/3759
f 1868/3/3760 1869/3/3760 1914/3/3760
f 1869/3/3761 1870/3/3761 1915/3/3761
f 1871/3/3762 1916/3/3762 1915/3/3762
f 1872/3/3763 1917/3/3763 1916/3/3763
f 1873/3/3764 1918/3/3764 1917/3/3764
f 1874/3/3765 1919/3/3765 1918/3/3765
f 1875/4/3766 1920/4/3766 1919/4/3766
f 1875/3/3767 1876/3/3767 1921/3/3767
f 1876/4/3768 1877/4/3768 1922/4/3768
f 1878/3/3769 1923/3/3769 1922/3/3769
f 1878/3/3770 1879/3/3770 1924/3/3770
f 1880/4/3771 1925/4/3771 1924/4/3771
f 1880/3/3772 1881/3/3772 1926/3/3772
f 1882/3/3773 1927/3/3773 1926/3/3773
f 1883/4/3774 1928/4/3774 1927/4/3774
f 1883/2/3775 1884/2/3775 1929/2/3775
f 1884/2/3776 1885/2/3776 1930/2/3776
f 1886/3/3777 1931/3/3777 1930/3/3777
f 1887/3/3778 1932/3/3778 1931/3/3778
f 1888/4/3779 1933/4/3779 1932/4/3779
f 1888/1/3780 1889/1/3780 1934/1/3780
f 1889/1/3781 1890/1/3781 1935/1/3781
f 1892/1/3782 1937/1/3782 1936/1/3782
f 1893/1/3783 1938/1/3783 1937/1/3783
f 1893/2/3784 1894/2/3784 1939/2/3784
f 1894/3/3785 1895/3/3785 1940/3/3785
f 1896/1/3786 1941/1/3786 1940/1/3786
f 1897/1/3787 1942/1/3787 1941/1/3787
f 1897/2/3788 1898/2/3788 1943/2/3788
f 1898/3/3789 1899/3/3789 1944/3/3789
f 1900/1/3790 1945/1/3790 1944/1/3790
f 1901/1/3791 1946/1/3791 1945/1/3791
f 1901/1/3792 1902/1/3792 1947/1/3792
f 1902/1/3793 1903/1/3793 1948/1/3793
f 1904/1/3794 1949/1/3794 1948/1/3794
f 1905/1/3795 1950/1/3795 1949/1/3795
f 1905/1/3796 1906/1/3796 1951/1/3796
f 1907/1/3797 1952/1/3797 1951/1/3797
f 1907/1/3798 1908/1/3798 1953/1/3798
f 1909/1/3799 1954/1/3799 1953/1/3799
f 1910/1/3800 1955/1/3800 1954/1/3800
f 1910/4/3801 1911/4/3801 1956/4/3801
f 1912/1/3802 1957/1/3802 1956/1/3802
f 1912/1/3803 1913/1/3803 1958/1/3803
f 1913/3/3804 1914/3/3804 1959/3/3804
f 1915/1/3805 1960/1/3805 1959/1/3805
f 1916/1/3806 1961/1/3806 1960/1/3806
f 1916/1/3807 1917/1/3807 1962/1/3807
f 1918/1/3808 1963/1/3808 1962/1/3808
f 1919/1/3809 1964/1/3809 1963/1/3809
f 1919/1/3810 1920/1/3810 1965/1/3810
f 1920/1/3811 1921/1/3811 1966/1/3811
f 1922/1/3812 1967/1/3812 1966/1/3812
f 1923/1/3813 1968/1/3813 1967/1/3813
f 1924/1/3814 1969/1/3814 1968/1/3814
f 1925/1/3815 1970/1/3815 1969/1/3815
f 1925/1/3816 1926/1/3816 1971/1/3816
f 1927/1/3817 1972/1/3817 1971/1/3817
f 1928/1/3818 1973/1/3818 1972/1/3818
f 1928/1/3819 1929/1/3819 1974/1/3819
f 1930/1/3820 1975/1/3820 1974/1/3820
f 1930/1/3821 1931/1/3821 1976/1/3821
f 1932/1/3822 1977/1/3822 1976/1/3822
f 1933/1/3823 1978/1/3823 1977/1/3823
f 1934/1/3824 1979/1/3824 1978/1/3824
f 1935/1/3825 1980/1/3825 1979/1/3825
f 1936/1/3826 1937/1/3826 1982/1/3826
f 1937/1/3827 1938/1/3827 1983/1/3827
f 1938/1/3828 1939/1/3828 1984/1/3828
f 1940/1/3829 1985/1/3829 1984/1/3829
f 1940/1/3830 1941/1/3830 1986/1/3830
f 1941/1/3831 1942/1/3831 1987/1/3831
f 1943/1/3832 1988/1/3832 1987/1/3832
f 1943/1/3833 1944/1/3833 1989/1/3833
f 1945/1/3834 1990/1/3834 1989/1/3834
f 1946/1/3835 1991/1/3835 1990/1/3835
f 1947/1/3836 1992/1/3836 1991/1/3836
f 1948/1/3837 1993/1/3837 1992/1/3837
f 1948/1/3838 1949/1/3838 1994/1/3838
f 1949/1/3839 1950/1/3839 1995/1/3839
f 1950/1/3840 1951/1/3840 1996/1/3840
f 1952/1/3841 1997/1/3841 1996/1/3841
f 1953/1/3842 1998/1/3842 1997/1/3842
f 1953/1/3843 1954/1/3843 1999/1/3843
f 1955/1/3844 2000/1/3844 1999/1/3844
f 1955/1/3845 1956/1/3845 2001/1/3845
f 1957/1/3846 2002/1/3846 2001/1/3846
f 1957/1/3847 1958/1/3847 2003/1/3847
f 1958/1/3848 1959/1/3848 2004/1/3848
f 1959/1/3849 1960/1/3849 2005/1/3849
f 1961/1/3850 2006/1/3850 2005/1/3850
f 1962/1/3851 2007/1/3851 2006/1/3851
f 1963/1/3852 2008/1/3852 2007/1/3852
f 1964/1/3853 2009/1/3853 2008/1/3853
f 1964/1/3854 1965/1/3854 2010/1/3854
f 1966/1/3855 2011/1/3855 2010/1/3855
f 1966/1/3856 1967/1/3856 2012/1/3856
f 1967/1/3857 1968/1/3857 2013/1/3857
f 1969/1/3858 2014/1/3858 2013/1/3858
f 1969/1/3859 1970/1/3859 2015/1/3859
f 1970/1/3860 1971/1/3860 2016/1/3860
f 1972/1/3861 2017/1/3861 2016/1/3861
f 1973/1/3862 2018/1/3862 2017/1/3862
f 1973/1/3863 1974/1/3863 2019/1/3863
f 1975/1/3864 2020/1/3864 2019/1/3864
f 1975/1/3865 1976/1/3865 2021/1/3865
f 1976/1/3866 1977/1/3866 2022/1/3866
f 1977/1/3867 1978/1/3867 2023/1/3867
f 1979/1/3868 2024/1/3868 2023/1/3868
f 1980/1/3869 2025/1/3869 2024/1/3869
o Woda
v 0.000000 -0.700000 0.000000
v 0.000000 -0.700000 -25.200001
v -6.522240 -0.700000 -24.341331
v -12.600000 -0.700000 -21.823841
v -17.819092 -0.700000 -17.819092
v -21.823841 -0.700000 -12.600000
v -24.341331 -0.700000 -6.522240
v -25.200001 -0.700000 0.000000
v -24.341331 -0.700000 6.522240
v -21.823841 -0.700000 12.600000
v -17.819092 -0.700000 17.819092
v -12.600000 -0.700000 21.823841
v -6.522240 -0.700000 24.341331
v 0.000000 -0.700000 25.200001
v 6.522240 -0.700000 24.341331
v 12.600000 -0.700000 21.823841
v 17.819092 -0.700000 17.819092
v 21.823841 -0.700000 12.600000
v 24.341331 -0.700000 6.522240
v 25.200001 -0.700000 0.000000
v 24.341331 -0.700000 -6.522240
v 21.823841 -0.700000 -12.600000
v 17.819092 -0.700000 -17.819092
v 12.600000 -0.700000 -21.823841
v 6.522240 -0.700000 -24.341331
vn -0.0000 1.0000 -0.0000
vt 0.312500 0.312500
s 0
usemtl Paleta
f 2026/7/3870 2027/7/3870 2028/7/3870
f 2026/7/3870 2028/7/3870 2029/7/3870
f 2026/7/3870 2029/7/3870 2030/7/3870
f 2026/7/3870 2030/7/3870 2031/7/3870
f 2026/7/3870 2031/7/3870 2032/7/3870
f 2026/7/3870 2032/7/3870 2033/7/3870
f 2026/7/3870 2033/7/3870 2034/7/3870
f 2026/7/3870 2034/7/3870 2035/7/3870
f 2026/7/3870 2035/7/3870 2036/7/3870
f 2026/7/3870 2036/7/3870 2037/7/3870
f 2026/7/3870 2037/7/3870 2038/7/3870
f 2026/7/3870 2038/7/3870 2039/7/3870
f 2026/7/3870 2039/7/3870 2040/7/3870
f 2026/7/3870 2040/7/3870 2041/7/3870
f 2026/7/3870 2041/7/3870 2042/7/3870
f 2026/7/3870 2042/7/3870 2043/7/3870
f 2026/7/3870 2043/7/3870 2044/7/3870
f 2026/7/3870 2044/7/3870 2045/7/3870
f 2026/7/3870 2045/7/3870 2046/7/3870
f 2026/7/3870 2046/7/3870 2047/7/3870
f 2026/7/3870 2047/7/3870 2048/7/3870
f 2026/7/3870 2048/7/3870 2049/7/3870
f 2026/7/3870 2049/7/3870 2050/7/3870
f 2026/7/3870 2050/7/3870 2027/7/3870
o Most1
v -26.426023 0.225000 2.183673
v -26.426023 0.475000 2.183673
v -26.523720 0.225000 -2.015191
v -26.523720 0.475000 -2.015191
v -25.476280 0.225000 2.161575
v -25.476280 0.475000 2.161575
v -25.573977 0.225000 -2.037289
v -25.573977 0.475000 -2.037289
v -25.259972 0.225000 2.023319
v -25.259972 0.475000 2.023319
v -25.395418 0.225000 -2.174495
v -25.395418 0.475000 -2.174495
v -24.310465 0.225000 1.992683
v -24.310465 0.475000 1.992683
v -24.445911 0.225000 -2.205132
v -24.445911 0.475000 -2.205132
v -24.257080 0.225000 2.176374
v -24.257080 0.475000 2.176374
v -24.104055 0.225000 -2.020838
v -24.104055 0.475000 -2.020838
v -23.307711 0.225000 2.210986
v -23.307711 0.475000 2.210986
v -23.154686 0.225000 -1.986225
v -23.154686 0.475000 -1.986225
v -22.990660 0.225000 2.119665
v -22.990660 0.475000 2.119665
v -23.076786 0.225000 -2.079452
v -23.076786 0.475000 -2.079452
v -22.040859 0.225000 2.100184
v -22.040859 0.475000 2.100184
v -22.126986 0.225000 -2.098933
v -22.126986 0.475000 -2.098933
v -21.929953 0.225000 1.994259
v -21.929953 0.475000 1.994259
v -21.843374 0.225000 -2.204848
v -21.843374 0.475000 -2.204848
v -20.980154 0.225000 2.013843
v -20.980154 0.475000 2.013843
v -20.893576 0.225000 -2.185265
v -20.893576 0.475000 -2.185265
v -20.641247 0.225000 2.126603
v -20.641247 0.475000 2.126603
v -20.837130 0.225000 -2.068826
v -20.837130 0.475000 -2.068826
v -19.692282 0.225000 2.082296
v -19.692282 0.475000 2.082296
v -19.888165 0.225000 -2.113133
v -19.888165 0.475000 -2.113133
v -19.658779 0.225000 2.013700
v -19.658779 0.475000 2.013700
v -19.526041 0.225000 -2.184201
v -19.526041 0.475000 -2.184201
v -18.709253 0.225000 2.043724
v -18.709253 0.475000 2.043724
v -18.576515 0.225000 -2.154178
v -18.576515 0.475000 -2.154178
v -18.349136 0.225000 2.209424
v -18.349136 0.475000 2.209424
v -18.541050 0.225000 -1.986189
v -18.541050 0.475000 -1.986189
v -17.400127 0.225000 2.166015
v -17.400127 0.475000 2.166015
v -17.592041 0.225000 -2.029598
v -17.592041 0.475000 -2.029598
v -17.406767 0.225000 1.983234
v -17.406767 0.475000 1.983234
v -17.189014 0.225000 -2.211117
v -17.189014 0.475000 -2.211117
v -16.458046 0.225000 2.032488
v -16.458046 0.475000 2.032488
v -16.240294 0.225000 -2.161864
v -16.240294 0.475000 -2.161864
v -16.237661 0.225000 2.001839
v -16.237661 0.475000 2.001839
v -16.064472 0.225000 -2.194588
v -16.064472 0.475000 -2.194588
v -15.288469 0.225000 2.041013
v -15.288469 0.475000 2.041013
v -15.115280 0.225000 -2.155415
v -15.115280 0.475000 -2.155415
v -15.075073 0.225000 2.059185
v -15.075073 0.475000 2.059185
v -14.933208 0.225000 -2.138418
v -14.933208 0.475000 -2.138418
v -14.125615 0.225000 2.091274
v -14.125615 0.475000 2.091274
v -13.983749 0.225000 -2.106330
v -13.983749 0.475000 -2.106330
v -13.953514 0.225000 2.171079
v -13.953514 0.475000 2.171079
v -13.760185 0.225000 -2.024469
v -13.760185 0.475000 -2.024469
v -13.004520 0.225000 2.214808
v -13.004520 0.475000 2.214808
v -12.811192 0.225000 -1.980740
v -12.811192 0.475000 -1.980740
v -12.777060 0.225000 2.133347
v -12.777060 0.475000 2.133347
v -12.643045 0.225000 -2.064514
v -12.643045 0.475000 -2.064514
v -11.827543 0.225000 2.163660
v -11.827543 0.475000 2.163660
v -11.693529 0.225000 -2.034201
v -11.693529 0.475000 -2.034201
v -11.564647 0.225000 2.012660
v -11.564647 0.475000 2.012660
v -11.561823 0.225000 -2.187339
v -11.561823 0.475000 -2.187339
v -10.614647 0.225000 2.013299
v -10.614647 0.475000 2.013299
v -10.611823 0.225000 -2.186700
v -10.611823 0.475000 -2.186700
v -10.322867 0.225000 2.019205
v -10.322867 0.475000 2.019205
v -10.508558 0.225000 -2.176688
v -10.508558 0.475000 -2.176688
v -9.373796 0.225000 1.977203
v -9.373796 0.475000 1.977203
v -9.559488 0.225000 -2.218690
v -9.559488 0.475000 -2.218690
v -9.318583 0.225000 2.119082
v -9.318583 0.475000 2.119082
v -9.219387 0.225000 -2.079746
v -9.219387 0.475000 -2.079746
v -8.368847 0.225000 2.141518
v -8.368847 0.475000 2.141518
v -8.269651 0.225000 -2.057310
v -8.269651 0.475000 -2.057310
v -8.113811 0.225000 2.133565
v -8.113811 0.475000 2.133565
v -8.130299 0.225000 -2.066403
v -8.130299 0.475000 -2.066403
v -7.163818 0.225000 2.129835
v -7.163818 0.475000 2.129835
v -7.180305 0.225000 -2.070132
v -7.180305 0.475000 -2.070132
v -7.071129 0.225000 2.034207
v -7.071129 0.475000 2.034207
v -6.877865 0.225000 -2.161344
v -6.877865 0.475000 -2.161344
v -6.122135 0.225000 2.077921
v -6.122135 0.475000 2.077921
v -5.928871 0.225000 -2.117630
v -5.928871 0.475000 -2.117630
v -26.000000 -3.300000 1.620000
v -26.000000 0.700000 1.620000
v -25.757513 -3.300000 1.760000
v -25.757513 0.700000 1.760000
v -25.757513 -3.300000 2.040000
v -25.757513 0.700000 2.040000
v -26.000000 -3.300000 2.180000
v -26.000000 0.700000 2.180000
v -26.242487 -3.300000 2.040000
v -26.242487 0.700000 2.040000
v -26.242487 -3.300000 1.760000
v -26.242487 0.700000 1.760000
v -26.000000 -3.300000 -2.180000
v -26.000000 0.700000 -2.180000
v -25.757513 -3.300000 -2.040000
v -25.757513 0.700000 -2.040000
v -25.757513 -3.300000 -1.760000
v -25.757513 0.700000 -1.760000
v -26.000000 -3.300000 -1.620000
v -26.000000 0.700000 -1.620000
v -26.242487 -3.300000 -1.760000
v -26.242487 0.700000 -1.760000
v -26.242487 -3.300000 -2.040000
v -26.242487 0.700000 -2.040000
v -16.250000 -3.300000 1.620000
v -16.250000 0.700000 1.620000
v -16.007513 -3.300000 1.760000
v -16.007513 0.700000 1.760000
v -16.007513 -3.300000 2.040000
v -16.007513 0.700000 2.040000
v -16.250000 -3.300000 2.180000
v -16.250000 0.700000 2.180000
v -16.492487 -3.300000 2.040000
v -16.492487 0.700000 2.040000
v -16.492487 -3.300000 1.760000
v -16.492487 0.700000 1.760000
v -16.250000 -3.300000 -2.180000
v -16.250000 0.700000 -2.180000
v -16.007513 -3.300000 -2.040000
v -16.007513 0.700000 -2.040000
v -16.007513 -3.300000 -1.760000
v -16.007513 0.700000 -1.760000
v -16.250000 -3.300000 -1.620000
v -16.250000 0.700000 -1.620000
v -16.492487 -3.300000 -1.760000
v -16.492487 0.700000 -1.760000
v -16.492487 -3.300000 -2.040000
v -16.492487 0.700000 -2.040000
v -6.500000 -3.300000 1.620000
v -6.500000 0.700000 1.620000
v -6.257513 -3.300000 1.760000
v -6.257513 0.700000 1.760000
v -6.257513 -3.300000 2.040000
v -6.257513 0.700000 2.040000
v -6.500000 -3.300000 2.180000
v -6.500000 0.700000 2.180000
v -6.742487 -3.300000 2.040000
v -6.742487 0.700000 2.040000
v -6.742487 -3.300000 1.760000
v -6.742487 0.700000 1.760000
v -6.500000 -3.300000 -2.180000
v -6.500000 0.700000 -2.180000
v -6.257513 -3.300000 -2.040000
v -6.257513 0.700000 -2.040000
v -6.257513 -3.300000 -1.760000
v -6.257513 0.700000 -1.760000
v -6.500000 -3.300000 -1.620000
v -6.500000 0.700000 -1.620000
v -6.742487 -3.300000 -1.760000
v -6.742487 0.700000 -1.760000
v -6.742487 -3.300000 -2.040000
v -6.742487 0.700000 -2.040000
vn -0.9997 -0.0000 0.0233
vn -0.0233 -0.0000 -0.9997
vn 0.9997 -0.0000 -0.0233
vn 0.0233 -0.0000 0.9997
vn -0.0000 -1.0000 -0.0000
vn -0.0000 1.0000 -0.0000
vn -0.9995 -0.0000 0.0322
vn -0.0322 -0.0000 -0.9995
vn 0.9995 -0.0000 -0.0322
vn 0.0322 -0.0000 0.9995
vn -0.9993 -0.0000 -0.0364
vn 0.0364 -0.0000 -0.9993
vn 0.9993 -0.0000 0.0364
vn -0.0364 -0.0000 0.9993
vn -0.9998 -0.0000 0.0205
vn -0.0205 -0.0000 -0.9998
vn 0.9998 -0.0000 -0.0205
vn 0.0205 -0.0000 0.9998
vn -0.9998 -0.0000 -0.0206
vn 0.0206 -0.0000 -0.9998
vn 0.9998 -0.0000 0.0206
vn -0.0206 -0.0000 0.9998
vn -0.9989 -0.0000 0.0466
vn -0.0466 -0.0000 -0.9989
vn 0.9989 -0.0000 -0.0466
vn 0.0466 -0.0000 0.9989
vn -0.9995 -0.0000 -0.0316
vn 0.0316 -0.0000 -0.9995
vn 0.9995 -0.0000 0.0316
vn -0.0316 -0.0000 0.9995
vn -0.9990 -0.0000 0.0457
vn -0.0457 -0.0000 -0.9990
vn 0.9990 -0.0000 -0.0457
vn 0.0457 -0.0000 0.9990
vn -0.9987 -0.0000 -0.0518
vn 0.0518 -0.0000 -0.9987
vn 0.9987 -0.0000 0.0518
vn -0.0518 -0.0000 0.9987
vn -0.9991 -0.0000 -0.0412
vn 0.0412 -0.0000 -0.9991
vn 0.9991 -0.0000 0.0412
vn -0.0412 -0.0000 0.9991
vn -0.9994 -0.0000 -0.0338
vn 0.0338 -0.0000 -0.9994
vn 0.9994 -0.0000 0.0338
vn -0.0338 -0.0000 0.9994
vn -0.9989 -0.0000 -0.0460
vn 0.0460 -0.0000 -0.9989
vn 0.9989 -0.0000 0.0460
vn -0.0460 -0.0000 0.9989
vn -0.9995 -0.0000 -0.0319
vn 0.0319 -0.0000 -0.9995
vn 0.9995 -0.0000 0.0319
vn -0.0319 -0.0000 0.9995
vn -1.0000 -0.0000 -0.0007
vn 0.0007 -0.0000 -1.0000
vn 1.0000 -0.0000 0.0007
vn -0.0007 -0.0000 1.0000
vn -0.9990 -0.0000 0.0442
vn -0.0442 -0.0000 -0.9990
vn 0.9990 -0.0000 -0.0442
vn 0.0442 -0.0000 0.9990
vn -0.9997 -0.0000 -0.0236
vn 0.0236 -0.0000 -0.9997
vn 0.9997 -0.0000 0.0236
vn -0.0236 -0.0000 0.9997
vn -1.0000 -0.0000 0.0039
vn -0.0039 -0.0000 -1.0000
vn 1.0000 -0.0000 -0.0039
vn 0.0039 -0.0000 1.0000
vn 0.5000 -0.0000 -0.8660
vn 1.0000 -0.0000 -0.0000
vn 0.5000 -0.0000 0.8660
vn -0.5000 -0.0000 0.8660
vn -1.0000 -0.0000 -0.0000
vn -0.5000 -0.0000 -0.8660
vt 0.812500 0.437500
vt 0.687500 0.437500
s 0
usemtl Paleta
f 2051/8/3871 2052/8/3871 2054/8/3871 2053/8/3871
f 2053/8/3872 2054/8/3872 2058/8/3872 2057/8/3872
f 2057/8/3873 2058/8/3873 2056/8/3873 2055/8/3873
f 2055/8/3874 2056/8/3874 2052/8/3874 2051/8/3874
f 2053/8/3875 2057/8/3875 2055/8/3875 2051/8/3875
f 2058/8/3876 2054/8/3876 2052/8/3876 2056/8/3876
f 2059/9/3877 2060/9/3877 2062/9/3877 2061/9/3877
f 2061/9/3878 2062/9/3878 2066/9/3878 2065/9/3878
f 2065/9/3879 2066/9/3879 2064/9/3879 2063/9/3879
f 2063/9/3880 2064/9/3880 2060/9/3880 2059/9/3880
f 2061/9/3875 2065/9/3875 2063/9/3875 2059/9/3875
f 2066/9/3876 2062/9/3876 2060/9/3876 2064/9/3876
f 2067/8/3881 2068/8/3881 2070/8/3881 2069/8/3881
f 2069/8/3882 2070/8/3882 2074/8/3882 2073/8/3882
f 2073/8/3883 2074/8/3883 2072/8/3883 2071/8/3883
f 2071/8/3884 2072/8/3884 2068/8/3884 2067/8/3884
f 2069/8/3875 2073/8/3875 2071/8/3875 2067/8/3875
f 2074/8/3876 2070/8/3876 2068/8/3876 2072/8/3876
f 2075/9/3885 2076/9/3885 2078/9/3885 2077/9/3885
f 2077/9/3886 2078/9/3886 2082/9/3886 2081/9/3886
f 2081/9/3887 2082/9/3887 2080/9/3887 2079/9/3887
f 2079/9/3888 2080/9/3888 2076/9/3888 2075/9/3888
f 2077/9/3875 2081/9/3875 2079/9/3875 2075/9/3875
f 2082/9/3876 2078/9/3876 2076/9/3876 2080/9/3876
f 2083/8/3889 2084/8/3889 2086/8/3889 2085/8/3889
f 2085/8/3890 2086/8/3890 2090/8/3890 2089/8/3890
f 2089/8/3891 2090/8/3891 2088/8/3891 2087/8/3891
f 2087/8/3892 2088/8/3892 2084/8/3892 2083/8/3892
f 2085/8/3875 2089/8/3875 2087/8/3875 2083/8/3875
f 2090/8/3876 2086/8/3876 2084/8/3876 2088/8/3876
f 2091/9/3893 2092/9/3893 2094/9/3893 2093/9/3893
f 2093/9/3894 2094/9/3894 2098/9/3894 2097/9/3894
f 2097/9/3895 2098/9/3895 2096/9/3895 2095/9/3895
f 2095/9/3896 2096/9/3896 2092/9/3896 2091/9/3896
f 2093/9/3875 2097/9/3875 2095/9/3875 2091/9/3875
f 2098/9/3876 2094/9/3876 2092/9/3876 2096/9/3876
f 2099/8/3897 2100/8/3897 2102/8/3897 2101/8/3897
f 2101/8/3898 2102/8/3898 2106/8/3898 2105/8/3898
f 2105/8/3899 2106/8/3899 2104/8/3899 2103/8/3899
f 2103/8/3900 2104/8/3900 2100/8/3900 2099/8/3900
f 2101/8/3875 2105/8/3875 2103/8/3875 2099/8/3875
f 2106/8/3876 2102/8/3876 2100/8/3876 2104/8/3876
f 2107/9/3901 2108/9/3901 2110/9/3901 2109/9/3901
f 2109/9/3902 2110/9/3902 2114/9/3902 2113/9/3902
f 2113/9/3903 2114/9/3903 2112/9/3903 2111/9/3903
f 2111/9/3904 2112/9/3904 2108/9/3904 2107/9/3904
f 2109/9/3875 2113/9/3875 2111/9/3875 2107/9/3875
f 2114/9/3876 2110/9/3876 2108/9/3876 2112/9/3876
f 2115/8/3905 2116/8/3905 2118/8/3905 2117/8/3905
f 2117/8/3906 2118/8/3906 2122/8/3906 2121/8/3906
f 2121/8/3907 2122/8/3907 2120/8/3907 2119/8/3907
f 2119/8/3908 2120/8/3908 2116/8/3908 2115/8/3908
f 2117/8/3875 2121/8/3875 2119/8/3875 2115/8/3875
f 2122/8/3876 2118/8/3876 2116/8/3876 2120/8/3876
f 2123/9/3909 2124/9/3909 2126/9/3909 2125/9/3909
f 2125/9/3910 2126/9/3910 2130/9/3910 2129/9/3910
f 2129/9/3911 2130/9/3911 2128/9/3911 2127/9/3911
f 2127/9/3912 2128/9/3912 2124/9/3912 2123/9/3912
f 2125/9/3875 2129/9/3875 2127/9/3875 2123/9/3875
f 2130/9/3876 2126/9/3876 2124/9/3876 2128/9/3876
f 2131/8/3913 2132/8/3913 2134/8/3913 2133/8/3913
f 2133/8/3914 2134/8/3914 2138/8/3914 2137/8/3914
f 2137/8/3915 2138/8/3915 2136/8/3915 2135/8/3915
f 2135/8/3916 2136/8/3916 2132/8/3916 2131/8/3916
f 2133/8/3875 2137/8/3875 2135/8/3875 2131/8/3875
f 2138/8/3876 2134/8/3876 2132/8/3876 2136/8/3876
f 2139/9/3917 2140/9/3917 2142/9/3917 2141/9/3917
f 2141/9/3918 2142/9/3918 2146/9/3918 2145/9/3918
f 2145/9/3919 2146/9/3919 2144/9/3919 2143/9/3919
f 2143/9/3920 2144/9/3920 2140/9/3920 2139/9/3920
f 2141/9/3875 2145/9/3875 2143/9/3875 2139/9/3875
f 2146/9/3876 2142/9/3876 2140/9/3876 2144/9/3876
f 2147/8/3921 2148/8/3921 2150/8/3921 2149/8/3921
f 2149/8/3922 2150/8/3922 2154/8/3922 2153/8/3922
f 2153/8/3923 2154/8/3923 2152/8/3923 2151/8/3923
f 2151/8/3924 2152/8/3924 2148/8/3924 2147/8/3924
f 2149/8/3875 2153/8/3875 2151/8/3875 2147/8/3875
f 2154/8/3876 2150/8/3876 2148/8/3876 2152/8/3876
f 2155/9/3925 2156/9/3925 2158/9/3925 2157/9/3925
f 2157/9/3926 2158/9/3926 2162/9/3926 2161/9/3926
f 2161/9/3927 2162/9/3927 2160/9/3927 2159/9/3927
f 2159/9/3928 2160/9/3928 2156/9/3928 2155/9/3928
f 2157/9/3875 2161/9/3875 2159/9/3875 2155/9/3875
f 2162/9/3876 2158/9/3876 2156/9/3876 2160/9/3876
f 2163/8/3929 2164/8/3929 2166/8/3929 2165/8/3929
f 2165/8/3930 2166/8/3930 2170/8/3930 2169/8/3930
f 2169/8/3931 2170/8/3931 2168/8/3931 2167/8/3931
f 2167/8/3932 2168/8/3932 2164/8/3932 2163/8/3932
f 2165/8/3875 2169/8/3875 2167/8/3875 2163/8/3875
f 2170/8/3876 2166/8/3876 2164/8/3876 2168/8/3876
f 2171/9/3933 2172/9/3933 2174/9/3933 2173/9/3933
f 2173/9/3934 2174/9/3934 2178/9/3934 2177/9/3934
f 2177/9/3935 2178/9/3935 2176/9/3935 2175/9/3935
f 2175/9/3936 2176/9/3936 2172/9/3936 2171/9/3936
f 2173/9/3875 2177/9/3875 2175/9/3875 2171/9/3875
f 2178/9/3876 2174/9/3876 2172/9/3876 2176/9/3876
f 2179/8/3937 2180/8/3937 2182/8/3937 2181/8/3937
f 2181/8/3938 2182/8/3938 2186/8/3938 2185/8/3938
f 2185/8/3939 2186/8/3939 2184/8/3939 2183/8/3939
f 2183/8/3940 2184/8/3940 2180/8/3940 2179/8/3940
f 2181/8/3875 2185/8/3875 2183/8/3875 2179/8/3875
f 2186/8/3876 2182/8/3876 2180/8/3876 2184/8/3876
f 2187/9/3917 2188/9/3917 2190/9/3917 2189/9/3917
f 2189/9/3918 2190/9/3918 2194/9/3918 2193/9/3918
f 2193/9/3919 2194/9/3919 2192/9/3919 2191/9/3919
f 2191/9/3920 2192/9/3920 2188/9/3920 2187/9/3920
f 2189/9/3875 2193/9/3875 2191/9/3875 2187/9/3875
f 2194/9/3876 2190/9/3876 2188/9/3876 2192/9/3876
f 2195/8/3941 2196/8/3941 2198/8/3941 2197/8/3941
f 2197/8/3942 2198/8/3942 2200/8/3942 2199/8/3942
f 2199/8/3943 2200/8/3943 2202/8/3943 2201/8/3943
f 2201/8/3944 2202/8/3944 2204/8/3944 2203/8/3944
f 2198/8/3876 2196/8/3876 2206/8/3876 2204/8/3876 2202/8/3876 2200/8/3876
f 2203/8/3945 2204/8/3945 2206/8/3945 2205/8/3945
f 2205/8/3946 2206/8/3946 2196/8/3946 2195/8/3946
f 2195/8/3875 2197/8/3875 2199/8/3875 2201/8/3875 2203/8/3875 2205/8/3875
f 2207/8/3941 2208/8/3941 2210/8/3941 2209/8/3941
f 2209/8/3942 2210/8/3942 2212/8/3942 2211/8/3942
f 2211/8/3943 2212/8/3943 2214/8/3943 2213/8/3943
f 2213/8/3944 2214/8/3944 2216/8/3944 2215/8/3944
f 2210/8/3876 2208/8/3876 2218/8/3876 2216/8/3876 2214/8/3876 2212/8/3876
f 2215/8/3945 2216/8/3945 2218/8/3945 2217/8/3945
f 2217/8/3946 2218/8/3946 2208/8/3946 2207/8/3946
f 2207/8/3875 2209/8/3875 2211/8/3875 2213/8/3875 2215/8/3875 2217/8/3875
f 2219/8/3941 2220/8/3941 2222/8/3941 2221/8/3941
f 2221/8/3942 2222/8/3942 2224/8/3942 2223/8/3942
f 2223/8/3943 2224/8/3943 2226/8/3943 2225/8/3943
f 2225/8/3944 2226/8/3944 2228/8/3944 2227/8/3944
f 2222/8/3876 2220/8/3876 2230/8/3876 2228/8/3876 2226/8/3876 2224/8/3876
f 2227/8/3945 2228/8/3945 2230/8/3945 2229/8/3945
f 2229/8/3946 2230/8/3946 2220/8/3946 2219/8/3946
f 2219/8/3875 2221/8/3875 2223/8/3875 2225/8/3875 2227/8/3875 2229/8/3875
f 2231/8/3941 2232/8/3941 2234/8/3941 2233/8/3941
f 2233/8/3942 2234/8/3942 2236/8/3942 2235/8/3942
f 2235/8/3943 2236/8/3943 2238/8/3943 2237/8/3943
f 2237/8/3944 2238/8/3944 2240/8/3944 2239/8/3944
f 2234/8/3876 2232/8/3876 2242/8/3876 2240/8/3876 2238/8/3876 2236/8/3876
f 2239/8/3945 2240/8/3945 2242/8/3945 2241/8/3945
f 2241/8/3946 2242/8/3946 2232/8/3946 2231/8/3946
f 2231/8/3875 2233/8/3875 2235/8/3875 2237/8/3875 2239/8/3875 2241/8/3875
f 2243/8/3941 2244/8/3941 2246/8/3941 2245/8/3941
f 2245/8/3942 2246/8/3942 2248/8/3942 2247/8/3942
f 2247/8/3943 2248/8/3943 2250/8/3943 2249/8/3943
f 2249/8/3944 2250/8/3944 2252/8/3944 2251/8/3944
f 2246/8/3876 2244/8/3876 2254/8/3876 2252/8/3876 2250/8/3876 2248/8/3876
f 2251/8/3945 2252/8/3945 2254/8/3945 2253/8/3945
f 2253/8/3946 2254/8/3946 2244/8/3946 2243/8/3946
f 2243/8/3875 2245/8/3875 2247/8/3875 2249/8/3875 2251/8/3875 2253/8/3875
f 2255/8/3941 2256/8/3941 2258/8/3941 2257/8/3941
f 2257/8/3942 2258/8/3942 2260/8/3942 2259/8/3942
f 2259/8/3943 2260/8/3943 2262/8/3943 2261/8/3943
f 2261/8/3944 2262/8/3944 2264/8/3944 2263/8/3944
f 2258/8/3876 2256/8/3876 2266/8/3876 2264/8/3876 2262/8/3876 2260/8/3876
f 2263/8/3945 2264/8/3945 2266/8/3945 2265/8/3945
f 2265/8/3946 2266/8/3946 2256/8/3946 2255/8/3946
f 2255/8/3875 2257/8/3875 2259/8/3875 2261/8/3875 2263/8/3875 2265/8/3875
o Most2
v 6.027652 0.225000 2.058986
v 6.027652 0.475000 2.058986
v 6.022349 0.225000 -2.141010
v 6.022349 0.475000 -2.141010
v 6.977651 0.225000 2.057787
v 6.977651 0.475000 2.057787
v 6.972348 0.225000 -2.142210
v 6.972348 0.475000 -2.142210
v 7.075923 0.225000 2.128311
v 7.075923 0.475000 2.128311
v 7.269201 0.225000 -2.067239
v 7.269201 0.475000 -2.067239
v 8.024917 0.225000 2.172029
v 8.024917 0.475000 2.172029
v 8.218195 0.225000 -2.023521
v 8.218195 0.475000 -2.023521
v 8.242859 0.225000 2.109776
v 8.242859 0.475000 2.109776
v 8.396008 0.225000 -2.087431
v 8.396008 0.475000 -2.087431
v 9.192227 0.225000 2.144416
v 9.192227 0.475000 2.144416
v 9.345377 0.225000 -2.052791
v 9.345377 0.475000 -2.052791
v 9.420092 0.225000 2.075840
v 9.420092 0.475000 2.075840
v 9.512491 0.225000 -2.123144
v 9.512491 0.475000 -2.123144
v 10.369862 0.225000 2.096740
v 10.369862 0.475000 2.096740
v 10.462261 0.225000 -2.102244
v 10.462261 0.475000 -2.102244
v 10.505998 0.225000 2.078979
v 10.505998 0.475000 2.078979
v 10.721726 0.225000 -2.115477
v 10.721726 0.475000 -2.115477
v 11.454743 0.225000 2.127774
v 11.454743 0.475000 2.127774
v 11.670472 0.225000 -2.066681
v 11.670472 0.475000 -2.066681
v 11.749433 0.225000 2.175027
v 11.749433 0.475000 2.175027
v 11.771170 0.225000 -2.024917
v 11.771170 0.475000 -2.024917
v 12.699419 0.225000 2.179944
v 12.699419 0.475000 2.179944
v 12.721156 0.225000 -2.020000
v 12.721156 0.475000 -2.020000
v 12.876152 0.225000 2.124592
v 12.876152 0.475000 2.124592
v 12.938659 0.225000 -2.074943
v 12.938659 0.475000 -2.074943
v 13.826047 0.225000 2.138731
v 13.826047 0.475000 2.138731
v 13.888554 0.225000 -2.060804
v 13.888554 0.475000 -2.060804
v 14.110479 0.225000 2.077293
v 14.110479 0.475000 2.077293
v 13.998680 0.225000 -2.121218
v 13.998680 0.475000 -2.121218
v 15.060143 0.225000 2.052005
v 15.060143 0.475000 2.052005
v 14.948343 0.225000 -2.146506
v 14.948343 0.475000 -2.146506
v 15.147655 0.225000 2.077157
v 15.147655 0.475000 2.077157
v 15.255601 0.225000 -2.121455
v 15.255601 0.475000 -2.121455
v 16.097340 0.225000 2.101574
v 16.097340 0.475000 2.101574
v 16.205288 0.225000 -2.097038
v 16.205288 0.475000 -2.097038
v 16.289322 0.225000 2.043625
v 16.289322 0.475000 2.043625
v 16.408117 0.225000 -2.154694
v 16.408117 0.475000 -2.154694
v 17.238943 0.225000 2.070496
v 17.238943 0.475000 2.070496
v 17.357738 0.225000 -2.127824
v 17.357738 0.475000 -2.127824
v 17.399754 0.225000 2.108788
v 17.399754 0.475000 2.108788
v 17.592422 0.225000 -2.086790
v 17.592422 0.475000 -2.086790
v 18.348755 0.225000 2.152368
v 18.348755 0.475000 2.152368
v 18.541424 0.225000 -2.043210
v 18.541424 0.475000 -2.043210
v 18.701698 0.225000 2.135004
v 18.701698 0.475000 2.135004
v 18.583969 0.225000 -2.063346
v 18.583969 0.475000 -2.063346
v 19.651325 0.225000 2.108374
v 19.651325 0.475000 2.108374
v 19.533596 0.225000 -2.089975
v 19.533596 0.475000 -2.089975
v 19.724274 0.225000 2.050350
v 19.724274 0.475000 2.050350
v 19.855602 0.225000 -2.147596
v 19.855602 0.475000 -2.147596
v 20.673809 0.225000 2.080055
v 20.673809 0.475000 2.080055
v 20.805138 0.225000 -2.117891
v 20.805138 0.475000 -2.117891
v 20.887527 0.225000 2.153437
v 20.887527 0.475000 2.153437
v 20.986263 0.225000 -2.045403
v 20.986263 0.475000 -2.045403
v 21.837265 0.225000 2.175770
v 21.837265 0.475000 2.175770
v 21.936001 0.225000 -2.023069
v 21.936001 0.475000 -2.023069
v 22.075115 0.225000 2.167088
v 22.075115 0.475000 2.167088
v 22.092537 0.225000 -2.032876
v 22.092537 0.475000 -2.032876
v 23.025106 0.225000 2.171029
v 23.025106 0.475000 2.171029
v 23.042530 0.225000 -2.028935
v 23.042530 0.475000 -2.028935
v 23.276770 0.225000 2.197348
v 23.276770 0.475000 2.197348
v 23.185223 0.225000 -2.001654
v 23.185223 0.475000 -2.001654
v 24.226543 0.225000 2.176640
v 24.226543 0.475000 2.176640
v 24.134996 0.225000 -2.022362
v 24.134996 0.475000 -2.022362
v 24.426842 0.225000 2.080654
v 24.426842 0.475000 2.080654
v 24.329296 0.225000 -2.118213
v 24.329296 0.475000 -2.118213
v 25.376587 0.225000 2.058590
v 25.376587 0.475000 2.058590
v 25.279041 0.225000 -2.140277
v 25.279041 0.475000 -2.140277
v 25.522713 0.225000 2.008519
v 25.522713 0.475000 2.008519
v 25.527287 0.225000 -2.191479
v 25.527287 0.475000 -2.191479
v 26.472713 0.225000 2.009553
v 26.472713 0.475000 2.009553
v 26.477287 0.225000 -2.190444
v 26.477287 0.475000 -2.190444
v 6.500000 -3.300000 1.620000
v 6.500000 0.700000 1.620000
v 6.742487 -3.300000 1.760000
v 6.742487 0.700000 1.760000
v 6.742487 -3.300000 2.040000
v 6.742487 0.700000 2.040000
v 6.500000 -3.300000 2.180000
v 6.500000 0.700000 2.180000
v 6.257513 -3.300000 2.040000
v 6.257513 0.700000 2.040000
v 6.257513 -3.300000 1.760000
v 6.257513 0.700000 1.760000
v 6.500000 -3.300000 -2.180000
v 6.500000 0.700000 -2.180000
v 6.742487 -3.300000 -2.040000
v 6.742487 0.700000 -2.040000
v 6.742487 -3.300000 -1.760000
v 6.742487 0.700000 -1.760000
v 6.500000 -3.300000 -1.620000
v 6.500000 0.700000 -1.620000
v 6.257513 -3.300000 -1.760000
v 6.257513 0.700000 -1.760000
v 6.257513 -3.300000 -2.040000
v 6.257513 0.700000 -2.040000
v 16.250000 -3.300000 1.620000
v 16.250000 0.700000 1.620000
v 16.492487 -3.300000 1.760000
v 16.492487 0.700000 1.760000
v 16.492487 -3.300000 2.040000
v 16.492487 0.700000 2.040000
v 16.250000 -3.300000 2.180000
v 16.250000 0.700000 2.180000
v 16.007513 -3.300000 2.040000
v 16.007513 0.700000 2.040000
v 16.007513 -3.300000 1.760000
v 16.007513 0.700000 1.760000
v 16.250000 -3.300000 -2.180000
v 16.250000 0.700000 -2.180000
v 16.492487 -3.300000 -2.040000
v 16.492487 0.700000 -2.040000
v 16.492487 -3.300000 -1.760000
v 16.492487 0.700000 -1.760000
v 16.250000 -3.300000 -1.620000
v 16.250000 0.700000 -1.620000
v 16.007513 -3.300000 -1.760000
v 16.007513 0.700000 -1.760000
v 16.007513 -3.300000 -2.040000
v 16.007513 0.700000 -2.040000
v 26.000000 -3.300000 1.620000
v 26.000000 0.700000 1.620000
v 26.242487 -3.300000 1.760000
v 26.242487 0.700000 1.760000
v 26.242487 -3.300000 2.040000
v 26.242487 0.700000 2.040000
v 26.000000 -3.300000 2.180000
v 26.000000 0.700000 2.180000
v 25.757513 -3.300000 2.040000
v 25.757513 0.700000 2.040000
v 25.757513 -3.300000 1.760000
v 25.757513 0.700000 1.760000
v 26.000000 -3.300000 -2.180000
v 26.000000 0.700000 -2.180000
v 26.242487 -3.300000 -2.040000
v 26.242487 0.700000 -2.040000
v 26.242487 -3.300000 -1.760000
v 26.242487 0.700000 -1.760000
v 26.000000 -3.300000 -1.620000
v 26.000000 0.700000 -1.620000
v 25.757513 -3.300000 -1.760000
v 25.757513 0.700000 -1.760000
v 25.757513 -3.300000 -2.040000
v 25.757513 0.700000 -2.040000
vn -1.0000 -0.0000 0.0013
vn -0.0013 -0.0000 -1.0000
vn 1.0000 -0.0000 -0.0013
vn 0.0013 -0.0000 1.0000
vn -0.0000 -1.0000 -0.0000
vn -0.0000 1.0000 -0.0000
vn -0.9989 -0.0000 -0.0460
vn 0.0460 -0.0000 -0.9989
vn 0.9989 -0.0000 0.0460
vn -0.0460 -0.0000 0.9989
vn -0.9993 -0.0000 -0.0365
vn 0.0365 -0.0000 -0.9993
vn 0.9993 -0.0000 0.0365
vn -0.0365 -0.0000 0.9993
vn -0.9998 -0.0000 -0.0220
vn 0.0220 -0.0000 -0.9998
vn 0.9998 -0.0000 0.0220
vn -0.0220 -0.0000 0.9998
vn -0.9987 -0.0000 -0.0514
vn 0.0514 -0.0000 -0.9987
vn 0.9987 -0.0000 0.0514
vn -0.0514 -0.0000 0.9987
vn -1.0000 -0.0000 -0.0052
vn 0.0052 -0.0000 -1.0000
vn 1.0000 -0.0000 0.0052
vn -0.0052 -0.0000 1.0000
vn -0.9999 -0.0000 -0.0149
vn 0.0149 -0.0000 -0.9999
vn 0.9999 -0.0000 0.0149
vn -0.0149 -0.0000 0.9999
vn -0.9996 -0.0000 0.0266
vn -0.0266 -0.0000 -0.9996
vn 0.9996 -0.0000 -0.0266
vn 0.0266 -0.0000 0.9996
vn -0.9997 -0.0000 -0.0257
vn 0.0257 -0.0000 -0.9997
vn 0.9997 -0.0000 0.0257
vn -0.0257 -0.0000 0.9997
vn -0.9996 -0.0000 -0.0283
vn 0.0283 -0.0000 -0.9996
vn 0.9996 -0.0000 0.0283
vn -0.0283 -0.0000 0.9996
vn -0.9989 -0.0000 -0.0459
vn 0.0459 -0.0000 -0.9989
vn 0.9989 -0.0000 0.0459
vn -0.0459 -0.0000 0.9989
vn -0.9996 -0.0000 0.0280
vn -0.0280 -0.0000 -0.9996
vn 0.9996 -0.0000 -0.0280
vn 0.0280 -0.0000 0.9996
vn -0.9995 -0.0000 -0.0313
vn 0.0313 -0.0000 -0.9995
vn 0.9995 -0.0000 0.0313
vn -0.0313 -0.0000 0.9995
vn -0.9997 -0.0000 -0.0235
vn 0.0235 -0.0000 -0.9997
vn 0.9997 -0.0000 0.0235
vn -0.0235 -0.0000 0.9997
vn -1.0000 -0.0000 -0.0041
vn 0.0041 -0.0000 -1.0000
vn 1.0000 -0.0000 0.0041
vn -0.0041 -0.0000 1.0000
vn -0.9998 -0.0000 0.0218
vn -0.0218 -0.0000 -0.9998
vn 0.9998 -0.0000 -0.0218
vn 0.0218 -0.0000 0.9998
vn -0.9997 -0.0000 0.0232
vn -0.0232 -0.0000 -0.9997
vn 0.9997 -0.0000 -0.0232
vn 0.0232 -0.0000 0.9997
vn -1.0000 -0.0000 -0.0011
vn 0.0011 -0.0000 -1.0000
vn 1.0000 -0.0000 0.0011
vn -0.0011 -0.0000 1.0000
vn 0.5000 -0.0000 -0.8660
vn 1.0000 -0.0000 -0.0000
vn 0.5000 -0.0000 0.8660
vn -0.5000 -0.0000 0.8660
vn -1.0000 -0.0000 -0.0000
vn -0.5000 -0.0000 -0.8660
vt 0.812500 0.437500
vt 0.687500 0.437500
s 0
usemtl Paleta
f 2267/10/3947 2268/10/3947 2270/10/3947 2269/10/3947
f 2269/10/3948 2270/10/3948 2274/10/3948 2273/10/3948
f 2273/10/3949 2274/10/3949 2272/10/3949 2271/10/3949
f 2271/10/3950 2272/10/3950 2268/10/3950 2267/10/3950
f 2269/10/3951 2273/10/3951 2271/10/3951 2267/10/3951
f 2274/10/3952 2270/10/3952 2268/10/3952 2272/10/3952
f 2275/11/3953 2276/11/3953 2278/11/3953 2277/11/3953
f 2277/11/3954 2278/11/3954 2282/11/3954 2281/11/3954
f 2281/11/3955 2282/11/3955 2280/11/3955 2279/11/3955
f 2279/11/3956 2280/11/3956 2276/11/3956 2275/11/3956
f 2277/11/3951 2281/11/3951 2279/11/3951 2275/11/3951
f 2282/11/3952 2278/11/3952 2276/11/3952 2280/11/3952
f 2283/10/3957 2284/10/3957 2286/10/3957 2285/10/3957
f 2285/10/3958 2286/10/3958 2290/10/3958 2289/10/3958
f 2289/10/3959 2290/10/3959 2288/10/3959 2287/10/3959
f 2287/10/3960 2288/10/3960 2284/10/3960 2283/10/3960
f 2285/10/3951 2289/10/3951 2287/10/3951 2283/10/3951
f 2290/10/3952 2286/10/3952 2284/10/3952 2288/10/3952
f 2291/11/3961 2292/11/3961 2294/11/3961 2293/11/3961
f 2293/11/3962 2294/11/3962 2298/11/3962 2297/11/3962
f 2297/11/3963 2298/11/3963 2296/11/3963 2295/11/3963
f 2295/11/3964 2296/11/3964 2292/11/3964 2291/11/3964
f 2293/11/3951 2297/11/3951 2295/11/3951 2291/11/3951
f 2298/11/3952 2294/11/3952 2292/11/3952 2296/11/3952
f 2299/10/3965 2300/10/3965 2302/10/3965 2301/10/3965
f 2301/10/3966 2302/10/3966 2306/10/3966 2305/10/3966
f 2305/10/3967 2306/10/3967 2304/10/3967 2303/10/3967
f 2303/10/3968 2304/10/3968 2300/10/3968 2299/10/3968
f 2301/10/3951 2305/10/3951 2303/10/3951 2299/10/3951
f 2306/10/3952 2302/10/3952 2300/10/3952 2304/10/3952
f 2307/11/3969 2308/11/3969 2310/11/3969 2309/11/3969
f 2309/11/3970 2310/11/3970 2314/11/3970 2313/11/3970
f 2313/11/3971 2314/11/3971 2312/11/3971 2311/11/3971
f 2311/11/3972 2312/11/3972 2308/11/3972 2307/11/3972
f 2309/11/3951 2313/11/3951 2311/11/3951 2307/11/3951
f 2314/11/3952 2310/11/3952 2308/11/3952 2312/11/3952
f 2315/10/3973 2316/10/3973 2318/10/3973 2317/10/3973
f 2317/10/3974 2318/10/3974 2322/10/3974 2321/10/3974
f 2321/10/3975 2322/10/3975 2320/10/3975 2319/10/3975
f 2319/10/3976 2320/10/3976 2316/10/3976 2315/10/3976
f 2317/10/3951 2321/10/3951 2319/10/3951 2315/10/3951
f 2322/10/3952 2318/10/3952 2316/10/3952 2320/10/3952
f 2323/11/3977 2324/11/3977 2326/11/3977 2325/11/3977
f 2325/11/3978 2326/11/3978 2330/11/3978 2329/11/3978
f 2329/11/3979 2330/11/3979 2328/11/3979 2327/11/3979
f 2327/11/3980 2328/11/3980 2324/11/3980 2323/11/3980
f 2325/11/3951 2329/11/3951 2327/11/3951 2323/11/3951
f 2330/11/3952 2326/11/3952 2324/11/3952 2328/11/3952
f 2331/10/3981 2332/10/3981 2334/10/3981 2333/10/3981
f 2333/10/3982 2334/10/3982 2338/10/3982 2337/10/3982
f 2337/10/3983 2338/10/3983 2336/10/3983 2335/10/3983
f 2335/10/3984 2336/10/3984 2332/10/3984 2331/10/3984
f 2333/10/3951 2337/10/3951 2335/10/3951 2331/10/3951
f 2338/10/3952 2334/10/3952 2332/10/3952 2336/10/3952
f 2339/11/3985 2340/11/3985 2342/11/3985 2341/11/3985
f 2341/11/3986 2342/11/3986 2346/11/3986 2345/11/3986
f 2345/11/3987 2346/11/3987 2344/11/3987 2343/11/3987
f 2343/11/3988 2344/11/3988 2340/11/3988 2339/11/3988
f 2341/11/3951 2345/11/3951 2343/11/3951 2339/11/3951
f 2346/11/3952 2342/11/3952 2340/11/3952 2344/11/3952
f 2347/10/3989 2348/10/3989 2350/10/3989 2349/10/3989
f 2349/10/3990 2350/10/3990 2354/10/3990 2353/10/3990
f 2353/10/3991 2354/10/3991 2352/10/3991 2351/10/3991
f 2351/10/3992 2352/10/3992 2348/10/3992 2347/10/3992
f 2349/10/3951 2353/10/3951 2351/10/3951 2347/10/3951
f 2354/10/3952 2350/10/3952 2348/10/3952 2352/10/3952
f 2355/11/3993 2356/11/3993 2358/11/3993 2357/11/3993
f 2357/11/3994 2358/11/3994 2362/11/3994 2361/11/3994
f 2361/11/3995 2362/11/3995 2360/11/3995 2359/11/3995
f 2359/11/3996 2360/11/3996 2356/11/3996 2355/11/3996
f 2357/11/3951 2361/11/3951 2359/11/3951 2355/11/3951
f 2362/11/3952 2358/11/3952 2356/11/3952 2360/11/3952
f 2363/10/3997 2364/10/3997 2366/10/3997 2365/10/3997
f 2365/10/3998 2366/10/3998 2370/10/3998 2369/10/3998
f 2369/10/3999 2370/10/3999 2368/10/3999 2367/10/3999
f 2367/10/4000 2368/10/4000 2364/10/4000 2363/10/4000
f 2365/10/3951 2369/10/3951 2367/10/3951 2363/10/3951
f 2370/10/3952 2366/10/3952 2364/10/3952 2368/10/3952
f 2371/11/4001 2372/11/4001 2374/11/4001 2373/11/4001
f 2373/11/4002 2374/11/4002 2378/11/4002 2377/11/4002
f 2377/11/4003 2378/11/4003 2376/11/4003 2375/11/4003
f 2375/11/4004 2376/11/4004 2372/11/4004 2371/11/4004
f 2373/11/3951 2377/11/3951 2375/11/3951 2371/11/3951
f 2378/11/3952 2374/11/3952 2372/11/3952 2376/11/3952
f 2379/10/4005 2380/10/4005 2382/10/4005 2381/10/4005
f 2381/10/4006 2382/10/4006 2386/10/4006 2385/10/4006
f 2385/10/4007 2386/10/4007 2384/10/4007 2383/10/4007
f 2383/10/4008 2384/10/4008 2380/10/4008 2379/10/4008
f 2381/10/3951 2385/10/3951 2383/10/3951 2379/10/3951
f 2386/10/3952 2382/10/3952 2380/10/3952 2384/10/3952
f 2387/11/4009 2388/11/4009 2390/11/4009 2389/11/4009
f 2389/11/4010 2390/11/4010 2394/11/4010 2393/11/4010
f 2393/11/4011 2394/11/4011 2392/11/4011 2391/11/4011
f 2391/11/4012 2392/11/4012 2388/11/4012 2387/11/4012
f 2389/11/3951 2393/11/3951 2391/11/3951 2387/11/3951
f 2394/11/3952 2390/11/3952 2388/11/3952 2392/11/3952
f 2395/10/4013 2396/10/4013 2398/10/4013 2397/10/4013
f 2397/10/4014 2398/10/4014 2402/10/4014 2401/10/4014
f 2401/10/4015 2402/10/4015 2400/10/4015 2399/10/4015
f 2399/10/4016 2400/10/4016 2396/10/4016 2395/10/4016
f 2397/10/3951 2401/10/3951 2399/10/3951 2395/10/3951
f 2402/10/3952 2398/10/3952 2396/10/3952 2400/10/3952
f 2403/11/4017 2404/11/4017 2406/11/4017 2405/11/4017
f 2405/11/4018 2406/11/4018 2410/11/4018 2409/11/4018
f 2409/11/4019 2410/11/4019 2408/11/4019 2407/11/4019
f 2407/11/4020 2408/11/4020 2404/11/4020 2403/11/4020
f 2405/11/3951 2409/11/3951 2407/11/3951 2403/11/3951
f 2410/11/3952 2406/11/3952 2404/11/3952 2408/11/3952
f 2411/10/4021 2412/10/4021 2414/10/4021 2413/10/4021
f 2413/10/4022 2414/10/4022 2416/10/4022 2415/10/4022
f 2415/10/4023 2416/10/4023 2418/10/4023 2417/10/4023
f 2417/10/4024 2418/10/4024 2420/10/4024 2419/10/4024
f 2414/10/3952 2412/10/3952 2422/10/3952 2420/10/3952 2418/10/3952 2416/10/3952
f 2419/10/4025 2420/10/4025 2422/10/4025 2421/10/4025
f 2421/10/4026 2422/10/4026 2412/10/4026 2411/10/4026
f 2411/10/3951 2413/10/3951 2415/10/3951 2417/10/3951 2419/10/3951 2421/10/3951
f 2423/10/4021 2424/10/4021 2426/10/4021 2425/10/4021
f 2425/10/4022 2426/10/4022 2428/10/4022 2427/10/4022
f 2427/10/4023 2428/10/4023 2430/10/4023 2429/10/4023
f 2429/10/4024 2430/10/4024 2432/10/4024 2431/10/4024
f 2426/10/3952 2424/10/3952 2434/10/3952 2432/10/3952 2430/10/3952 2428/10/3952
f 2431/10/4025 2432/10/4025 2434/10/4025 2433/10/4025
f 2433/10/4026 2434/10/4026 2424/10/4026 2423/10/4026
f 2423/10/3951 2425/10/3951 2427/10/3951 2429/10/3951 2431/10/3951 2433/10/3951
f 2435/10/4021 2436/10/4021 2438/10/4021 2437/10/4021
f 2437/10/4022 2438/10/4022 2440/10/4022 2439/10/4022
f 2439/10/4023 2440/10/4023 2442/10/4023 2441/10/4023
f 2441/10/4024 2442/10/4024 2444/10/4024 2443/10/4024
f 2438/10/3952 2436/10/3952 2446/10/3952 2444/10/3952 2442/10/3952 2440/10/3952
f 2443/10/4025 2444/10/4025 2446/10/4025 2445/10/4025
f 2445/10/4026 2446/10/4026 2436/10/4026 2435/10/4026
f 2435/10/3951 2437/10/3951 2439/10/3951 2441/10/3951 2443/10/3951 2445/10/3951
f 2447/10/4021 2448/10/4021 2450/10/4021 2449/10/4021
f 2449/10/4022 2450/10/4022 2452/10/4022 2451/10/4022
f 2451/10/4023 2452/10/4023 2454/10/4023 2453/10/4023
f 2453/10/4024 2454/10/4024 2456/10/4024 2455/10/4024
f 2450/10/3952 2448/10/3952 2458/10/3952 2456/10/3952 2454/10/3952 2452/10/3952
f 2455/10/4025 2456/10/4025 2458/10/4025 2457/10/4025
f 2457/10/4026 2458/10/4026 2448/10/4026 2447/10/4026
f 2447/10/3951 2449/10/3951 2451/10/3951 2453/10/3951 2455/10/3951 2457/10/3951
f 2459/10/4021 2460/10/4021 2462/10/4021 2461/10/4021
f 2461/10/4022 2462/10/4022 2464/10/4022 2463/10/4022
f 2463/10/4023 2464/10/4023 2466/10/4023 2465/10/4023
f 2465/10/4024 2466/10/4024 2468/10/4024 2467/10/4024
f 2462/10/3952 2460/10/3952 2470/10/3952 2468/10/3952 2466/10/3952 2464/10/3952
f 2467/10/4025 2468/10/4025 2470/10/4025 2469/10/4025
f 2469/10/4026 2470/10/4026 2460/10/4026 2459/10/4026
f 2459/10/3951 2461/10/3951 2463/10/3951 2465/10/3951 2467/10/3951 2469/10/3951
f 2471/10/4021 2472/10/4021 2474/10/4021 2473/10/4021
f 2473/10/4022 2474/10/4022 2476/10/4022 2475/10/4022
f 2475/10/4023 2476/10/4023 2478/10/4023 2477/10/4023
f 2477/10/4024 2478/10/4024 2480/10/4024 2479/10/4024
f 2474/10/3952 2472/10/3952 2482/10/3952 2480/10/3952 2478/10/3952 2476/10/3952
f 2479/10/4025 2480/10/4025 2482/10/4025 2481/10/4025
f 2481/10/4026 2482/10/4026 2472/10/4026 2471/10/4026
f 2471/10/3951 2473/10/3951 2475/10/3951 2477/10/3951 2479/10/3951 2481/10/3951
o MysteryBox1
v -1.900000 0.295044 1.900000
v -1.900000 4.095044 1.900000
v -1.900000 0.295044 -1.900000
v -1.900000 4.095044 -1.900000
v 1.900000 0.295044 1.900000
v 1.900000 4.095044 1.900000
v 1.900000 0.295044 -1.900000
v 1.900000 4.095044 -1.900000
v 1.725000 0.245044 -1.725000
v 1.725000 4.145044 -1.725000
v 1.725000 0.245044 -2.075000
v 1.725000 4.145044 -2.075000
v 2.075000 0.245044 -1.725000
v 2.075000 4.145044 -1.725000
v 2.075000 0.245044 -2.075000
v 2.075000 4.145044 -2.075000
v 1.725000 0.245044 2.075000
v 1.725000 4.145044 2.075000
v 1.725000 0.245044 1.725000
v 1.725000 4.145044 1.725000
v 2.075000 0.245044 2.075000
v 2.075000 4.145044 2.075000
v 2.075000 0.245044 1.725000
v 2.075000 4.145044 1.725000
v -2.075000 0.245044 -1.725000
v -2.075000 4.145044 -1.725000
v -2.075000 0.245044 -2.075000
v -2.075000 4.145044 -2.075000
v -1.725000 0.245044 -1.725000
v -1.725000 4.145044 -1.725000
v -1.725000 0.245044 -2.075000
v -1.725000 4.145044 -2.075000
v -2.075000 0.245044 2.075000
v -2.075000 4.145044 2.075000
v -2.075000 0.245044 1.725000
v -2.075000 4.145044 1.725000
v -1.725000 0.245044 2.075000
v -1.725000 4.145044 2.075000
v -1.725000 0.245044 1.725000
v -1.725000 4.145044 1.725000
v -1.950000 0.120044 -1.675000
v -1.950000 0.470044 -1.675000
v -1.950000 0.120044 -2.125000
v -1.950000 0.470044 -2.125000
v 1.950000 0.120044 -1.675000
v 1.950000 0.470044 -1.675000
v 1.950000 0.120044 -2.125000
v 1.950000 0.470044 -2.125000
v -1.950000 0.120044 2.125000
v -1.950000 0.470044 2.125000
v -1.950000 0.120044 1.675000
v -1.950000 0.470044 1.675000
v 1.950000 0.120044 2.125000
v 1.950000 0.470044 2.125000
v 1.950000 0.120044 1.675000
v 1.950000 0.470044 1.675000
v 1.675000 0.120044 1.950000
v 1.675000 0.470044 1.950000
v 1.675000 0.120044 -1.950000
v 1.675000 0.470044 -1.950000
v 2.125000 0.120044 1.950000
v 2.125000 0.470044 1.950000
v 2.125000 0.120044 -1.950000
v 2.125000 0.470044 -1.950000
v -2.125000 0.120044 1.950000
v -2.125000 0.470044 1.950000
v -2.125000 0.120044 -1.950000
v -2.125000 0.470044 -1.950000
v -1.675000 0.120044 1.950000
v -1.675000 0.470044 1.950000
v -1.675000 0.120044 -1.950000
v -1.675000 0.470044 -1.950000
v -1.950000 3.920044 -1.675000
v -1.950000 4.270044 -1.675000
v -1.950000 3.920044 -2.125000
v -1.950000 4.270044 -2.125000
v 1.950000 3.920044 -1.675000
v 1.950000 4.270044 -1.675000
v 1.950000 3.920044 -2.125000
v 1.950000 4.270044 -2.125000
v -1.950000 3.920044 2.125000
v -1.950000 4.270044 2.125000
v -1.950000 3.920044 1.675000
v -1.950000 4.270044 1.675000
v 1.950000 3.920044 2.125000
v 1.950000 4.270044 2.125000
v 1.950000 3.920044 1.675000
v 1.950000 4.270044 1.675000
v 1.675000 3.920044 1.950000
v 1.675000 4.270044 1.950000
v 1.675000 3.920044 -1.950000
v 1.675000 4.270044 -1.950000
v 2.125000 3.920044 1.950000
v 2.125000 4.270044 1.950000
v 2.125000 3.920044 -1.950000
v 2.125000 4.270044 -1.950000
v -2.125000 3.920044 1.950000
v -2.125000 4.270044 1.950000
v -2.125000 3.920044 -1.950000
v -2.125000 4.270044 -1.950000
v -1.675000 3.920044 1.950000
v -1.675000 4.270044 1.950000
v -1.675000 3.920044 -1.950000
v -1.675000 4.270044 -1.950000
v -0.534375 2.788794 1.970000
v -0.534375 3.073794 1.970000
v -0.534375 2.788794 1.890000
v -0.534375 3.073794 1.890000
v 0.534375 2.788794 1.970000
v 0.534375 3.073794 1.970000
v 0.534375 2.788794 1.890000
v 0.534375 3.073794 1.890000
v -0.570000 2.551294 1.970000
v -0.570000 2.907544 1.970000
v -0.570000 2.551294 1.890000
v -0.570000 2.907544 1.890000
v -0.285000 2.551294 1.970000
v -0.285000 2.907544 1.970000
v -0.285000 2.551294 1.890000
v -0.285000 2.907544 1.890000
v 0.285000 2.230669 1.970000
v 0.285000 2.943169 1.970000
v 0.285000 2.230669 1.890000
v 0.285000 2.943169 1.890000
v 0.570000 2.230669 1.970000
v 0.570000 2.943169 1.970000
v 0.570000 2.230669 1.890000
v 0.570000 2.943169 1.890000
v -0.154375 2.111919 1.970000
v -0.154375 2.396919 1.970000
v -0.154375 2.111919 1.890000
v -0.154375 2.396919 1.890000
v 0.439375 2.111919 1.970000
v 0.439375 2.396919 1.970000
v 0.439375 2.111919 1.890000
v 0.439375 2.396919 1.890000
v -0.142500 1.696294 1.970000
v -0.142500 2.171294 1.970000
v -0.142500 1.696294 1.890000
v -0.142500 2.171294 1.890000
v 0.142500 1.696294 1.970000
v 0.142500 2.171294 1.970000
v 0.142500 1.696294 1.890000
v 0.142500 2.171294 1.890000
v -0.154375 1.256919 1.970000
v -0.154375 1.565669 1.970000
v -0.154375 1.256919 1.890000
v -0.154375 1.565669 1.890000
v 0.154375 1.256919 1.970000
v 0.154375 1.565669 1.970000
v 0.154375 1.256919 1.890000
v 0.154375 1.565669 1.890000
v -0.534375 2.788794 -1.890000
v -0.534375 3.073794 -1.890000
v -0.534375 2.788794 -1.970000
v -0.534375 3.073794 -1.970000
v 0.534375 2.788794 -1.890000
v 0.534375 3.073794 -1.890000
v 0.534375 2.788794 -1.970000
v 0.534375 3.073794 -1.970000
v -0.570000 2.551294 -1.890000
v -0.570000 2.907544 -1.890000
v -0.570000 2.551294 -1.970000
v -0.570000 2.907544 -1.970000
v -0.285000 2.551294 -1.890000
v -0.285000 2.907544 -1.890000
v -0.285000 2.551294 -1.970000
v -0.285000 2.907544 -1.970000
v 0.285000 2.230669 -1.890000
v 0.285000 2.943169 -1.890000
v 0.285000 2.230669 -1.970000
v 0.285000 2.943169 -1.970000
v 0.570000 2.230669 -1.890000
v 0.570000 2.943169 -1.890000
v 0.570000 2.230669 -1.970000
v 0.570000 2.943169 -1.970000
v -0.154375 2.111919 -1.890000
v -0.154375 2.396919 -1.890000
v -0.154375 2.111919 -1.970000
v -0.154375 2.396919 -1.970000
v 0.439375 2.111919 -1.890000
v 0.439375 2.396919 -1.890000
v 0.439375 2.111919 -1.970000
v 0.439375 2.396919 -1.970000
v -0.142500 1.696294 -1.890000
v -0.142500 2.171294 -1.890000
v -0.142500 1.696294 -1.970000
v -0.142500 2.171294 -1.970000
v 0.142500 1.696294 -1.890000
v 0.142500 2.171294 -1.890000
v 0.142500 1.696294 -1.970000
v 0.142500 2.171294 -1.970000
v -0.154375 1.256919 -1.890000
v -0.154375 1.565669 -1.890000
v -0.154375 1.256919 -1.970000
v -0.154375 1.565669 -1.970000
v 0.154375 1.256919 -1.890000
v 0.154375 1.565669 -1.890000
v 0.154375 1.256919 -1.970000
v 0.154375 1.565669 -1.970000
v 1.970000 2.788794 0.534375
v 1.970000 3.073794 0.534375
v 1.890000 2.788794 0.534375
v 1.890000 3.073794 0.534375
v 1.970000 2.788794 -0.534375
v 1.970000 3.073794 -0.534375
v 1.890000 2.788794 -0.534375
v 1.890000 3.073794 -0.534375
v 1.970000 2.551294 0.570000
v 1.970000 2.907544 0.570000
v 1.890000 2.551294 0.570000
v 1.890000 2.907544 0.570000
v 1.970000 2.551294 0.285000
v 1.970000 2.907544 0.285000
v 1.890000 2.551294 0.285000
v 1.890000 2.907544 0.285000
v 1.970000 2.230669 -0.285000
v 1.970000 2.943169 -0.285000
v 1.890000 2.230669 -0.285000
v 1.890000 2.943169 -0.285000
v 1.970000 2.230669 -0.570000
v 1.970000 2.943169 -0.570000
v 1.890000 2.230669 -0.570000
v 1.890000 2.943169 -0.570000
v 1.970000 2.111919 0.154375
v 1.970000 2.396919 0.154375
v 1.890000 2.111919 0.154375
v 1.890000 2.396919 0.154375
v 1.970000 2.111919 -0.439375
v 1.970000 2.396919 -0.439375
v 1.890000 2.111919 -0.439375
v 1.890000 2.396919 -0.439375
v 1.970000 1.696294 0.142500
v 1.970000 2.171294 0.142500
v 1.890000 1.696294 0.142500
v 1.890000 2.171294 0.142500
v 1.970000 1.696294 -0.142500
v 1.970000 2.171294 -0.142500
v 1.890000 1.696294 -0.142500
v 1.890000 2.171294 -0.142500
v 1.970000 1.256919 0.154375
v 1.970000 1.565669 0.154375
v 1.890000 1.256919 0.154375
v 1.890000 1.565669 0.154375
v 1.970000 1.256919 -0.154375
v 1.970000 1.565669 -0.154375
v 1.890000 1.256919 -0.154375
v 1.890000 1.565669 -0.154375
v -1.890000 2.788794 0.534375
v -1.890000 3.073794 0.534375
v -1.970000 2.788794 0.534375
v -1.970000 3.073794 0.534375
v -1.890000 2.788794 -0.534375
v -1.890000 3.073794 -0.534375
v -1.970000 2.788794 -0.534375
v -1.970000 3.073794 -0.534375
v -1.890000 2.551294 0.570000
v -1.890000 2.907544 0.570000
v -1.970000 2.551294 0.570000
v -1.970000 2.907544 0.570000
v -1.890000 2.551294 0.285000
v -1.890000 2.907544 0.285000
v -1.970000 2.551294 0.285000
v -1.970000 2.907544 0.285000
v -1.890000 2.230669 -0.285000
v -1.890000 2.943169 -0.285000
v -1.970000 2.230669 -0.285000
v -1.970000 2.943169 -0.285000
v -1.890000 2.230669 -0.570000
v -1.890000 2.943169 -0.570000
v -1.970000 2.230669 -0.570000
v -1.970000 2.943169 -0.570000
v -1.890000 2.111919 0.154375
v -1.890000 2.396919 0.154375
v -1.970000 2.111919 0.154375
v -1.970000 2.396919 0.154375
v -1.890000 2.111919 -0.439375
v -1.890000 2.396919 -0.439375
v -1.970000 2.111919 -0.439375
v -1.970000 2.396919 -0.439375
v -1.890000 1.696294 0.142500
v -1.890000 2.171294 0.142500
v -1.970000 1.696294 0.142500
v -1.970000 2.171294 0.142500
v -1.890000 1.696294 -0.142500
v -1.890000 2.171294 -0.142500
v -1.970000 1.696294 -0.142500
v -1.970000 2.171294 -0.142500
v -1.890000 1.256919 0.154375
v -1.890000 1.565669 0.154375
v -1.970000 1.256919 0.154375
v -1.970000 1.565669 0.154375
v -1.890000 1.256919 -0.154375
v -1.890000 1.565669 -0.154375
v -1.970000 1.256919 -0.154375
v -1.970000 1.565669 -0.154375
vn -1.0000 -0.0000 -0.0000
vn -0.0000 -0.0000 -1.0000
vn 1.0000 -0.0000 -0.0000
vn -0.0000 -0.0000 1.0000
vn -0.0000 -1.0000 -0.0000
vn -0.0000 1.0000 -0.0000
vt 0.937500 0.437500
vt 0.062500 0.562500
vt 0.187500 0.562500
s 0
usemtl Paleta
f 2483/12/4027 2484/12/4027 2486/12/4027 2485/12/4027
f 2485/12/4028 2486/12/4028 2490/12/4028 2489/12/4028
f 2489/12/4029 2490/12/4029 2488/12/4029 2487/12/4029
f 2487/12/4030 2488/12/4030 2484/12/4030 2483/12/4030
f 2485/12/4031 2489/12/4031 2487/12/4031 2483/12/4031
f 2490/12/4032 2486/12/4032 2484/12/4032 2488/12/4032
f 2491/13/4027 2492/13/4027 2494/13/4027 2493/13/4027
f 2493/13/4028 2494/13/4028 2498/13/4028 2497/13/4028
f 2497/13/4029 2498/13/4029 2496/13/4029 2495/13/4029
f 2495/13/4030 2496/13/4030 2492/13/4030 2491/13/4030
f 2493/13/4031 2497/13/4031 2495/13/4031 2491/13/4031
f 2498/13/4032 2494/13/4032 2492/13/4032 2496/13/4032
f 2499/13/4027 2500/13/4027 2502/13/4027 2501/13/4027
f 2501/13/4028 2502/13/4028 2506/13/4028 2505/13/4028
f 2505/13/4029 2506/13/4029 2504/13/4029 2503/13/4029
f 2503/13/4030 2504/13/4030 2500/13/4030 2499/13/4030
f 2501/13/4031 2505/13/4031 2503/13/4031 2499/13/4031
f 2506/13/4032 2502/13/4032 2500/13/4032 2504/13/4032
f 2507/13/4027 2508/13/4027 2510/13/4027 2509/13/4027
f 2509/13/4028 2510/13/4028 2514/13/4028 2513/13/4028
f 2513/13/4029 2514/13/4029 2512/13/4029 2511/13/4029
f 2511/13/4030 2512/13/4030 2508/13/4030 2507/13/4030
f 2509/13/4031 2513/13/4031 2511/13/4031 2507/13/4031
f 2514/13/4032 2510/13/4032 2508/13/4032 2512/13/4032
f 2515/13/4027 2516/13/4027 2518/13/4027 2517/13/4027
f 2517/13/4028 2518/13/4028 2522/13/4028 2521/13/4028
f 2521/13/4029 2522/13/4029 2520/13/4029 2519/13/4029
f 2519/13/4030 2520/13/4030 2516/13/4030 2515/13/4030
f 2517/13/4031 2521/13/4031 2519/13/4031 2515/13/4031
f 2522/13/4032 2518/13/4032 2516/13/4032 2520/13/4032
f 2523/13/4027 2524/13/4027 2526/13/4027 2525/13/4027
f 2525/13/4028 2526/13/4028 2530/13/4028 2529/13/4028
f 2529/13/4029 2530/13/4029 2528/13/4029 2527/13/4029
f 2527/13/4030 2528/13/4030 2524/13/4030 2523/13/4030
f 2525/13/4031 2529/13/4031 2527/13/4031 2523/13/4031
f 2530/13/4032 2526/13/4032 2524/13/4032 2528/13/4032
f 2531/13/4027 2532/13/4027 2534/13/4027 2533/13/4027
f 2533/13/4028 2534/13/4028 2538/13/4028 2537/13/4028
f 2537/13/4029 2538/13/4029 2536/13/4029 2535/13/4029
f 2535/13/4030 2536/13/4030 2532/13/4030 2531/13/4030
f 2533/13/4031 2537/13/4031 2535/13/4031 2531/13/4031
f 2538/13/4032 2534/13/4032 2532/13/4032 2536/13/4032
f 2539/13/4027 2540/13/4027 2542/13/4027 2541/13/4027
f 2541/13/4028 2542/13/4028 2546/13/4028 2545/13/4028
f 2545/13/4029 2546/13/4029 2544/13/4029 2543/13/4029
f 2543/13/4030 2544/13/4030 2540/13/4030 2539/13/4030
f 2541/13/4031 2545/13/4031 2543/13/4031 2539/13/4031
f 2546/13/4032 2542/13/4032 2540/13/4032 2544/13/4032
f 2547/13/4027 2548/13/4027 2550/13/4027 2549/13/4027
f 2549/13/4028 2550/13/4028 2554/13/4028 2553/13/4028
f 2553/13/4029 2554/13/4029 2552/13/4029 2551/13/4029
f 2551/13/4030 2552/13/4030 2548/13/4030 2547/13/4030
f 2549/13/4031 2553/13/4031 2551/13/4031 2547/13/4031
f 2554/13/4032 2550/13/4032 2548/13/4032 2552/13/4032
f 2555/13/4027 2556/13/4027 2558/13/4027 2557/13/4027
f 2557/13/4028 2558/13/4028 2562/13/4028 2561/13/4028
f 2561/13/4029 2562/13/4029 2560/13/4029 2559/13/4029
f 2559/13/4030 2560/13/4030 2556/13/4030 2555/13/4030
f 2557/13/4031 2561/13/4031 2559/13/4031 2555/13/4031
f 2562/13/4032 2558/13/4032 2556/13/4032 2560/13/4032
f 2563/13/4027 2564/13/4027 2566/13/4027 2565/13/4027
f 2565/13/4028 2566/13/4028 2570/13/4028 2569/13/4028
f 2569/13/4029 2570/13/4029 2568/13/4029 2567/13/4029
f 2567/13/4030 2568/13/4030 2564/13/4030 2563/13/4030
f 2565/13/4031 2569/13/4031 2567/13/4031 2563/13/4031
f 2570/13/4032 2566/13/4032 2564/13/4032 2568/13/4032
f 2571/13/4027 2572/13/4027 2574/13/4027 2573/13/4027
f 2573/13/4028 2574/13/4028 2578/13/4028 2577/13/4028
f 2577/13/4029 2578/13/4029 2576/13/4029 2575/13/4029
f 2575/13/4030 2576/13/4030 2572/13/4030 2571/13/4030
f 2573/13/4031 2577/13/4031 2575/13/4031 2571/13/4031
f 2578/13/4032 2574/13/4032 2572/13/4032 2576/13/4032
f 2579/13/4027 2580/13/4027 2582/13/4027 2581/13/4027
f 2581/13/4028 2582/13/4028 2586/13/4028 2585/13/4028
f 2585/13/4029 2586/13/4029 2584/13/4029 2583/13/4029
f 2583/13/4030 2584/13/4030 2580/13/4030 2579/13/4030
f 2581/13/4031 2585/13/4031 2583/13/4031 2579/13/4031
f 2586/13/4032 2582/13/4032 2580/13/4032 2584/13/4032
f 2587/14/4027 2588/14/4027 2590/14/4027 2589/14/4027
f 2589/14/4028 2590/14/4028 2594/14/4028 2593/14/4028
f 2593/14/4029 2594/14/4029 2592/14/4029 2591/14/4029
f 2591/14/4030 2592/14/4030 2588/14/4030 2587/14/4030
f 2589/14/4031 2593/14/4031 2591/14/4031 2587/14/4031
f 2594/14/4032 2590/14/4032 2588/14/4032 2592/14/4032
f 2595/14/4027 2596/14/4027 2598/14/4027 2597/14/4027
f 2597/14/4028 2598/14/4028 2602/14/4028 2601/14/4028
f 2601/14/4029 2602/14/4029 2600/14/4029 2599/14/4029
f 2599/14/4030 2600/14/4030 2596/14/4030 2595/14/4030
f 2597/14/4031 2601/14/4031 2599/14/4031 2595/14/4031
f 2602/14/4032 2598/14/4032 2596/14/4032 2600/14/4032
f 2603/14/4027 2604/14/4027 2606/14/4027 2605/14/4027
f 2605/14/4028 2606/14/4028 2610/14/4028 2609/14/4028
f 2609/14/4029 2610/14/4029 2608/14/4029 2607/14/4029
f 2607/14/4030 2608/14/4030 2604/14/4030 2603/14/4030
f 2605/14/4031 2609/14/4031 2607/14/4031 2603/14/4031
f 2610/14/4032 2606/14/4032 2604/14/4032 2608/14/4032
f 2611/14/4027 2612/14/4027 2614/14/4027 2613/14/4027
f 2613/14/4028 2614/14/4028 2618/14/4028 2617/14/4028
f 2617/14/4029 2618/14/4029 2616/14/4029 2615/14/4029
f 2615/14/4030 2616/14/4030 2612/14/4030 2611/14/4030
f 2613/14/4031 2617/14/4031 2615/14/4031 2611/14/4031
f 2618/14/4032 2614/14/4032 2612/14/4032 2616/14/4032
f 2619/14/4027 2620/14/4027 2622/14/4027 2621/14/4027
f 2621/14/4028 2622/14/4028 2626/14/4028 2625/14/4028
f 2625/14/4029 2626/14/4029 2624/14/4029 2623/14/4029
f 2623/14/4030 2624/14/4030 2620/14/4030 2619/14/4030
f 2621/14/4031 2625/14/4031 2623/14/4031 2619/14/4031
f 2626/14/4032 2622/14/4032 2620/14/4032 2624/14/4032
f 2627/14/4027 2628/14/4027 2630/14/4027 2629/14/4027
f 2629/14/4028 2630/14/4028 2634/14/4028 2633/14/4028
f 2633/14/4029 2634/14/4029 2632/14/4029 2631/14/4029
f 2631/14/4030 2632/14/4030 2628/14/4030 2627/14/4030
f 2629/14/4031 2633/14/4031 2631/14/4031 2627/14/4031
f 2634/14/4032 2630/14/4032 2628/14/4032 2632/14/4032
f 2635/14/4027 2636/14/4027 2638/14/4027 2637/14/4027
f 2637/14/4028 2638/14/4028 2642/14/4028 2641/14/4028
f 2641/14/4029 2642/14/4029 2640/14/4029 2639/14/4029
f 2639/14/4030 2640/14/4030 2636/14/4030 2635/14/4030
f 2637/14/4031 2641/14/4031 2639/14/4031 2635/14/4031
f 2642/14/4032 2638/14/4032 2636/14/4032 2640/14/4032
f 2643/14/4027 2644/14/4027 2646/14/4027 2645/14/4027
f 2645/14/4028 2646/14/4028 2650/14/4028 2649/14/4028
f 2649/14/4029 2650/14/4029 2648/14/4029 2647/14/4029
f 2647/14/4030 2648/14/4030 2644/14/4030 2643/14/4030
f 2645/14/4031 2649/14/4031 2647/14/4031 2643/14/4031
f 2650/14/4032 2646/14/4032 2644/14/4032 2648/14/4032
f 2651/14/4027 2652/14/4027 2654/14/4027 2653/14/4027
f 2653/14/4028 2654/14/4028 2658/14/4028 2657/14/4028
f 2657/14/4029 2658/14/4029 2656/14/4029 2655/14/4029
f 2655/14/4030 2656/14/4030 2652/14/4030 2651/14/4030
f 2653/14/4031 2657/14/4031 2655/14/4031 2651/14/4031
f 2658/14/4032 2654/14/4032 2652/14/4032 2656/14/4032
f 2659/14/4027 2660/14/4027 2662/14/4027 2661/14/4027
f 2661/14/4028 2662/14/4028 2666/14/4028 2665/14/4028
f 2665/14/4029 2666/14/4029 2664/14/4029 2663/14/4029
f 2663/14/4030 2664/14/4030 2660/14/4030 2659/14/4030
f 2661/14/4031 2665/14/4031 2663/14/4031 2659/14/4031
f 2666/14/4032 2662/14/4032 2660/14/4032 2664/14/4032
f 2667/14/4027 2668/14/4027 2670/14/4027 2669/14/4027
f 2669/14/4028 2670/14/4028 2674/14/4028 2673/14/4028
f 2673/14/4029 2674/14/4029 2672/14/4029 2671/14/4029
f 2671/14/4030 2672/14/4030 2668/14/4030 2667/14/4030
f 2669/14/4031 2673/14/4031 2671/14/4031 2667/14/4031
f 2674/14/4032 2670/14/4032 2668/14/4032 2672/14/4032
f 2675/14/4027 2676/14/4027 2678/14/4027 2677/14/4027
f 2677/14/4028 2678/14/4028 2682/14/4028 2681/14/4028
f 2681/14/4029 2682/14/4029 2680/14/4029 2679/14/4029
f 2679/14/4030 2680/14/4030 2676/14/4030 2675/14/4030
f 2677/14/4031 2681/14/4031 2679/14/4031 2675/14/4031
f 2682/14/4032 2678/14/4032 2676/14/4032 2680/14/4032
f 2683/14/4030 2684/14/4030 2686/14/4030 2685/14/4030
f 2685/14/4027 2686/14/4027 2690/14/4027 2689/14/4027
f 2689/14/4028 2690/14/4028 2688/14/4028 2687/14/4028
f 2687/14/4029 2688/14/4029 2684/14/4029 2683/14/4029
f 2685/14/4031 2689/14/4031 2687/14/4031 2683/14/4031
f 2690/14/4032 2686/14/4032 2684/14/4032 2688/14/4032
f 2691/14/4030 2692/14/4030 2694/14/4030 2693/14/4030
f 2693/14/4027 2694/14/4027 2698/14/4027 2697/14/4027
f 2697/14/4028 2698/14/4028 2696/14/4028 2695/14/4028
f 2695/14/4029 2696/14/4029 2692/14/4029 2691/14/4029
f 2693/14/4031 2697/14/4031 2695/14/4031 2691/14/4031
f 2698/14/4032 2694/14/4032 2692/14/4032 2696/14/4032
f 2699/14/4030 2700/14/4030 2702/14/4030 2701/14/4030
f 2701/14/4027 2702/14/4027 2706/14/4027 2705/14/4027
f 2705/14/4028 2706/14/4028 2704/14/4028 2703/14/4028
f 2703/14/4029 2704/14/4029 2700/14/4029 2699/14/4029
f 2701/14/4031 2705/14/4031 2703/14/4031 2699/14/4031
f 2706/14/4032 2702/14/4032 2700/14/4032 2704/14/4032
f 2707/14/4030 2708/14/4030 2710/14/4030 2709/14/4030
f 2709/14/4027 2710/14/4027 2714/14/4027 2713/14/4027
f 2713/14/4028 2714/14/4028 2712/14/4028 2711/14/4028
f 2711/14/4029 2712/14/4029 2708/14/4029 2707/14/4029
f 2709/14/4031 2713/14/4031 2711/14/4031 2707/14/4031
f 2714/14/4032 2710/14/4032 2708/14/4032 2712/14/4032
f 2715/14/4030 2716/14/4030 2718/14/4030 2717/14/4030
f 2717/14/4027 2718/14/4027 2722/14/4027 2721/14/4027
f 2721/14/4028 2722/14/4028 2720/14/4028 2719/14/4028
f 2719/14/4029 2720/14/4029 2716/14/4029 2715/14/4029
f 2717/14/4031 2721/14/4031 2719/14/4031 2715/14/4031
f 2722/14/4032 2718/14/4032 2716/14/4032 2720/14/4032
f 2723/14/4030 2724/14/4030 2726/14/4030 2725/14/4030
f 2725/14/4027 2726/14/4027 2730/14/4027 2729/14/4027
f 2729/14/4028 2730/14/4028 2728/14/4028 2727/14/4028
f 2727/14/4029 2728/14/4029 2724/14/4029 2723/14/4029
f 2725/14/4031 2729/14/4031 2727/14/4031 2723/14/4031
f 2730/14/4032 2726/14/4032 2724/14/4032 2728/14/4032
f 2731/14/4030 2732/14/4030 2734/14/4030 2733/14/4030
f 2733/14/4027 2734/14/4027 2738/14/4027 2737/14/4027
f 2737/14/4028 2738/14/4028 2736/14/4028 2735/14/4028
f 2735/14/4029 2736/14/4029 2732/14/4029 2731/14/4029
f 2733/14/4031 2737/14/4031 2735/14/4031 2731/14/4031
f 2738/14/4032 2734/14/4032 2732/14/4032 2736/14/4032
f 2739/14/4030 2740/14/4030 2742/14/4030 2741/14/4030
f 2741/14/4027 2742/14/4027 2746/14/4027 2745/14/4027
f 2745/14/4028 2746/14/4028 2744/14/4028 2743/14/4028
f 2743/14/4029 2744/14/4029 2740/14/4029 2739/14/4029
f 2741/14/4031 2745/14/4031 2743/14/4031 2739/14/4031
f 2746/14/4032 2742/14/4032 2740/14/4032 2744/14/4032
f 2747/14/4030 2748/14/4030 2750/14/4030 2749/14/4030
f 2749/14/4027 2750/14/4027 2754/14/4027 2753/14/4027
f 2753/14/4028 2754/14/4028 2752/14/4028 2751/14/4028
f 2751/14/4029 2752/14/4029 2748/14/4029 2747/14/4029
f 2749/14/4031 2753/14/4031 2751/14/4031 2747/14/4031
f 2754/14/4032 2750/14/4032 2748/14/4032 2752/14/4032
f 2755/14/4030 2756/14/4030 2758/14/4030 2757/14/4030
f 2757/14/4027 2758/14/4027 2762/14/4027 2761/14/4027
f 2761/14/4028 2762/14/4028 2760/14/4028 2759/14/4028
f 2759/14/4029 2760/14/4029 2756/14/4029 2755/14/4029
f 2757/14/4031 2761/14/4031 2759/14/4031 2755/14/4031
f 2762/14/4032 2758/14/4032 2756/14/4032 2760/14/4032
f 2763/14/4030 2764/14/4030 2766/14/4030 2765/14/4030
f 2765/14/4027 2766/14/4027 2770/14/4027 2769/14/4027
f 2769/14/4028 2770/14/4028 2768/14/4028 2767/14/4028
f 2767/14/4029 2768/14/4029 2764/14/4029 2763/14/4029
f 2765/14/4031 2769/14/4031 2767/14/4031 2763/14/4031
f 2770/14/4032 2766/14/4032 2764/14/4032 2768/14/4032
f 2771/14/4030 2772/14/4030 2774/14/4030 2773/14/4030
f 2773/14/4027 2774/14/4027 2778/14/4027 2777/14/4027
f 2777/14/4028 2778/14/4028 2776/14/4028 2775/14/4028
f 2775/14/4029 2776/14/4029 2772/14/4029 2771/14/4029
f 2773/14/4031 2777/14/4031 2775/14/4031 2771/14/4031
f 2778/14/4032 2774/14/4032 2772/14/4032 2776/14/4032
o MysteryBox2
v 34.773067 0.191196 -19.400000
v 34.773067 3.391196 -19.400000
v 34.773067 0.191196 -22.600000
v 34.773067 3.391196 -22.600000
v 37.973064 0.191196 -19.400000
v 37.973064 3.391196 -19.400000
v 37.973064 0.191196 -22.600000
v 37.973064 3.391196 -22.600000
v 37.798069 0.141196 -22.425001
v 37.798069 3.441196 -22.425001
v 37.798069 0.141196 -22.775000
v 37.798069 3.441196 -22.775000
v 38.148067 0.141196 -22.425001
v 38.148067 3.441196 -22.425001
v 38.148067 0.141196 -22.775000
v 38.148067 3.441196 -22.775000
v 37.798069 0.141196 -19.225000
v 37.798069 3.441196 -19.225000
v 37.798069 0.141196 -19.574999
v 37.798069 3.441196 -19.574999
v 38.148067 0.141196 -19.225000
v 38.148067 3.441196 -19.225000
v 38.148067 0.141196 -19.574999
v 38.148067 3.441196 -19.574999
v 34.598068 0.141196 -22.425001
v 34.598068 3.441196 -22.425001
v 34.598068 0.141196 -22.775000
v 34.598068 3.441196 -22.775000
v 34.948067 0.141196 -22.425001
v 34.948067 3.441196 -22.425001
v 34.948067 0.141196 -22.775000
v 34.948067 3.441196 -22.775000
v 34.598068 0.141196 -19.225000
v 34.598068 3.441196 -19.225000
v 34.598068 0.141196 -19.574999
v 34.598068 3.441196 -19.574999
v 34.948067 0.141196 -19.225000
v 34.948067 3.441196 -19.225000
v 34.948067 0.141196 -19.574999
v 34.948067 3.441196 -19.574999
v 34.723064 0.016196 -22.375000
v 34.723064 0.366196 -22.375000
v 34.723064 0.016196 -22.825001
v 34.723064 0.366196 -22.825001
v 38.023067 0.016196 -22.375000
v 38.023067 0.366196 -22.375000
v 38.023067 0.016196 -22.825001
v 38.023067 0.366196 -22.825001
v 34.723064 0.016196 -19.174999
v 34.723064 0.366196 -19.174999
v 34.723064 0.016196 -19.625000
v 34.723064 0.366196 -19.625000
v 38.023067 0.016196 -19.174999
v 38.023067 0.366196 -19.174999
v 38.023067 0.016196 -19.625000
v 38.023067 0.366196 -19.625000
v 37.748070 0.016196 -19.350000
v 37.748070 0.366196 -19.350000
v 37.748070 0.016196 -22.650000
v 37.748070 0.366196 -22.650000
v 38.198067 0.016196 -19.350000
v 38.198067 0.366196 -19.350000
v 38.198067 0.016196 -22.650000
v 38.198067 0.366196 -22.650000
v 34.548069 0.016196 -19.350000
v 34.548069 0.366196 -19.350000
v 34.548069 0.016196 -22.650000
v 34.548069 0.366196 -22.650000
v 34.998066 0.016196 -19.350000
v 34.998066 0.366196 -19.350000
v 34.998066 0.016196 -22.650000
v 34.998066 0.366196 -22.650000
v 34.723064 3.216197 -22.375000
v 34.723064 3.566196 -22.375000
v 34.723064 3.216197 -22.825001
v 34.723064 3.566196 -22.825001
v 38.023067 3.216197 -22.375000
v 38.023067 3.566196 -22.375000
v 38.023067 3.216197 -22.825001
v 38.023067 3.566196 -22.825001
v 34.723064 3.216197 -19.174999
v 34.723064 3.566196 -19.174999
v 34.723064 3.216197 -19.625000
v 34.723064 3.566196 -19.625000
v 38.023067 3.216197 -19.174999
v 38.023067 3.566196 -19.174999
v 38.023067 3.216197 -19.625000
v 38.023067 3.566196 -19.625000
v 37.748070 3.216197 -19.350000
v 37.748070 3.566196 -19.350000
v 37.748070 3.216197 -22.650000
v 37.748070 3.566196 -22.650000
v 38.198067 3.216197 -19.350000
v 38.198067 3.566196 -19.350000
v 38.198067 3.216197 -22.650000
v 38.198067 3.566196 -22.650000
v 34.548069 3.216197 -19.350000
v 34.548069 3.566196 -19.350000
v 34.548069 3.216197 -22.650000
v 34.548069 3.566196 -22.650000
v 34.998066 3.216197 -19.350000
v 34.998066 3.566196 -19.350000
v 34.998066 3.216197 -22.650000
v 34.998066 3.566196 -22.650000
v 35.923065 2.291196 -19.330002
v 35.923065 2.531197 -19.330002
v 35.923065 2.291196 -19.410000
v 35.923065 2.531197 -19.410000
v 36.823067 2.291196 -19.330002
v 36.823067 2.531197 -19.330002
v 36.823067 2.291196 -19.410000
v 36.823067 2.531197 -19.410000
v 35.893066 2.091196 -19.330002
v 35.893066 2.391196 -19.330002
v 35.893066 2.091196 -19.410000
v 35.893066 2.391196 -19.410000
v 36.133064 2.091196 -19.330002
v 36.133064 2.391196 -19.330002
v 36.133064 2.091196 -19.410000
v 36.133064 2.391196 -19.410000
v 36.613068 1.821197 -19.330002
v 36.613068 2.421196 -19.330002
v 36.613068 1.821197 -19.410000
v 36.613068 2.421196 -19.410000
v 36.853065 1.821197 -19.330002
v 36.853065 2.421196 -19.330002
v 36.853065 1.821197 -19.410000
v 36.853065 2.421196 -19.410000
v 36.243065 1.721196 -19.330002
v 36.243065 1.961196 -19.330002
v 36.243065 1.721196 -19.410000
v 36.243065 1.961196 -19.410000
v 36.743065 1.721196 -19.330002
v 36.743065 1.961196 -19.330002
v 36.743065 1.721196 -19.410000
v 36.743065 1.961196 -19.410000
v 36.253067 1.371197 -19.330002
v 36.253067 1.771196 -19.330002
v 36.253067 1.371197 -19.410000
v 36.253067 1.771196 -19.410000
v 36.493065 1.371197 -19.330002
v 36.493065 1.771196 -19.330002
v 36.493065 1.371197 -19.410000
v 36.493065 1.771196 -19.410000
v 36.243065 1.001197 -19.330002
v 36.243065 1.261196 -19.330002
v 36.243065 1.001197 -19.410000
v 36.243065 1.261196 -19.410000
v 36.503067 1.001197 -19.330002
v 36.503067 1.261196 -19.330002
v 36.503067 1.001197 -19.410000
v 36.503067 1.261196 -19.410000
v 35.923065 2.291196 -22.590000
v 35.923065 2.531197 -22.590000
v 35.923065 2.291196 -22.669998
v 35.923065 2.531197 -22.669998
v 36.823067 2.291196 -22.590000
v 36.823067 2.531197 -22.590000
v 36.823067 2.291196 -22.669998
v 36.823067 2.531197 -22.669998
v 35.893066 2.091196 -22.590000
v 35.893066 2.391196 -22.590000
v 35.893066 2.091196 -22.669998
v 35.893066 2.391196 -22.669998
v 36.133064 2.091196 -22.590000
v 36.133064 2.391196 -22.590000
v 36.133064 2.091196 -22.669998
v 36.133064 2.391196 -22.669998
v 36.613068 1.821197 -22.590000
v 36.613068 2.421196 -22.590000
v 36.613068 1.821197 -22.669998
v 36.613068 2.421196 -22.669998
v 36.853065 1.821197 -22.590000
v 36.853065 2.421196 -22.590000
v 36.853065 1.821197 -22.669998
v 36.853065 2.421196 -22.669998
v 36.243065 1.721196 -22.590000
v 36.243065 1.961196 -22.590000
v 36.243065 1.721196 -22.669998
v 36.243065 1.961196 -22.669998
v 36.743065 1.721196 -22.590000
v 36.743065 1.961196 -22.590000
v 36.743065 1.721196 -22.669998
v 36.743065 1.961196 -22.669998
v 36.253067 1.371197 -22.590000
v 36.253067 1.771196 -22.590000
v 36.253067 1.371197 -22.669998
v 36.253067 1.771196 -22.669998
v 36.493065 1.371197 -22.590000
v 36.493065 1.771196 -22.590000
v 36.493065 1.371197 -22.669998
v 36.493065 1.771196 -22.669998
v 36.243065 1.001197 -22.590000
v 36.243065 1.261196 -22.590000
v 36.243065 1.001197 -22.669998
v 36.243065 1.261196 -22.669998
v 36.503067 1.001197 -22.590000
v 36.503067 1.261196 -22.590000
v 36.503067 1.001197 -22.669998
v 36.503067 1.261196 -22.669998
v 38.043068 2.291196 -20.549999
v 38.043068 2.531197 -20.549999
v 37.963066 2.291196 -20.549999
v 37.963066 2.531197 -20.549999
v 38.043068 2.291196 -21.450001
v 38.043068 2.531197 -21.450001
v 37.963066 2.291196 -21.450001
v 37.963066 2.531197 -21.450001
v 38.043068 2.091196 -20.519999
v 38.043068 2.391196 -20.519999
v 37.963066 2.091196 -20.519999
v 37.963066 2.391196 -20.519999
v 38.043068 2.091196 -20.760000
v 38.043068 2.391196 -20.760000
v 37.963066 2.091196 -20.760000
v 37.963066 2.391196 -20.760000
v 38.043068 1.821197 -21.240000
v 38.043068 2.421196 -21.240000
v 37.963066 1.821197 -21.240000
v 37.963066 2.421196 -21.240000
v 38.043068 1.821197 -21.480001
v 38.043068 2.421196 -21.480001
v 37.963066 1.821197 -21.480001
v 37.963066 2.421196 -21.480001
v 38.043068 1.721196 -20.870001
v 38.043068 1.961196 -20.870001
v 37.963066 1.721196 -20.870001
v 37.963066 1.961196 -20.870001
v 38.043068 1.721196 -21.370001
v 38.043068 1.961196 -21.370001
v 37.963066 1.721196 -21.370001
v 37.963066 1.961196 -21.370001
v 38.043068 1.371197 -20.879999
v 38.043068 1.771196 -20.879999
v 37.963066 1.371197 -20.879999
v 37.963066 1.771196 -20.879999
v 38.043068 1.371197 -21.120001
v 38.043068 1.771196 -21.120001
v 37.963066 1.371197 -21.120001
v 37.963066 1.771196 -21.120001
v 38.043068 1.001197 -20.870001
v 38.043068 1.261196 -20.870001
v 37.963066 1.001197 -20.870001
v 37.963066 1.261196 -20.870001
v 38.043068 1.001197 -21.129999
v 38.043068 1.261196 -21.129999
v 37.963066 1.001197 -21.129999
v 37.963066 1.261196 -21.129999
v 34.783066 2.291196 -20.549999
v 34.783066 2.531197 -20.549999
v 34.703064 2.291196 -20.549999
v 34.703064 2.531197 -20.549999
v 34.783066 2.291196 -21.450001
v 34.783066 2.531197 -21.450001
v 34.703064 2.291196 -21.450001
v 34.703064 2.531197 -21.450001
v 34.783066 2.091196 -20.519999
v 34.783066 2.391196 -20.519999
v 34.703064 2.091196 -20.519999
v 34.703064 2.391196 -20.519999
v 34.783066 2.091196 -20.760000
v 34.783066 2.391196 -20.760000
v 34.703064 2.091196 -20.760000
v 34.703064 2.391196 -20.760000
v 34.783066 1.821197 -21.240000
v 34.783066 2.421196 -21.240000
v 34.703064 1.821197 -21.240000
v 34.703064 2.421196 -21.240000
v 34.783066 1.821197 -21.480001
v 34.783066 2.421196 -21.480001
v 34.703064 1.821197 -21.480001
v 34.703064 2.421196 -21.480001
v 34.783066 1.721196 -20.870001
v 34.783066 1.961196 -20.870001
v 34.703064 1.721196 -20.870001
v 34.703064 1.961196 -20.870001
v 34.783066 1.721196 -21.370001
v 34.783066 1.961196 -21.370001
v 34.703064 1.721196 -21.370001
v 34.703064 1.961196 -21.370001
v 34.783066 1.371197 -20.879999
v 34.783066 1.771196 -20.879999
v 34.703064 1.371197 -20.879999
v 34.703064 1.771196 -20.879999
v 34.783066 1.371197 -21.120001
v 34.783066 1.771196 -21.120001
v 34.703064 1.371197 -21.120001
v 34.703064 1.771196 -21.120001
v 34.783066 1.001197 -20.870001
v 34.783066 1.261196 -20.870001
v 34.703064 1.001197 -20.870001
v 34.703064 1.261196 -20.870001
v 34.783066 1.001197 -21.129999
v 34.783066 1.261196 -21.129999
v 34.703064 1.001197 -21.129999
v 34.703064 1.261196 -21.129999
vn -1.0000 -0.0000 -0.0000
vn -0.0000 -0.0000 -1.0000
vn 1.0000 -0.0000 -0.0000
vn -0.0000 -0.0000 1.0000
vn -0.0000 -1.0000 -0.0000
vn -0.0000 1.0000 -0.0000
vt 0.937500 0.437500
vt 0.062500 0.562500
vt 0.187500 0.562500
s 0
usemtl Paleta
f 2779/15/4033 2780/15/4033 2782/15/4033 2781/15/4033
f 2781/15/4034 2782/15/4034 2786/15/4034 2785/15/4034
f 2785/15/4035 2786/15/4035 2784/15/4035 2783/15/4035
f 2783/15/4036 2784/15/4036 2780/15/4036 2779/15/4036
f 2781/15/4037 2785/15/4037 2783/15/4037 2779/15/4037
f 2786/15/4038 2782/15/4038 2780/15/4038 2784/15/4038
f 2787/16/4033 2788/16/4033 2790/16/4033 2789/16/4033
f 2789/16/4034 2790/16/4034 2794/16/4034 2793/16/4034
f 2793/16/4035 2794/16/4035 2792/16/4035 2791/16/4035
f 2791/16/4036 2792/16/4036 2788/16/4036 2787/16/4036
f 2789/16/4037 2793/16/4037 2791/16/4037 2787/16/4037
f 2794/16/4038 2790/16/4038 2788/16/4038 2792/16/4038
f 2795/16/4033 2796/16/4033 2798/16/4033 2797/16/4033
f 2797/16/4034 2798/16/4034 2802/16/4034 2801/16/4034
f 2801/16/4035 2802/16/4035 2800/16/4035 2799/16/4035
f 2799/16/4036 2800/16/4036 2796/16/4036 2795/16/4036
f 2797/16/4037 2801/16/4037 2799/16/4037 2795/16/4037
f 2802/16/4038 2798/16/4038 2796/16/4038 2800/16/4038
f 2803/16/4033 2804/16/4033 2806/16/4033 2805/16/4033
f 2805/16/4034 2806/16/4034 2810/16/4034 2809/16/4034
f 2809/16/4035 2810/16/4035 2808/16/4035 2807/16/4035
f 2807/16/4036 2808/16/4036 2804/16/4036 2803/16/4036
f 2805/16/4037 2809/16/4037 2807/16/4037 2803/16/4037
f 2810/16/4038 2806/16/4038 2804/16/4038 2808/16/4038
f 2811/16/4033 2812/16/4033 2814/16/4033 2813/16/4033
f 2813/16/4034 2814/16/4034 2818/16/4034 2817/16/4034
f 2817/16/4035 2818/16/4035 2816/16/4035 2815/16/4035
f 2815/16/4036 2816/16/4036 2812/16/4036 2811/16/4036
f 2813/16/4037 2817/16/4037 2815/16/4037 2811/16/4037
f 2818/16/4038 2814/16/4038 2812/16/4038 2816/16/4038
f 2819/16/4033 2820/16/4033 2822/16/4033 2821/16/4033
f 2821/16/4034 2822/16/4034 2826/16/4034 2825/16/4034
f 2825/16/4035 2826/16/4035 2824/16/4035 2823/16/4035
f 2823/16/4036 2824/16/4036 2820/16/4036 2819/16/4036
f 2821/16/4037 2825/16/4037 2823/16/4037 2819/16/4037
f 2826/16/4038 2822/16/4038 2820/16/4038 2824/16/4038
f 2827/16/4033 2828/16/4033 2830/16/4033 2829/16/4033
f 2829/16/4034 2830/16/4034 2834/16/4034 2833/16/4034
f 2833/16/4035 2834/16/4035 2832/16/4035 2831/16/4035
f 2831/16/4036 2832/16/4036 2828/16/4036 2827/16/4036
f 2829/16/4037 2833/16/4037 2831/16/4037 2827/16/4037
f 2834/16/4038 2830/16/4038 2828/16/4038 2832/16/4038
f 2835/16/4033 2836/16/4033 2838/16/4033 2837/16/4033
f 2837/16/4034 2838/16/4034 2842/16/4034 2841/16/4034
f 2841/16/4035 2842/16/4035 2840/16/4035 2839/16/4035
f 2839/16/4036 2840/16/4036 2836/16/4036 2835/16/4036
f 2837/16/4037 2841/16/4037 2839/16/4037 2835/16/4037
f 2842/16/4038 2838/16/4038 2836/16/4038 2840/16/4038
f 2843/16/4033 2844/16/4033 2846/16/4033 2845/16/4033
f 2845/16/4034 2846/16/4034 2850/16/4034 2849/16/4034
f 2849/16/4035 2850/16/4035 2848/16/4035 2847/16/4035
f 2847/16/4036 2848/16/4036 2844/16/4036 2843/16/4036
f 2845/16/4037 2849/16/4037 2847/16/4037 2843/16/4037
f 2850/16/4038 2846/16/4038 2844/16/4038 2848/16/4038
f 2851/16/4033 2852/16/4033 2854/16/4033 2853/16/4033
f 2853/16/4034 2854/16/4034 2858/16/4034 2857/16/4034
f 2857/16/4035 2858/16/4035 2856/16/4035 2855/16/4035
f 2855/16/4036 2856/16/4036 2852/16/4036 2851/16/4036
f 2853/16/4037 2857/16/4037 2855/16/4037 2851/16/4037
f 2858/16/4038 2854/16/4038 2852/16/4038 2856/16/4038
f 2859/16/4033 2860/16/4033 2862/16/4033 2861/16/4033
f 2861/16/4034 2862/16/4034 2866/16/4034 2865/16/4034
f 2865/16/4035 2866/16/4035 2864/16/4035 2863/16/4035
f 2863/16/4036 2864/16/4036 2860/16/4036 2859/16/4036
f 2861/16/4037 2865/16/4037 2863/16/4037 2859/16/4037
f 2866/16/4038 2862/16/4038 2860/16/4038 2864/16/4038
f 2867/16/4033 2868/16/4033 2870/16/4033 2869/16/4033
f 2869/16/4034 2870/16/4034 2874/16/4034 2873/16/4034
f 2873/16/4035 2874/16/4035 2872/16/4035 2871/16/4035
f 2871/16/4036 2872/16/4036 2868/16/4036 2867/16/4036
f 2869/16/4037 2873/16/4037 2871/16/4037 2867/16/4037
f 2874/16/4038 2870/16/4038 2868/16/4038 2872/16/4038
f 2875/16/4033 2876/16/4033 2878/16/4033 2877/16/4033
f 2877/16/4034 2878/16/4034 2882/16/4034 2881/16/4034
f 2881/16/4035 2882/16/4035 2880/16/4035 2879/16/4035
f 2879/16/4036 2880/16/4036 2876/16/4036 2875/16/4036
f 2877/16/4037 2881/16/4037 2879/16/4037 2875/16/4037
f 2882/16/4038 2878/16/4038 2876/16/4038 2880/16/4038
f 2883/17/4033 2884/17/4033 2886/17/4033 2885/17/4033
f 2885/17/4034 2886/17/4034 2890/17/4034 2889/17/4034
f 2889/17/4035 2890/17/4035 2888/17/4035 2887/17/4035
f 2887/17/4036 2888/17/4036 2884/17/4036 2883/17/4036
f 2885/17/4037 2889/17/4037 2887/17/4037 2883/17/4037
f 2890/17/4038 2886/17/4038 2884/17/4038 2888/17/4038
f 2891/17/4033 2892/17/4033 2894/17/4033 2893/17/4033
f 2893/17/4034 2894/17/4034 2898/17/4034 2897/17/4034
f 2897/17/4035 2898/17/4035 2896/17/4035 2895/17/4035
f 2895/17/4036 2896/17/4036 2892/17/4036 2891/17/4036
f 2893/17/4037 2897/17/4037 2895/17/4037 2891/17/4037
f 2898/17/4038 2894/17/4038 2892/17/4038 2896/17/4038
f 2899/17/4033 2900/17/4033 2902/17/4033 2901/17/4033
f 2901/17/4034 2902/17/4034 2906/17/4034 2905/17/4034
f 2905/17/4035 2906/17/4035 2904/17/4035 2903/17/4035
f 2903/17/4036 2904/17/4036 2900/17/4036 2899/17/4036
f 2901/17/4037 2905/17/4037 2903/17/4037 2899/17/4037
f 2906/17/4038 2902/17/4038 2900/17/4038 2904/17/4038
f 2907/17/4033 2908/17/4033 2910/17/4033 2909/17/4033
f 2909/17/4034 2910/17/4034 2914/17/4034 2913/17/4034
f 2913/17/4035 2914/17/4035 2912/17/4035 2911/17/4035
f 2911/17/4036 2912/17/4036 2908/17/4036 2907/17/4036
f 2909/17/4037 2913/17/4037 2911/17/4037 2907/17/4037
f 2914/17/4038 2910/17/4038 2908/17/4038 2912/17/4038
f 2915/17/4033 2916/17/4033 2918/17/4033 2917/17/4033
f 2917/17/4034 2918/17/4034 2922/17/4034 2921/17/4034
f 2921/17/4035 2922/17/4035 2920/17/4035 2919/17/4035
f 2919/17/4036 2920/17/4036 2916/17/4036 2915/17/4036
f 2917/17/4037 2921/17/4037 2919/17/4037 2915/17/4037
f 2922/17/4038 2918/17/4038 2916/17/4038 2920/17/4038
f 2923/17/4033 2924/17/4033 2926/17/4033 2925/17/4033
f 2925/17/4034 2926/17/4034 2930/17/4034 2929/17/4034
f 2929/17/4035 2930/17/4035 2928/17/4035 2927/17/4035
f 2927/17/4036 2928/17/4036 2924/17/4036 2923/17/4036
f 2925/17/4037 2929/17/4037 2927/17/4037 2923/17/4037
f 2930/17/4038 2926/17/4038 2924/17/4038 2928/17/4038
f 2931/17/4033 2932/17/4033 2934/17/4033 2933/17/4033
f 2933/17/4034 2934/17/4034 2938/17/4034 2937/17/4034
f 2937/17/4035 2938/17/4035 2936/17/4035 2935/17/4035
f 2935/17/4036 2936/17/4036 2932/17/4036 2931/17/4036
f 2933/17/4037 2937/17/4037 2935/17/4037 2931/17/4037
f 2938/17/4038 2934/17/4038 2932/17/4038 2936/17/4038
f 2939/17/4033 2940/17/4033 2942/17/4033 2941/17/4033
f 2941/17/4034 2942/17/4034 2946/17/4034 2945/17/4034
f 2945/17/4035 2946/17/4035 2944/17/4035 2943/17/4035
f 2943/17/4036 2944/17/4036 2940/17/4036 2939/17/4036
f 2941/17/4037 2945/17/4037 2943/17/4037 2939/17/4037
f 2946/17/4038 2942/17/4038 2940/17/4038 2944/17/4038
f 2947/17/4033 2948/17/4033 2950/17/4033 2949/17/4033
f 2949/17/4034 2950/17/4034 2954/17/4034 2953/17/4034
f 2953/17/4035 2954/17/4035 2952/17/4035 2951/17/4035
f 2951/17/4036 2952/17/4036 2948/17/4036 2947/17/4036
f 2949/17/4037 2953/17/4037 2951/17/4037 2947/17/4037
f 2954/17/4038 2950/17/4038 2948/17/4038 2952/17/4038
f 2955/17/4033 2956/17/4033 2958/17/4033 2957/17/4033
f 2957/17/4034 2958/17/4034 2962/17/4034 2961/17/4034
f 2961/17/4035 2962/17/4035 2960/17/4035 2959/17/4035
f 2959/17/4036 2960/17/4036 2956/17/4036 2955/17/4036
f 2957/17/4037 2961/17/4037 2959/17/4037 2955/17/4037
f 2962/17/4038 2958/17/4038 2956/17/4038 2960/17/4038
f 2963/17/4033 2964/17/4033 2966/17/4033 2965/17/4033
f 2965/17/4034 2966/17/4034 2970/17/4034 2969/17/4034
f 2969/17/4035 2970/17/4035 2968/17/4035 2967/17/4035
f 2967/17/4036 2968/17/4036 2964/17/4036 2963/17/4036
f 2965/17/4037 2969/17/4037 2967/17/4037 2963/17/4037
f 2970/17/4038 2966/17/4038 2964/17/4038 2968/17/4038
f 2971/17/4033 2972/17/4033 2974/17/4033 2973/17/4033
f 2973/17/4034 2974/17/4034 2978/17/4034 2977/17/4034
f 2977/17/4035 2978/17/4035 2976/17/4035 2975/17/4035
f 2975/17/4036 2976/17/4036 2972/17/4036 2971/17/4036
f 2973/17/4037 2977/17/4037 2975/17/4037 2971/17/4037
f 2978/17/4038 2974/17/4038 2972/17/4038 2976/17/4038
f 2979/17/4036 2980/17/4036 2982/17/4036 2981/17/4036
f 2981/17/4033 2982/17/4033 2986/17/4033 2985/17/4033
f 2985/17/4034 2986/17/4034 2984/17/4034 2983/17/4034
f 2983/17/4035 2984/17/4035 2980/17/4035 2979/17/4035
f 2981/17/4037 2985/17/4037 2983/17/4037 2979/17/4037
f 2986/17/4038 2982/17/4038 2980/17/4038 2984/17/4038
f 2987/17/4036 2988/17/4036 2990/17/4036 2989/17/4036
f 2989/17/4033 2990/17/4033 2994/17/4033 2993/17/4033
f 2993/17/4034 2994/17/4034 2992/17/4034 2991/17/4034
f 2991/17/4035 2992/17/4035 2988/17/4035 2987/17/4035
f 2989/17/4037 2993/17/4037 2991/17/4037 2987/17/4037
f 2994/17/4038 2990/17/4038 2988/17/4038 2992/17/4038
f 2995/17/4036 2996/17/4036 2998/17/4036 2997/17/4036
f 2997/17/4033 2998/17/4033 3002/17/4033 3001/17/4033
f 3001/17/4034 3002/17/4034 3000/17/4034 2999/17/4034
f 2999/17/4035 3000/17/4035 2996/17/4035 2995/17/4035
f 2997/17/4037 3001/17/4037 2999/17/4037 2995/17/4037
f 3002/17/4038 2998/17/4038 2996/17/4038 3000/17/4038
f 3003/17/4036 3004/17/4036 3006/17/4036 3005/17/4036
f 3005/17/4033 3006/17/4033 3010/17/4033 3009/17/4033
f 3009/17/4034 3010/17/4034 3008/17/4034 3007/17/4034
f 3007/17/4035 3008/17/4035 3004/17/4035 3003/17/4035
f 3005/17/4037 3009/17/4037 3007/17/4037 3003/17/4037
f 3010/17/4038 3006/17/4038 3004/17/4038 3008/17/4038
f 3011/17/4036 3012/17/4036 3014/17/4036 3013/17/4036
f 3013/17/4033 3014/17/4033 3018/17/4033 3017/17/4033
f 3017/17/4034 3018/17/4034 3016/17/4034 3015/17/4034
f 3015/17/4035 3016/17/4035 3012/17/4035 3011/17/4035
f 3013/17/4037 3017/17/4037 3015/17/4037 3011/17/4037
f 3018/17/4038 3014/17/4038 3012/17/4038 3016/17/4038
f 3019/17/4036 3020/17/4036 3022/17/4036 3021/17/4036
f 3021/17/4033 3022/17/4033 3026/17/4033 3025/17/4033
f 3025/17/4034 3026/17/4034 3024/17/4034 3023/17/4034
f 3023/17/4035 3024/17/4035 3020/17/4035 3019/17/4035
f 3021/17/4037 3025/17/4037 3023/17/4037 3019/17/4037
f 3026/17/4038 3022/17/4038 3020/17/4038 3024/17/4038
f 3027/17/4036 3028/17/4036 3030/17/4036 3029/17/4036
f 3029/17/4033 3030/17/4033 3034/17/4033 3033/17/4033
f 3033/17/4034 3034/17/4034 3032/17/4034 3031/17/4034
f 3031/17/4035 3032/17/4035 3028/17/4035 3027/17/4035
f 3029/17/4037 3033/17/4037 3031/17/4037 3027/17/4037
f 3034/17/4038 3030/17/4038 3028/17/4038 3032/17/4038
f 3035/17/4036 3036/17/4036 3038/17/4036 3037/17/4036
f 3037/17/4033 3038/17/4033 3042/17/4033 3041/17/4033
f 3041/17/4034 3042/17/4034 3040/17/4034 3039/17/4034
f 3039/17/4035 3040/17/4035 3036/17/4035 3035/17/4035
f 3037/17/4037 3041/17/4037 3039/17/4037 3035/17/4037
f 3042/17/4038 3038/17/4038 3036/17/4038 3040/17/4038
f 3043/17/4036 3044/17/4036 3046/17/4036 3045/17/4036
f 3045/17/4033 3046/17/4033 3050/17/4033 3049/17/4033
f 3049/17/4034 3050/17/4034 3048/17/4034 3047/17/4034
f 3047/17/4035 3048/17/4035 3044/17/4035 3043/17/4035
f 3045/17/4037 3049/17/4037 3047/17/4037 3043/17/4037
f 3050/17/4038 3046/17/4038 3044/17/4038 3048/17/4038
f 3051/17/4036 3052/17/4036 3054/17/4036 3053/17/4036
f 3053/17/4033 3054/17/4033 3058/17/4033 3057/17/4033
f 3057/17/4034 3058/17/4034 3056/17/4034 3055/17/4034
f 3055/17/4035 3056/17/4035 3052/17/4035 3051/17/4035
f 3053/17/4037 3057/17/4037 3055/17/4037 3051/17/4037
f 3058/17/4038 3054/17/4038 3052/17/4038 3056/17/4038
f 3059/17/4036 3060/17/4036 3062/17/4036 3061/17/4036
f 3061/17/4033 3062/17/4033 3066/17/4033 3065/17/4033
f 3065/17/4034 3066/17/4034 3064/17/4034 3063/17/4034
f 3063/17/4035 3064/17/4035 3060/17/4035 3059/17/4035
f 3061/17/4037 3065/17/4037 3063/17/4037 3059/17/4037
f 3066/17/4038 3062/17/4038 3060/17/4038 3064/17/4038
f 3067/17/4036 3068/17/4036 3070/17/4036 3069/17/4036
f 3069/17/4033 3070/17/4033 3074/17/4033 3073/17/4033
f 3073/17/4034 3074/17/4034 3072/17/4034 3071/17/4034
f 3071/17/4035 3072/17/4035 3068/17/4035 3067/17/4035
f 3069/17/4037 3073/17/4037 3071/17/4037 3067/17/4037
f 3074/17/4038 3070/17/4038 3068/17/4038 3072/17/4038
o MysteryBox3
v -1.600000 0.216732 -40.400002
v -1.600000 3.416732 -40.400002
v -1.600000 0.216732 -43.599998
v -1.600000 3.416732 -43.599998
v 1.600000 0.216732 -40.400002
v 1.600000 3.416732 -40.400002
v 1.600000 0.216732 -43.599998
v 1.600000 3.416732 -43.599998
v 1.425000 0.166732 -43.424999
v 1.425000 3.466732 -43.424999
v 1.425000 0.166732 -43.774998
v 1.425000 3.466732 -43.774998
v 1.775000 0.166732 -43.424999
v 1.775000 3.466732 -43.424999
v 1.775000 0.166732 -43.774998
v 1.775000 3.466732 -43.774998
v 1.425000 0.166732 -40.225002
v 1.425000 3.466732 -40.225002
v 1.425000 0.166732 -40.575001
v 1.425000 3.466732 -40.575001
v 1.775000 0.166732 -40.225002
v 1.775000 3.466732 -40.225002
v 1.775000 0.166732 -40.575001
v 1.775000 3.466732 -40.575001
v -1.775000 0.166732 -43.424999
v -1.775000 3.466732 -43.424999
v -1.775000 0.166732 -43.774998
v -1.775000 3.466732 -43.774998
v -1.425000 0.166732 -43.424999
v -1.425000 3.466732 -43.424999
v -1.425000 0.166732 -43.774998
v -1.425000 3.466732 -43.774998
v -1.775000 0.166732 -40.225002
v -1.775000 3.466732 -40.225002
v -1.775000 0.166732 -40.575001
v -1.775000 3.466732 -40.575001
v -1.425000 0.166732 -40.225002
v -1.425000 3.466732 -40.225002
v -1.425000 0.166732 -40.575001
v -1.425000 3.466732 -40.575001
v -1.650000 0.041732 -43.375000
v -1.650000 0.391732 -43.375000
v -1.650000 0.041732 -43.824997
v -1.650000 0.391732 -43.824997
v 1.650000 0.041732 -43.375000
v 1.650000 0.391732 -43.375000
v 1.650000 0.041732 -43.824997
v 1.650000 0.391732 -43.824997
v -1.650000 0.041732 -40.175003
v -1.650000 0.391732 -40.175003
v -1.650000 0.041732 -40.625000
v -1.650000 0.391732 -40.625000
v 1.650000 0.041732 -40.175003
v 1.650000 0.391732 -40.175003
v 1.650000 0.041732 -40.625000
v 1.650000 0.391732 -40.625000
v 1.375000 0.041732 -40.349998
v 1.375000 0.391732 -40.349998
v 1.375000 0.041732 -43.650002
v 1.375000 0.391732 -43.650002
v 1.825000 0.041732 -40.349998
v 1.825000 0.391732 -40.349998
v 1.825000 0.041732 -43.650002
v 1.825000 0.391732 -43.650002
v -1.825000 0.041732 -40.349998
v -1.825000 0.391732 -40.349998
v -1.825000 0.041732 -43.650002
v -1.825000 0.391732 -43.650002
v -1.375000 0.041732 -40.349998
v -1.375000 0.391732 -40.349998
v -1.375000 0.041732 -43.650002
v -1.375000 0.391732 -43.650002
v -1.650000 3.241732 -43.375000
v -1.650000 3.591732 -43.375000
v -1.650000 3.241732 -43.824997
v -1.650000 3.591732 -43.824997
v 1.650000 3.241732 -43.375000
v 1.650000 3.591732 -43.375000
v 1.650000 3.241732 -43.824997
v 1.650000 3.591732 -43.824997
v -1.650000 3.241732 -40.175003
v -1.650000 3.591732 -40.175003
v -1.650000 3.241732 -40.625000
v -1.650000 3.591732 -40.625000
v 1.650000 3.241732 -40.175003
v 1.650000 3.591732 -40.175003
v 1.650000 3.241732 -40.625000
v 1.650000 3.591732 -40.625000
v 1.375000 3.241732 -40.349998
v 1.375000 3.591732 -40.349998
v 1.375000 3.241732 -43.650002
v 1.375000 3.591732 -43.650002
v 1.825000 3.241732 -40.349998
v 1.825000 3.591732 -40.349998
v 1.825000 3.241732 -43.650002
v 1.825000 3.591732 -43.650002
v -1.825000 3.241732 -40.349998
v -1.825000 3.591732 -40.349998
v -1.825000 3.241732 -43.650002
v -1.825000 3.591732 -43.650002
v -1.375000 3.241732 -40.349998
v -1.375000 3.591732 -40.349998
v -1.375000 3.241732 -43.650002
v -1.375000 3.591732 -43.650002
v -0.450000 2.316732 -40.329998
v -0.450000 2.556732 -40.329998
v -0.450000 2.316732 -40.410000
v -0.450000 2.556732 -40.410000
v 0.450000 2.316732 -40.329998
v 0.450000 2.556732 -40.329998
v 0.450000 2.316732 -40.410000
v 0.450000 2.556732 -40.410000
v -0.480000 2.116732 -40.329998
v -0.480000 2.416732 -40.329998
v -0.480000 2.116732 -40.410000
v -0.480000 2.416732 -40.410000
v -0.240000 2.116732 -40.329998
v -0.240000 2.416732 -40.329998
v -0.240000 2.116732 -40.410000
v -0.240000 2.416732 -40.410000
v 0.240000 1.846732 -40.329998
v 0.240000 2.446732 -40.329998
v 0.240000 1.846732 -40.410000
v 0.240000 2.446732 -40.410000
v 0.480000 1.846732 -40.329998
v 0.480000 2.446732 -40.329998
v 0.480000 1.846732 -40.410000
v 0.480000 2.446732 -40.410000
v -0.130000 1.746732 -40.329998
v -0.130000 1.986732 -40.329998
v -0.130000 1.746732 -40.410000
v -0.130000 1.986732 -40.410000
v 0.370000 1.746732 -40.329998
v 0.370000 1.986732 -40.329998
v 0.370000 1.746732 -40.410000
v 0.370000 1.986732 -40.410000
v -0.120000 1.396732 -40.329998
v -0.120000 1.796732 -40.329998
v -0.120000 1.396732 -40.410000
v -0.120000 1.796732 -40.410000
v 0.120000 1.396732 -40.329998
v 0.120000 1.796732 -40.329998
v 0.120000 1.396732 -40.410000
v 0.120000 1.796732 -40.410000
v -0.130000 1.026732 -40.329998
v -0.130000 1.286732 -40.329998
v -0.130000 1.026732 -40.410000
v -0.130000 1.286732 -40.410000
v 0.130000 1.026732 -40.329998
v 0.130000 1.286732 -40.329998
v 0.130000 1.026732 -40.410000
v 0.130000 1.286732 -40.410000
v -0.450000 2.316732 -43.590000
v -0.450000 2.556732 -43.590000
v -0.450000 2.316732 -43.670002
v -0.450000 2.556732 -43.670002
v 0.450000 2.316732 -43.590000
v 0.450000 2.556732 -43.590000
v 0.450000 2.316732 -43.670002
v 0.450000 2.556732 -43.670002
v -0.480000 2.116732 -43.590000
v -0.480000 2.416732 -43.590000
v -0.480000 2.116732 -43.670002
v -0.480000 2.416732 -43.670002
v -0.240000 2.116732 -43.590000
v -0.240000 2.416732 -43.590000
v -0.240000 2.116732 -43.670002
v -0.240000 2.416732 -43.670002
v 0.240000 1.846732 -43.590000
v 0.240000 2.446732 -43.590000
v 0.240000 1.846732 -43.670002
v 0.240000 2.446732 -43.670002
v 0.480000 1.846732 -43.590000
v 0.480000 2.446732 -43.590000
v 0.480000 1.846732 -43.670002
v 0.480000 2.446732 -43.670002
v -0.130000 1.746732 -43.590000
v -0.130000 1.986732 -43.590000
v -0.130000 1.746732 -43.670002
v -0.130000 1.986732 -43.670002
v 0.370000 1.746732 -43.590000
v 0.370000 1.986732 -43.590000
v 0.370000 1.746732 -43.670002
v 0.370000 1.986732 -43.670002
v -0.120000 1.396732 -43.590000
v -0.120000 1.796732 -43.590000
v -0.120000 1.396732 -43.670002
v -0.120000 1.796732 -43.670002
v 0.120000 1.396732 -43.590000
v 0.120000 1.796732 -43.590000
v 0.120000 1.396732 -43.670002
v 0.120000 1.796732 -43.670002
v -0.130000 1.026732 -43.590000
v -0.130000 1.286732 -43.590000
v -0.130000 1.026732 -43.670002
v -0.130000 1.286732 -43.670002
v 0.130000 1.026732 -43.590000
v 0.130000 1.286732 -43.590000
v 0.130000 1.026732 -43.670002
v 0.130000 1.286732 -43.670002
v 1.670000 2.316732 -41.549999
v 1.670000 2.556732 -41.549999
v 1.590000 2.316732 -41.549999
v 1.590000 2.556732 -41.549999
v 1.670000 2.316732 -42.450001
v 1.670000 2.556732 -42.450001
v 1.590000 2.316732 -42.450001
v 1.590000 2.556732 -42.450001
v 1.670000 2.116732 -41.520000
v 1.670000 2.416732 -41.520000
v 1.590000 2.116732 -41.520000
v 1.590000 2.416732 -41.520000
v 1.670000 2.116732 -41.759998
v 1.670000 2.416732 -41.759998
v 1.590000 2.116732 -41.759998
v 1.590000 2.416732 -41.759998
v 1.670000 1.846732 -42.240002
v 1.670000 2.446732 -42.240002
v 1.590000 1.846732 -42.240002
v 1.590000 2.446732 -42.240002
v 1.670000 1.846732 -42.480000
v 1.670000 2.446732 -42.480000
v 1.590000 1.846732 -42.480000
v 1.590000 2.446732 -42.480000
v 1.670000 1.746732 -41.869999
v 1.670000 1.986732 -41.869999
v 1.590000 1.746732 -41.869999
v 1.590000 1.986732 -41.869999
v 1.670000 1.746732 -42.369999
v 1.670000 1.986732 -42.369999
v 1.590000 1.746732 -42.369999
v 1.590000 1.986732 -42.369999
v 1.670000 1.396732 -41.880001
v 1.670000 1.796732 -41.880001
v 1.590000 1.396732 -41.880001
v 1.590000 1.796732 -41.880001
v 1.670000 1.396732 -42.119999
v 1.670000 1.796732 -42.119999
v 1.590000 1.396732 -42.119999
v 1.590000 1.796732 -42.119999
v 1.670000 1.026732 -41.869999
v 1.670000 1.286732 -41.869999
v 1.590000 1.026732 -41.869999
v 1.590000 1.286732 -41.869999
v 1.670000 1.026732 -42.130001
v 1.670000 1.286732 -42.130001
v 1.590000 1.026732 -42.130001
v 1.590000 1.286732 -42.130001
v -1.590000 2.316732 -41.549999
v -1.590000 2.556732 -41.549999
v -1.670000 2.316732 -41.549999
v -1.670000 2.556732 -41.549999
v -1.590000 2.316732 -42.450001
v -1.590000 2.556732 -42.450001
v -1.670000 2.316732 -42.450001
v -1.670000 2.556732 -42.450001
v -1.590000 2.116732 -41.520000
v -1.590000 2.416732 -41.520000
v -1.670000 2.116732 -41.520000
v -1.670000 2.416732 -41.520000
v -1.590000 2.116732 -41.759998
v -1.590000 2.416732 -41.759998
v -1.670000 2.116732 -41.759998
v -1.670000 2.416732 -41.759998
v -1.590000 1.846732 -42.240002
v -1.590000 2.446732 -42.240002
v -1.670000 1.846732 -42.240002
v -1.670000 2.446732 -42.240002
v -1.590000 1.846732 -42.480000
v -1.590000 2.446732 -42.480000
v -1.670000 1.846732 -42.480000
v -1.670000 2.446732 -42.480000
v -1.590000 1.746732 -41.869999
v -1.590000 1.986732 -41.869999
v -1.670000 1.746732 -41.869999
v -1.670000 1.986732 -41.869999
v -1.590000 1.746732 -42.369999
v -1.590000 1.986732 -42.369999
v -1.670000 1.746732 -42.369999
v -1.670000 1.986732 -42.369999
v -1.590000 1.396732 -41.880001
v -1.590000 1.796732 -41.880001
v -1.670000 1.396732 -41.880001
v -1.670000 1.796732 -41.880001
v -1.590000 1.396732 -42.119999
v -1.590000 1.796732 -42.119999
v -1.670000 1.396732 -42.119999
v -1.670000 1.796732 -42.119999
v -1.590000 1.026732 -41.869999
v -1.590000 1.286732 -41.869999
v -1.670000 1.026732 -41.869999
v -1.670000 1.286732 -41.869999
v -1.590000 1.026732 -42.130001
v -1.590000 1.286732 -42.130001
v -1.670000 1.026732 -42.130001
v -1.670000 1.286732 -42.130001
vn -1.0000 -0.0000 -0.0000
vn -0.0000 -0.0000 -1.0000
vn 1.0000 -0.0000 -0.0000
vn -0.0000 -0.0000 1.0000
vn -0.0000 -1.0000 -0.0000
vn -0.0000 1.0000 -0.0000
vt 0.937500 0.437500
vt 0.062500 0.562500
vt 0.187500 0.562500
s 0
usemtl Paleta
f 3075/18/4039 3076/18/4039 3078/18/4039 3077/18/4039
f 3077/18/4040 3078/18/4040 3082/18/4040 3081/18/4040
f 3081/18/4041 3082/18/4041 3080/18/4041 3079/18/4041
f 3079/18/4042 3080/18/4042 3076/18/4042 3075/18/4042
f 3077/18/4043 3081/18/4043 3079/18/4043 3075/18/4043
f 3082/18/4044 3078/18/4044 3076/18/4044 3080/18/4044
f 3083/19/4039 3084/19/4039 3086/19/4039 3085/19/4039
f 3085/19/4040 3086/19/4040 3090/19/4040 3089/19/4040
f 3089/19/4041 3090/19/4041 3088/19/4041 3087/19/4041
f 3087/19/4042 3088/19/4042 3084/19/4042 3083/19/4042
f 3085/19/4043 3089/19/4043 3087/19/4043 3083/19/4043
f 3090/19/4044 3086/19/4044 3084/19/4044 3088/19/4044
f 3091/19/4039 3092/19/4039 3094/19/4039 3093/19/4039
f 3093/19/4040 3094/19/4040 3098/19/4040 3097/19/4040
f 3097/19/4041 3098/19/4041 3096/19/4041 3095/19/4041
f 3095/19/4042 3096/19/4042 3092/19/4042 3091/19/4042
f 3093/19/4043 3097/19/4043 3095/19/4043 3091/19/4043
f 3098/19/4044 3094/19/4044 3092/19/4044 3096/19/4044
f 3099/19/4039 3100/19/4039 3102/19/4039 3101/19/4039
f 3101/19/4040 3102/19/4040 3106/19/4040 3105/19/4040
f 3105/19/4041 3106/19/4041 3104/19/4041 3103/19/4041
f 3103/19/4042 3104/19/4042 3100/19/4042 3099/19/4042
f 3101/19/4043 3105/19/4043 3103/19/4043 3099/19/4043
f 3106/19/4044 3102/19/4044 3100/19/4044 3104/19/4044
f 3107/19/4039 3108/19/4039 3110/19/4039 3109/19/4039
f 3109/19/4040 3110/19/4040 3114/19/4040 3113/19/4040
f 3113/19/4041 3114/19/4041 3112/19/4041 3111/19/4041
f 3111/19/4042 3112/19/4042 3108/19/4042 3107/19/4042
f 3109/19/4043 3113/19/4043 3111/19/4043 3107/19/4043
f 3114/19/4044 3110/19/4044 3108/19/4044 3112/19/4044
f 3115/19/4039 3116/19/4039 3118/19/4039 3117/19/4039
f 3117/19/4040 3118/19/4040 3122/19/4040 3121/19/4040
f 3121/19/4041 3122/19/4041 3120/19/4041 3119/19/4041
f 3119/19/4042 3120/19/4042 3116/19/4042 3115/19/4042
f 3117/19/4043 3121/19/4043 3119/19/4043 3115/19/4043
f 3122/19/4044 3118/19/4044 3116/19/4044 3120/19/4044
f 3123/19/4039 3124/19/4039 3126/19/4039 3125/19/4039
f 3125/19/4040 3126/19/4040 3130/19/4040 3129/19/4040
f 3129/19/4041 3130/19/4041 3128/19/4041 3127/19/4041
f 3127/19/4042 3128/19/4042 3124/19/4042 3123/19/4042
f 3125/19/4043 3129/19/4043 3127/19/4043 3123/19/4043
f 3130/19/4044 3126/19/4044 3124/19/4044 3128/19/4044
f 3131/19/4039 3132/19/4039 3134/19/4039 3133/19/4039
f 3133/19/4040 3134/19/4040 3138/19/4040 3137/19/4040
f 3137/19/4041 3138/19/4041 3136/19/4041 3135/19/4041
f 3135/19/4042 3136/19/4042 3132/19/4042 3131/19/4042
f 3133/19/4043 3137/19/4043 3135/19/4043 3131/19/4043
f 3138/19/4044 3134/19/4044 3132/19/4044 3136/19/4044
f 3139/19/4039 3140/19/4039 3142/19/4039 3141/19/4039
f 3141/19/4040 3142/19/4040 3146/19/4040 3145/19/4040
f 3145/19/4041 3146/19/4041 3144/19/4041 3143/19/4041
f 3143/19/4042 3144/19/4042 3140/19/4042 3139/19/4042
f 3141/19/4043 3145/19/4043 3143/19/4043 3139/19/4043
f 3146/19/4044 3142/19/4044 3140/19/4044 3144/19/4044
f 3147/19/4039 3148/19/4039 3150/19/4039 3149/19/4039
f 3149/19/4040 3150/19/4040 3154/19/4040 3153/19/4040
f 3153/19/4041 3154/19/4041 3152/19/4041 3151/19/4041
f 3151/19/4042 3152/19/4042 3148/19/4042 3147/19/4042
f 3149/19/4043 3153/19/4043 3151/19/4043 3147/19/4043
f 3154/19/4044 3150/19/4044 3148/19/4044 3152/19/4044
f 3155/19/4039 3156/19/4039 3158/19/4039 3157/19/4039
f 3157/19/4040 3158/19/4040 3162/19/4040 3161/19/4040
f 3161/19/4041 3162/19/4041 3160/19/4041 3159/19/4041
f 3159/19/4042 3160/19/4042 3156/19/4042 3155/19/4042
f 3157/19/4043 3161/19/4043 3159/19/4043 3155/19/4043
f 3162/19/4044 3158/19/4044 3156/19/4044 3160/19/4044
f 3163/19/4039 3164/19/4039 3166/19/4039 3165/19/4039
f 3165/19/4040 3166/19/4040 3170/19/4040 3169/19/4040
f 3169/19/4041 3170/19/4041 3168/19/4041 3167/19/4041
f 3167/19/4042 3168/19/4042 3164/19/4042 3163/19/4042
f 3165/19/4043 3169/19/4043 3167/19/4043 3163/19/4043
f 3170/19/4044 3166/19/4044 3164/19/4044 3168/19/4044
f 3171/19/4039 3172/19/4039 3174/19/4039 3173/19/4039
f 3173/19/4040 3174/19/4040 3178/19/4040 3177/19/4040
f 3177/19/4041 3178/19/4041 3176/19/4041 3175/19/4041
f 3175/19/4042 3176/19/4042 3172/19/4042 3171/19/4042
f 3173/19/4043 3177/19/4043 3175/19/4043 3171/19/4043
f 3178/19/4044 3174/19/4044 3172/19/4044 3176/19/4044
f 3179/20/4039 3180/20/4039 3182/20/4039 3181/20/4039
f 3181/20/4040 3182/20/4040 3186/20/4040 3185/20/4040
f 3185/20/4041 3186/20/4041 3184/20/4041 3183/20/4041
f 3183/20/4042 3184/20/4042 3180/20/4042 3179/20/4042
f 3181/20/4043 3185/20/4043 3183/20/4043 3179/20/4043
f 3186/20/4044 3182/20/4044 3180/20/4044 3184/20/4044
f 3187/20/4039 3188/20/4039 3190/20/4039 3189/20/4039
f 3189/20/4040 3190/20/4040 3194/20/4040 3193/20/4040
f 3193/20/4041 3194/20/4041 3192/20/4041 3191/20/4041
f 3191/20/4042 3192/20/4042 3188/20/4042 3187/20/4042
f 3189/20/4043 3193/20/4043 3191/20/4043 3187/20/4043
f 3194/20/4044 3190/20/4044 3188/20/4044 3192/20/4044
f 3195/20/4039 3196/20/4039 3198/20/4039 3197/20/4039
f 3197/20/4040 3198/20/4040 3202/20/4040 3201/20/4040
f 3201/20/4041 3202/20/4041 3200/20/4041 3199/20/4041
f 3199/20/4042 3200/20/4042 3196/20/4042 3195/20/4042
f 3197/20/4043 3201/20/4043 3199/20/4043 3195/20/4043
f 3202/20/4044 3198/20/4044 3196/20/4044 3200/20/4044
f 3203/20/4039 3204/20/4039 3206/20/4039 3205/20/4039
f 3205/20/4040 3206/20/4040 3210/20/4040 3209/20/4040
f 3209/20/4041 3210/20/4041 3208/20/4041 3207/20/4041
f 3207/20/4042 3208/20/4042 3204/20/4042 3203/20/4042
f 3205/20/4043 3209/20/4043 3207/20/4043 3203/20/4043
f 3210/20/4044 3206/20/4044 3204/20/4044 3208/20/4044
f 3211/20/4039 3212/20/4039 3214/20/4039 3213/20/4039
f 3213/20/4040 3214/20/4040 3218/20/4040 3217/20/4040
f 3217/20/4041 3218/20/4041 3216/20/4041 3215/20/4041
f 3215/20/4042 3216/20/4042 3212/20/4042 3211/20/4042
f 3213/20/4043 3217/20/4043 3215/20/4043 3211/20/4043
f 3218/20/4044 3214/20/4044 3212/20/4044 3216/20/4044
f 3219/20/4039 3220/20/4039 3222/20/4039 3221/20/4039
f 3221/20/4040 3222/20/4040 3226/20/4040 3225/20/4040
f 3225/20/4041 3226/20/4041 3224/20/4041 3223/20/4041
f 3223/20/4042 3224/20/4042 3220/20/4042 3219/20/4042
f 3221/20/4043 3225/20/4043 3223/20/4043 3219/20/4043
f 3226/20/4044 3222/20/4044 3220/20/4044 3224/20/4044
f 3227/20/4039 3228/20/4039 3230/20/4039 3229/20/4039
f 3229/20/4040 3230/20/4040 3234/20/4040 3233/20/4040
f 3233/20/4041 3234/20/4041 3232/20/4041 3231/20/4041
f 3231/20/4042 3232/20/4042 3228/20/4042 3227/20/4042
f 3229/20/4043 3233/20/4043 3231/20/4043 3227/20/4043
f 3234/20/4044 3230/20/4044 3228/20/4044 3232/20/4044
f 3235/20/4039 3236/20/4039 3238/20/4039 3237/20/4039
f 3237/20/4040 3238/20/4040 3242/20/4040 3241/20/4040
f 3241/20/4041 3242/20/4041 3240/20/4041 3239/20/4041
f 3239/20/4042 3240/20/4042 3236/20/4042 3235/20/4042
f 3237/20/4043 3241/20/4043 3239/20/4043 3235/20/4043
f 3242/20/4044 3238/20/4044 3236/20/4044 3240/20/4044
f 3243/20/4039 3244/20/4039 3246/20/4039 3245/20/4039
f 3245/20/4040 3246/20/4040 3250/20/4040 3249/20/4040
f 3249/20/4041 3250/20/4041 3248/20/4041 3247/20/4041
f 3247/20/4042 3248/20/4042 3244/20/4042 3243/20/4042
f 3245/20/4043 3249/20/4043 3247/20/4043 3243/20/4043
f 3250/20/4044 3246/20/4044 3244/20/4044 3248/20/4044
f 3251/20/4039 3252/20/4039 3254/20/4039 3253/20/4039
f 3253/20/4040 3254/20/4040 3258/20/4040 3257/20/4040
f 3257/20/4041 3258/20/4041 3256/20/4041 3255/20/4041
f 3255/20/4042 3256/20/4042 3252/20/4042 3251/20/4042
f 3253/20/4043 3257/20/4043 3255/20/4043 3251/20/4043
f 3258/20/4044 3254/20/4044 3252/20/4044 3256/20/4044
f 3259/20/4039 3260/20/4039 3262/20/4039 3261/20/4039
f 3261/20/4040 3262/20/4040 3266/20/4040 3265/20/4040
f 3265/20/4041 3266/20/4041 3264/20/4041 3263/20/4041
f 3263/20/4042 3264/20/4042 3260/20/4042 3259/20/4042
f 3261/20/4043 3265/20/4043 3263/20/4043 3259/20/4043
f 3266/20/4044 3262/20/4044 3260/20/4044 3264/20/4044
f 3267/20/4039 3268/20/4039 3270/20/4039 3269/20/4039
f 3269/20/4040 3270/20/4040 3274/20/4040 3273/20/4040
f 3273/20/4041 3274/20/4041 3272/20/4041 3271/20/4041
f 3271/20/4042 3272/20/4042 3268/20/4042 3267/20/4042
f 3269/20/4043 3273/20/4043 3271/20/4043 3267/20/4043
f 3274/20/4044 3270/20/4044 3268/20/4044 3272/20/4044
f 3275/20/4042 3276/20/4042 3278/20/4042 3277/20/4042
f 3277/20/4039 3278/20/4039 3282/20/4039 3281/20/4039
f 3281/20/4040 3282/20/4040 3280/20/4040 3279/20/4040
f 3279/20/4041 3280/20/4041 3276/20/4041 3275/20/4041
f 3277/20/4043 3281/20/4043 3279/20/4043 3275/20/4043
f 3282/20/4044 3278/20/4044 3276/20/4044 3280/20/4044
f 3283/20/4042 3284/20/4042 3286/20/4042 3285/20/4042
f 3285/20/4039 3286/20/4039 3290/20/4039 3289/20/4039
f 3289/20/4040 3290/20/4040 3288/20/4040 3287/20/4040
f 3287/20/4041 3288/20/4041 3284/20/4041 3283/20/4041
f 3285/20/4043 3289/20/4043 3287/20/4043 3283/20/4043
f 3290/20/4044 3286/20/4044 3284/20/4044 3288/20/4044
f 3291/20/4042 3292/20/4042 3294/20/4042 3293/20/4042
f 3293/20/4039 3294/20/4039 3298/20/4039 3297/20/4039
f 3297/20/4040 3298/20/4040 3296/20/4040 3295/20/4040
f 3295/20/4041 3296/20/4041 3292/20/4041 3291/20/4041
f 3293/20/4043 3297/20/4043 3295/20/4043 3291/20/4043
f 3298/20/4044 3294/20/4044 3292/20/4044 3296/20/4044
f 3299/20/4042 3300/20/4042 3302/20/4042 3301/20/4042
f 3301/20/4039 3302/20/4039 3306/20/4039 3305/20/4039
f 3305/20/4040 3306/20/4040 3304/20/4040 3303/20/4040
f 3303/20/4041 3304/20/4041 3300/20/4041 3299/20/4041
f 3301/20/4043 3305/20/4043 3303/20/4043 3299/20/4043
f 3306/20/4044 3302/20/4044 3300/20/4044 3304/20/4044
f 3307/20/4042 3308/20/4042 3310/20/4042 3309/20/4042
f 3309/20/4039 3310/20/4039 3314/20/4039 3313/20/4039
f 3313/20/4040 3314/20/4040 3312/20/4040 3311/20/4040
f 3311/20/4041 3312/20/4041 3308/20/4041 3307/20/4041
f 3309/20/4043 3313/20/4043 3311/20/4043 3307/20/4043
f 3314/20/4044 3310/20/4044 3308/20/4044 3312/20/4044
f 3315/20/4042 3316/20/4042 3318/20/4042 3317/20/4042
f 3317/20/4039 3318/20/4039 3322/20/4039 3321/20/4039
f 3321/20/4040 3322/20/4040 3320/20/4040 3319/20/4040
f 3319/20/4041 3320/20/4041 3316/20/4041 3315/20/4041
f 3317/20/4043 3321/20/4043 3319/20/4043 3315/20/4043
f 3322/20/4044 3318/20/4044 3316/20/4044 3320/20/4044
f 3323/20/4042 3324/20/4042 3326/20/4042 3325/20/4042
f 3325/20/4039 3326/20/4039 3330/20/4039 3329/20/4039
f 3329/20/4040 3330/20/4040 3328/20/4040 3327/20/4040
f 3327/20/4041 3328/20/4041 3324/20/4041 3323/20/4041
f 3325/20/4043 3329/20/4043 3327/20/4043 3323/20/4043
f 3330/20/4044 3326/20/4044 3324/20/4044 3328/20/4044
f 3331/20/4042 3332/20/4042 3334/20/4042 3333/20/4042
f 3333/20/4039 3334/20/4039 3338/20/4039 3337/20/4039
f 3337/20/4040 3338/20/4040 3336/20/4040 3335/20/4040
f 3335/20/4041 3336/20/4041 3332/20/4041 3331/20/4041
f 3333/20/4043 3337/20/4043 3335/20/4043 3331/20/4043
f 3338/20/4044 3334/20/4044 3332/20/4044 3336/20/4044
f 3339/20/4042 3340/20/4042 3342/20/4042 3341/20/4042
f 3341/20/4039 3342/20/4039 3346/20/4039 3345/20/4039
f 3345/20/4040 3346/20/4040 3344/20/4040 3343/20/4040
f 3343/20/4041 3344/20/4041 3340/20/4041 3339/20/4041
f 3341/20/4043 3345/20/4043 3343/20/4043 3339/20/4043
f 3346/20/4044 3342/20/4044 3340/20/4044 3344/20/4044
f 3347/20/4042 3348/20/4042 3350/20/4042 3349/20/4042
f 3349/20/4039 3350/20/4039 3354/20/4039 3353/20/4039
f 3353/20/4040 3354/20/4040 3352/20/4040 3351/20/4040
f 3351/20/4041 3352/20/4041 3348/20/4041 3347/20/4041
f 3349/20/4043 3353/20/4043 3351/20/4043 3347/20/4043
f 3354/20/4044 3350/20/4044 3348/20/4044 3352/20/4044
f 3355/20/4042 3356/20/4042 3358/20/4042 3357/20/4042
f 3357/20/4039 3358/20/4039 3362/20/4039 3361/20/4039
f 3361/20/4040 3362/20/4040 3360/20/4040 3359/20/4040
f 3359/20/4041 3360/20/4041 3356/20/4041 3355/20/4041
f 3357/20/4043 3361/20/4043 3359/20/4043 3355/20/4043
f 3362/20/4044 3358/20/4044 3356/20/4044 3360/20/4044
f 3363/20/4042 3364/20/4042 3366/20/4042 3365/20/4042
f 3365/20/4039 3366/20/4039 3370/20/4039 3369/20/4039
f 3369/20/4040 3370/20/4040 3368/20/4040 3367/20/4040
f 3367/20/4041 3368/20/4041 3364/20/4041 3363/20/4041
f 3365/20/4043 3369/20/4043 3367/20/4043 3363/20/4043
f 3370/20/4044 3366/20/4044 3364/20/4044 3368/20/4044
o MysteryBox4
v -37.973064 -0.588844 -19.400000
v -37.973064 2.611156 -19.400000
v -37.973064 -0.588844 -22.600000
v -37.973064 2.611156 -22.600000
v -34.773067 -0.588844 -19.400000
v -34.773067 2.611156 -19.400000
v -34.773067 -0.588844 -22.600000
v -34.773067 2.611156 -22.600000
v -34.948067 -0.638844 -22.425001
v -34.948067 2.661156 -22.425001
v -34.948067 -0.638844 -22.775000
v -34.948067 2.661156 -22.775000
v -34.598068 -0.638844 -22.425001
v -34.598068 2.661156 -22.425001
v -34.598068 -0.638844 -22.775000
v -34.598068 2.661156 -22.775000
v -34.948067 -0.638844 -19.225000
v -34.948067 2.661156 -19.225000
v -34.948067 -0.638844 -19.574999
v -34.948067 2.661156 -19.574999
v -34.598068 -0.638844 -19.225000
v -34.598068 2.661156 -19.225000
v -34.598068 -0.638844 -19.574999
v -34.598068 2.661156 -19.574999
v -38.148067 -0.638844 -22.425001
v -38.148067 2.661156 -22.425001
v -38.148067 -0.638844 -22.775000
v -38.148067 2.661156 -22.775000
v -37.798069 -0.638844 -22.425001
v -37.798069 2.661156 -22.425001
v -37.798069 -0.638844 -22.775000
v -37.798069 2.661156 -22.775000
v -38.148067 -0.638844 -19.225000
v -38.148067 2.661156 -19.225000
v -38.148067 -0.638844 -19.574999
v -38.148067 2.661156 -19.574999
v -37.798069 -0.638844 -19.225000
v -37.798069 2.661156 -19.225000
v -37.798069 -0.638844 -19.574999
v -37.798069 2.661156 -19.574999
v -38.023067 -0.763844 -22.375000
v -38.023067 -0.413844 -22.375000
v -38.023067 -0.763844 -22.825001
v -38.023067 -0.413844 -22.825001
v -34.723064 -0.763844 -22.375000
v -34.723064 -0.413844 -22.375000
v -34.723064 -0.763844 -22.825001
v -34.723064 -0.413844 -22.825001
v -38.023067 -0.763844 -19.174999
v -38.023067 -0.413844 -19.174999
v -38.023067 -0.763844 -19.625000
v -38.023067 -0.413844 -19.625000
v -34.723064 -0.763844 -19.174999
v -34.723064 -0.413844 -19.174999
v -34.723064 -0.763844 -19.625000
v -34.723064 -0.413844 -19.625000
v -34.998066 -0.763844 -19.350000
v -34.998066 -0.413844 -19.350000
v -34.998066 -0.763844 -22.650000
v -34.998066 -0.413844 -22.650000
v -34.548069 -0.763844 -19.350000
v -34.548069 -0.413844 -19.350000
v -34.548069 -0.763844 -22.650000
v -34.548069 -0.413844 -22.650000
v -38.198067 -0.763844 -19.350000
v -38.198067 -0.413844 -19.350000
v -38.198067 -0.763844 -22.650000
v -38.198067 -0.413844 -22.650000
v -37.748070 -0.763844 -19.350000
v -37.748070 -0.413844 -19.350000
v -37.748070 -0.763844 -22.650000
v -37.748070 -0.413844 -22.650000
v -38.023067 2.436156 -22.375000
v -38.023067 2.786156 -22.375000
v -38.023067 2.436156 -22.825001
v -38.023067 2.786156 -22.825001
v -34.723064 2.436156 -22.375000
v -34.723064 2.786156 -22.375000
v -34.723064 2.436156 -22.825001
v -34.723064 2.786156 -22.825001
v -38.023067 2.436156 -19.174999
v -38.023067 2.786156 -19.174999
v -38.023067 2.436156 -19.625000
v -38.023067 2.786156 -19.625000
v -34.723064 2.436156 -19.174999
v -34.723064 2.786156 -19.174999
v -34.723064 2.436156 -19.625000
v -34.723064 2.786156 -19.625000
v -34.998066 2.436156 -19.350000
v -34.998066 2.786156 -19.350000
v -34.998066 2.436156 -22.650000
v -34.998066 2.786156 -22.650000
v -34.548069 2.436156 -19.350000
v -34.548069 2.786156 -19.350000
v -34.548069 2.436156 -22.650000
v -34.548069 2.786156 -22.650000
v -38.198067 2.436156 -19.350000
v -38.198067 2.786156 -19.350000
v -38.198067 2.436156 -22.650000
v -38.198067 2.786156 -22.650000
v -37.748070 2.436156 -19.350000
v -37.748070 2.786156 -19.350000
v -37.748070 2.436156 -22.650000
v -37.748070 2.786156 -22.650000
v -36.823067 1.511156 -19.330002
v -36.823067 1.751156 -19.330002
v -36.823067 1.511156 -19.410000
v -36.823067 1.751156 -19.410000
v -35.923065 1.511156 -19.330002
v -35.923065 1.751156 -19.330002
v -35.923065 1.511156 -19.410000
v -35.923065 1.751156 -19.410000
v -36.853065 1.311156 -19.330002
v -36.853065 1.611156 -19.330002
v -36.853065 1.311156 -19.410000
v -36.853065 1.611156 -19.410000
v -36.613068 1.311156 -19.330002
v -36.613068 1.611156 -19.330002
v -36.613068 1.311156 -19.410000
v -36.613068 1.611156 -19.410000
v -36.133064 1.041156 -19.330002
v -36.133064 1.641156 -19.330002
v -36.133064 1.041156 -19.410000
v -36.133064 1.641156 -19.410000
v -35.893066 1.041156 -19.330002
v -35.893066 1.641156 -19.330002
v -35.893066 1.041156 -19.410000
v -35.893066 1.641156 -19.410000
v -36.503067 0.941156 -19.330002
v -36.503067 1.181156 -19.330002
v -36.503067 0.941156 -19.410000
v -36.503067 1.181156 -19.410000
v -36.003067 0.941156 -19.330002
v -36.003067 1.181156 -19.330002
v -36.003067 0.941156 -19.410000
v -36.003067 1.181156 -19.410000
v -36.493065 0.591156 -19.330002
v -36.493065 0.991156 -19.330002
v -36.493065 0.591156 -19.410000
v -36.493065 0.991156 -19.410000
v -36.253067 0.591156 -19.330002
v -36.253067 0.991156 -19.330002
v -36.253067 0.591156 -19.410000
v -36.253067 0.991156 -19.410000
v -36.503067 0.221156 -19.330002
v -36.503067 0.481156 -19.330002
v -36.503067 0.221156 -19.410000
v -36.503067 0.481156 -19.410000
v -36.243065 0.221156 -19.330002
v -36.243065 0.481156 -19.330002
v -36.243065 0.221156 -19.410000
v -36.243065 0.481156 -19.410000
v -36.823067 1.511156 -22.590000
v -36.823067 1.751156 -22.590000
v -36.823067 1.511156 -22.669998
v -36.823067 1.751156 -22.669998
v -35.923065 1.511156 -22.590000
v -35.923065 1.751156 -22.590000
v -35.923065 1.511156 -22.669998
v -35.923065 1.751156 -22.669998
v -36.853065 1.311156 -22.590000
v -36.853065 1.611156 -22.590000
v -36.853065 1.311156 -22.669998
v -36.853065 1.611156 -22.669998
v -36.613068 1.311156 -22.590000
v -36.613068 1.611156 -22.590000
v -36.613068 1.311156 -22.669998
v -36.613068 1.611156 -22.669998
v -36.133064 1.041156 -22.590000
v -36.133064 1.641156 -22.590000
v -36.133064 1.041156 -22.669998
v -36.133064 1.641156 -22.669998
v -35.893066 1.041156 -22.590000
v -35.893066 1.641156 -22.590000
v -35.893066 1.041156 -22.669998
v -35.893066 1.641156 -22.669998
v -36.503067 0.941156 -22.590000
v -36.503067 1.181156 -22.590000
v -36.503067 0.941156 -22.669998
v -36.503067 1.181156 -22.669998
v -36.003067 0.941156 -22.590000
v -36.003067 1.181156 -22.590000
v -36.003067 0.941156 -22.669998
v -36.003067 1.181156 -22.669998
v -36.493065 0.591156 -22.590000
v -36.493065 0.991156 -22.590000
v -36.493065 0.591156 -22.669998
v -36.493065 0.991156 -22.669998
v -36.253067 0.591156 -22.590000
v -36.253067 0.991156 -22.590000
v -36.253067 0.591156 -22.669998
v -36.253067 0.991156 -22.669998
v -36.503067 0.221156 -22.590000
v -36.503067 0.481156 -22.590000
v -36.503067 0.221156 -22.669998
v -36.503067 0.481156 -22.669998
v -36.243065 0.221156 -22.590000
v -36.243065 0.481156 -22.590000
v -36.243065 0.221156 -22.669998
v -36.243065 0.481156 -22.669998
v -34.703064 1.511156 -20.549999
v -34.703064 1.751156 -20.549999
v -34.783066 1.511156 -20.549999
v -34.783066 1.751156 -20.549999
v -34.703064 1.511156 -21.450001
v -34.703064 1.751156 -21.450001
v -34.783066 1.511156 -21.450001
v -34.783066 1.751156 -21.450001
v -34.703064 1.311156 -20.519999
v -34.703064 1.611156 -20.519999
v -34.783066 1.311156 -20.519999
v -34.783066 1.611156 -20.519999
v -34.703064 1.311156 -20.760000
v -34.703064 1.611156 -20.760000
v -34.783066 1.311156 -20.760000
v -34.783066 1.611156 -20.760000
v -34.703064 1.041156 -21.240000
v -34.703064 1.641156 -21.240000
v -34.783066 1.041156 -21.240000
v -34.783066 1.641156 -21.240000
v -34.703064 1.041156 -21.480001
v -34.703064 1.641156 -21.480001
v -34.783066 1.041156 -21.480001
v -34.783066 1.641156 -21.480001
v -34.703064 0.941156 -20.870001
v -34.703064 1.181156 -20.870001
v -34.783066 0.941156 -20.870001
v -34.783066 1.181156 -20.870001
v -34.703064 0.941156 -21.370001
v -34.703064 1.181156 -21.370001
v -34.783066 0.941156 -21.370001
v -34.783066 1.181156 -21.370001
v -34.703064 0.591156 -20.879999
v -34.703064 0.991156 -20.879999
v -34.783066 0.591156 -20.879999
v -34.783066 0.991156 -20.879999
v -34.703064 0.591156 -21.120001
v -34.703064 0.991156 -21.120001
v -34.783066 0.591156 -21.120001
v -34.783066 0.991156 -21.120001
v -34.703064 0.221156 -20.870001
v -34.703064 0.481156 -20.870001
v -34.783066 0.221156 -20.870001
v -34.783066 0.481156 -20.870001
v -34.703064 0.221156 -21.129999
v -34.703064 0.481156 -21.129999
v -34.783066 0.221156 -21.129999
v -34.783066 0.481156 -21.129999
v -37.963066 1.511156 -20.549999
v -37.963066 1.751156 -20.549999
v -38.043068 1.511156 -20.549999
v -38.043068 1.751156 -20.549999
v -37.963066 1.511156 -21.450001
v -37.963066 1.751156 -21.450001
v -38.043068 1.511156 -21.450001
v -38.043068 1.751156 -21.450001
v -37.963066 1.311156 -20.519999
v -37.963066 1.611156 -20.519999
v -38.043068 1.311156 -20.519999
v -38.043068 1.611156 -20.519999
v -37.963066 1.311156 -20.760000
v -37.963066 1.611156 -20.760000
v -38.043068 1.311156 -20.760000
v -38.043068 1.611156 -20.760000
v -37.963066 1.041156 -21.240000
v -37.963066 1.641156 -21.240000
v -38.043068 1.041156 -21.240000
v -38.043068 1.641156 -21.240000
v -37.963066 1.041156 -21.480001
v -37.963066 1.641156 -21.480001
v -38.043068 1.041156 -21.480001
v -38.043068 1.641156 -21.480001
v -37.963066 0.941156 -20.870001
v -37.963066 1.181156 -20.870001
v -38.043068 0.941156 -20.870001
v -38.043068 1.181156 -20.870001
v -37.963066 0.941156 -21.370001
v -37.963066 1.181156 -21.370001
v -38.043068 0.941156 -21.370001
v -38.043068 1.181156 -21.370001
v -37.963066 0.591156 -20.879999
v -37.963066 0.991156 -20.879999
v -38.043068 0.591156 -20.879999
v -38.043068 0.991156 -20.879999
v -37.963066 0.591156 -21.120001
v -37.963066 0.991156 -21.120001
v -38.043068 0.591156 -21.120001
v -38.043068 0.991156 -21.120001
v -37.963066 0.221156 -20.870001
v -37.963066 0.481156 -20.870001
v -38.043068 0.221156 -20.870001
v -38.043068 0.481156 -20.870001
v -37.963066 0.221156 -21.129999
v -37.963066 0.481156 -21.129999
v -38.043068 0.221156 -21.129999
v -38.043068 0.481156 -21.129999
vn -1.0000 -0.0000 -0.0000
vn -0.0000 -0.0000 -1.0000
vn 1.0000 -0.0000 -0.0000
vn -0.0000 -0.0000 1.0000
vn -0.0000 -1.0000 -0.0000
vn -0.0000 1.0000 -0.0000
vt 0.937500 0.437500
vt 0.062500 0.562500
vt 0.187500 0.562500
s 0
usemtl Paleta
f 3371/21/4045 3372/21/4045 3374/21/4045 3373/21/4045
f 3373/21/4046 3374/21/4046 3378/21/4046 3377/21/4046
f 3377/21/4047 3378/21/4047 3376/21/4047 3375/21/4047
f 3375/21/4048 3376/21/4048 3372/21/4048 3371/21/4048
f 3373/21/4049 3377/21/4049 3375/21/4049 3371/21/4049
f 3378/21/4050 3374/21/4050 3372/21/4050 3376/21/4050
f 3379/22/4045 3380/22/4045 3382/22/4045 3381/22/4045
f 3381/22/4046 3382/22/4046 3386/22/4046 3385/22/4046
f 3385/22/4047 3386/22/4047 3384/22/4047 3383/22/4047
f 3383/22/4048 3384/22/4048 3380/22/4048 3379/22/4048
f 3381/22/4049 3385/22/4049 3383/22/4049 3379/22/4049
f 3386/22/4050 3382/22/4050 3380/22/4050 3384/22/4050
f 3387/22/4045 3388/22/4045 3390/22/4045 3389/22/4045
f 3389/22/4046 3390/22/4046 3394/22/4046 3393/22/4046
f 3393/22/4047 3394/22/4047 3392/22/4047 3391/22/4047
f 3391/22/4048 3392/22/4048 3388/22/4048 3387/22/4048
f 3389/22/4049 3393/22/4049 3391/22/4049 3387/22/4049
f 3394/22/4050 3390/22/4050 3388/22/4050 3392/22/4050
f 3395/22/4045 3396/22/4045 3398/22/4045 3397/22/4045
f 3397/22/4046 3398/22/4046 3402/22/4046 3401/22/4046
f 3401/22/4047 3402/22/4047 3400/22/4047 3399/22/4047
f 3399/22/4048 3400/22/4048 3396/22/4048 3395/22/4048
f 3397/22/4049 3401/22/4049 3399/22/4049 3395/22/4049
f 3402/22/4050 3398/22/4050 3396/22/4050 3400/22/4050
f 3403/22/4045 3404/22/4045 3406/22/4045 3405/22/4045
f 3405/22/4046 3406/22/4046 3410/22/4046 3409/22/4046
f 3409/22/4047 3410/22/4047 3408/22/4047 3407/22/4047
f 3407/22/4048 3408/22/4048 3404/22/4048 3403/22/4048
f 3405/22/4049 3409/22/4049 3407/22/4049 3403/22/4049
f 3410/22/4050 3406/22/4050 3404/22/4050 3408/22/4050
f 3411/22/4045 3412/22/4045 3414/22/4045 3413/22/4045
f 3413/22/4046 3414/22/4046 3418/22/4046 3417/22/4046
f 3417/22/4047 3418/22/4047 3416/22/4047 3415/22/4047
f 3415/22/4048 3416/22/4048 3412/22/4048 3411/22/4048
f 3413/22/4049 3417/22/4049 3415/22/4049 3411/22/4049
f 3418/22/4050 3414/22/4050 3412/22/4050 3416/22/4050
f 3419/22/4045 3420/22/4045 3422/22/4045 3421/22/4045
f 3421/22/4046 3422/22/4046 3426/22/4046 3425/22/4046
f 3425/22/4047 3426/22/4047 3424/22/4047 3423/22/4047
f 3423/22/4048 3424/22/4048 3420/22/4048 3419/22/4048
f 3421/22/4049 3425/22/4049 3423/22/4049 3419/22/4049
f 3426/22/4050 3422/22/4050 3420/22/4050 3424/22/4050
f 3427/22/4045 3428/22/4045 3430/22/4045 3429/22/4045
f 3429/22/4046 3430/22/4046 3434/22/4046 3433/22/4046
f 3433/22/4047 3434/22/4047 3432/22/4047 3431/22/4047
f 3431/22/4048 3432/22/4048 3428/22/4048 3427/22/4048
f 3429/22/4049 3433/22/4049 3431/22/4049 3427/22/4049
f 3434/22/4050 3430/22/4050 3428/22/4050 3432/22/4050
f 3435/22/4045 3436/22/4045 3438/22/4045 3437/22/4045
f 3437/22/4046 3438/22/4046 3442/22/4046 3441/22/4046
f 3441/22/4047 3442/22/4047 3440/22/4047 3439/22/4047
f 3439/22/4048 3440/22/4048 3436/22/4048 3435/22/4048
f 3437/22/4049 3441/22/4049 3439/22/4049 3435/22/4049
f 3442/22/4050 3438/22/4050 3436/22/4050 3440/22/4050
f 3443/22/4045 3444/22/4045 3446/22/4045 3445/22/4045
f 3445/22/4046 3446/22/4046 3450/22/4046 3449/22/4046
f 3449/22/4047 3450/22/4047 3448/22/4047 3447/22/4047
f 3447/22/4048 3448/22/4048 3444/22/4048 3443/22/4048
f 3445/22/4049 3449/22/4049 3447/22/4049 3443/22/4049
f 3450/22/4050 3446/22/4050 3444/22/4050 3448/22/4050
f 3451/22/4045 3452/22/4045 3454/22/4045 3453/22/4045
f 3453/22/4046 3454/22/4046 3458/22/4046 3457/22/4046
f 3457/22/4047 3458/22/4047 3456/22/4047 3455/22/4047
f 3455/22/4048 3456/22/4048 3452/22/4048 3451/22/4048
f 3453/22/4049 3457/22/4049 3455/22/4049 3451/22/4049
f 3458/22/4050 3454/22/4050 3452/22/4050 3456/22/4050
f 3459/22/4045 3460/22/4045 3462/22/4045 3461/22/4045
f 3461/22/4046 3462/22/4046 3466/22/4046 3465/22/4046
f 3465/22/4047 3466/22/4047 3464/22/4047 3463/22/4047
f 3463/22/4048 3464/22/4048 3460/22/4048 3459/22/4048
f 3461/22/4049 3465/22/4049 3463/22/4049 3459/22/4049
f 3466/22/4050 3462/22/4050 3460/22/4050 3464/22/4050
f 3467/22/4045 3468/22/4045 3470/22/4045 3469/22/4045
f 3469/22/4046 3470/22/4046 3474/22/4046 3473/22/4046
f 3473/22/4047 3474/22/4047 3472/22/4047 3471/22/4047
f 3471/22/4048 3472/22/4048 3468/22/4048 3467/22/4048
f 3469/22/4049 3473/22/4049 3471/22/4049 3467/22/4049
f 3474/22/4050 3470/22/4050 3468/22/4050 3472/22/4050
f 3475/23/4045 3476/23/4045 3478/23/4045 3477/23/4045
f 3477/23/4046 3478/23/4046 3482/23/4046 3481/23/4046
f 3481/23/4047 3482/23/4047 3480/23/4047 3479/23/4047
f 3479/23/4048 3480/23/4048 3476/23/4048 3475/23/4048
f 3477/23/4049 3481/23/4049 3479/23/4049 3475/23/4049
f 3482/23/4050 3478/23/4050 3476/23/4050 3480/23/4050
f 3483/23/4045 3484/23/4045 3486/23/4045 3485/23/4045
f 3485/23/4046 3486/23/4046 3490/23/4046 3489/23/4046
f 3489/23/4047 3490/23/4047 3488/23/4047 3487/23/4047
f 3487/23/4048 3488/23/4048 3484/23/4048 3483/23/4048
f 3485/23/4049 3489/23/4049 3487/23/4049 3483/23/4049
f 3490/23/4050 3486/23/4050 3484/23/4050 3488/23/4050
f 3491/23/4045 3492/23/4045 3494/23/4045 3493/23/4045
f 3493/23/4046 3494/23/4046 3498/23/4046 3497/23/4046
f 3497/23/4047 3498/23/4047 3496/23/4047 3495/23/4047
f 3495/23/4048 3496/23/4048 3492/23/4048 3491/23/4048
f 3493/23/4049 3497/23/4049 3495/23/4049 3491/23/4049
f 3498/23/4050 3494/23/4050 3492/23/4050 3496/23/4050
f 3499/23/4045 3500/23/4045 3502/23/4045 3501/23/4045
f 3501/23/4046 3502/23/4046 3506/23/4046 3505/23/4046
f 3505/23/4047 3506/23/4047 3504/23/4047 3503/23/4047
f 3503/23/4048 3504/23/4048 3500/23/4048 3499/23/4048
f 3501/23/4049 3505/23/4049 3503/23/4049 3499/23/4049
f 3506/23/4050 3502/23/4050 3500/23/4050 3504/23/4050
f 3507/23/4045 3508/23/4045 3510/23/4045 3509/23/4045
f 3509/23/4046 3510/23/4046 3514/23/4046 3513/23/4046
f 3513/23/4047 3514/23/4047 3512/23/4047 3511/23/4047
f 3511/23/4048 3512/23/4048 3508/23/4048 3507/23/4048
f 3509/23/4049 3513/23/4049 3511/23/4049 3507/23/4049
f 3514/23/4050 3510/23/4050 3508/23/4050 3512/23/4050
f 3515/23/4045 3516/23/4045 3518/23/4045 3517/23/4045
f 3517/23/4046 3518/23/4046 3522/23/4046 3521/23/4046
f 3521/23/4047 3522/23/4047 3520/23/4047 3519/23/4047
f 3519/23/4048 3520/23/4048 3516/23/4048 3515/23/4048
f 3517/23/4049 3521/23/4049 3519/23/4049 3515/23/4049
f 3522/23/4050 3518/23/4050 3516/23/4050 3520/23/4050
f 3523/23/4045 3524/23/4045 3526/23/4045 3525/23/4045
f 3525/23/4046 3526/23/4046 3530/23/4046 3529/23/4046
f 3529/23/4047 3530/23/4047 3528/23/4047 3527/23/4047
f 3527/23/4048 3528/23/4048 3524/23/4048 3523/23/4048
f 3525/23/4049 3529/23/4049 3527/23/4049 3523/23/4049
f 3530/23/4050 3526/23/4050 3524/23/4050 3528/23/4050
f 3531/23/4045 3532/23/4045 3534/23/4045 3533/23/4045
f 3533/23/4046 3534/23/4046 3538/23/4046 3537/23/4046
f 3537/23/4047 3538/23/4047 3536/23/4047 3535/23/4047
f 3535/23/4048 3536/23/4048 3532/23/4048 3531/23/4048
f 3533/23/4049 3537/23/4049 3535/23/4049 3531/23/4049
f 3538/23/4050 3534/23/4050 3532/23/4050 3536/23/4050
f 3539/23/4045 3540/23/4045 3542/23/4045 3541/23/4045
f 3541/23/4046 3542/23/4046 3546/23/4046 3545/23/4046
f 3545/23/4047 3546/23/4047 3544/23/4047 3543/23/4047
f 3543/23/4048 3544/23/4048 3540/23/4048 3539/23/4048
f 3541/23/4049 3545/23/4049 3543/23/4049 3539/23/4049
f 3546/23/4050 3542/23/4050 3540/23/4050 3544/23/4050
f 3547/23/4045 3548/23/4045 3550/23/4045 3549/23/4045
f 3549/23/4046 3550/23/4046 3554/23/4046 3553/23/4046
f 3553/23/4047 3554/23/4047 3552/23/4047 3551/23/4047
f 3551/23/4048 3552/23/4048 3548/23/4048 3547/23/4048
f 3549/23/4049 3553/23/4049 3551/23/4049 3547/23/4049
f 3554/23/4050 3550/23/4050 3548/23/4050 3552/23/4050
f 3555/23/4045 3556/23/4045 3558/23/4045 3557/23/4045
f 3557/23/4046 3558/23/4046 3562/23/4046 3561/23/4046
f 3561/23/4047 3562/23/4047 3560/23/4047 3559/23/4047
f 3559/23/4048 3560/23/4048 3556/23/4048 3555/23/4048
f 3557/23/4049 3561/23/4049 3559/23/4049 3555/23/4049
f 3562/23/4050 3558/23/4050 3556/23/4050 3560/23/4050
f 3563/23/4045 3564/23/4045 3566/23/4045 3565/23/4045
f 3565/23/4046 3566/23/4046 3570/23/4046 3569/23/4046
f 3569/23/4047 3570/23/4047 3568/23/4047 3567/23/4047
f 3567/23/4048 3568/23/4048 3564/23/4048 3563/23/4048
f 3565/23/4049 3569/23/4049 3567/23/4049 3563/23/4049
f 3570/23/4050 3566/23/4050 3564/23/4050 3568/23/4050
f 3571/23/4048 3572/23/4048 3574/23/4048 3573/23/4048
f 3573/23/4045 3574/23/4045 3578/23/4045 3577/23/4045
f 3577/23/4046 3578/23/4046 3576/23/4046 3575/23/4046
f 3575/23/4047 3576/23/4047 3572/23/4047 3571/23/4047
f 3573/23/4049 3577/23/4049 3575/23/4049 3571/23/4049
f 3578/23/4050 3574/23/4050 3572/23/4050 3576/23/4050
f 3579/23/4048 3580/23/4048 3582/23/4048 3581/23/4048
f 3581/23/4045 3582/23/4045 3586/23/4045 3585/23/4045
f 3585/23/4046 3586/23/4046 3584/23/4046 3583/23/4046
f 3583/23/4047 3584/23/4047 3580/23/4047 3579/23/4047
f 3581/23/4049 3585/23/4049 3583/23/4049 3579/23/4049
f 3586/23/4050 3582/23/4050 3580/23/4050 3584/23/4050
f 3587/23/4048 3588/23/4048 3590/23/4048 3589/23/4048
f 3589/23/4045 3590/23/4045 3594/23/4045 3593/23/4045
f 3593/23/4046 3594/23/4046 3592/23/4046 3591/23/4046
f 3591/23/4047 3592/23/4047 3588/23/4047 3587/23/4047
f 3589/23/4049 3593/23/4049 3591/23/4049 3587/23/4049
f 3594/23/4050 3590/23/4050 3588/23/4050 3592/23/4050
f 3595/23/4048 3596/23/4048 3598/23/4048 3597/23/4048
f 3597/23/4045 3598/23/4045 3602/23/4045 3601/23/4045
f 3601/23/4046 3602/23/4046 3600/23/4046 3599/23/4046
f 3599/23/4047 3600/23/4047 3596/23/4047 3595/23/4047
f 3597/23/4049 3601/23/4049 3599/23/4049 3595/23/4049
f 3602/23/4050 3598/23/4050 3596/23/4050 3600/23/4050
f 3603/23/4048 3604/23/4048 3606/23/4048 3605/23/4048
f 3605/23/4045 3606/23/4045 3610/23/4045 3609/23/4045
f 3609/23/4046 3610/23/4046 3608/23/4046 3607/23/4046
f 3607/23/4047 3608/23/4047 3604/23/4047 3603/23/4047
f 3605/23/4049 3609/23/4049 3607/23/4049 3603/23/4049
f 3610/23/4050 3606/23/4050 3604/23/4050 3608/23/4050
f 3611/23/4048 3612/23/4048 3614/23/4048 3613/23/4048
f 3613/23/4045 3614/23/4045 3618/23/4045 3617/23/4045
f 3617/23/4046 3618/23/4046 3616/23/4046 3615/23/4046
f 3615/23/4047 3616/23/4047 3612/23/4047 3611/23/4047
f 3613/23/4049 3617/23/4049 3615/23/4049 3611/23/4049
f 3618/23/4050 3614/23/4050 3612/23/4050 3616/23/4050
f 3619/23/4048 3620/23/4048 3622/23/4048 3621/23/4048
f 3621/23/4045 3622/23/4045 3626/23/4045 3625/23/4045
f 3625/23/4046 3626/23/4046 3624/23/4046 3623/23/4046
f 3623/23/4047 3624/23/4047 3620/23/4047 3619/23/4047
f 3621/23/4049 3625/23/4049 3623/23/4049 3619/23/4049
f 3626/23/4050 3622/23/4050 3620/23/4050 3624/23/4050
f 3627/23/4048 3628/23/4048 3630/23/4048 3629/23/4048
f 3629/23/4045 3630/23/4045 3634/23/4045 3633/23/4045
f 3633/23/4046 3634/23/4046 3632/23/4046 3631/23/4046
f 3631/23/4047 3632/23/4047 3628/23/4047 3627/23/4047
f 3629/23/4049 3633/23/4049 3631/23/4049 3627/23/4049
f 3634/23/4050 3630/23/4050 3628/23/4050 3632/23/4050
f 3635/23/4048 3636/23/4048 3638/23/4048 3637/23/4048
f 3637/23/4045 3638/23/4045 3642/23/4045 3641/23/4045
f 3641/23/4046 3642/23/4046 3640/23/4046 3639/23/4046
f 3639/23/4047 3640/23/4047 3636/23/4047 3635/23/4047
f 3637/23/4049 3641/23/4049 3639/23/4049 3635/23/4049
f 3642/23/4050 3638/23/4050 3636/23/4050 3640/23/4050
f 3643/23/4048 3644/23/4048 3646/23/4048 3645/23/4048
f 3645/23/4045 3646/23/4045 3650/23/4045 3649/23/4045
f 3649/23/4046 3650/23/4046 3648/23/4046 3647/23/4046
f 3647/23/4047 3648/23/4047 3644/23/4047 3643/23/4047
f 3645/23/4049 3649/23/4049 3647/23/4049 3643/23/4049
f 3650/23/4050 3646/23/4050 3644/23/4050 3648/23/4050
f 3651/23/4048 3652/23/4048 3654/23/4048 3653/23/4048
f 3653/23/4045 3654/23/4045 3658/23/4045 3657/23/4045
f 3657/23/4046 3658/23/4046 3656/23/4046 3655/23/4046
f 3655/23/4047 3656/23/4047 3652/23/4047 3651/23/4047
f 3653/23/4049 3657/23/4049 3655/23/4049 3651/23/4049
f 3658/23/4050 3654/23/4050 3652/23/4050 3656/23/4050
f 3659/23/4048 3660/23/4048 3662/23/4048 3661/23/4048
f 3661/23/4045 3662/23/4045 3666/23/4045 3665/23/4045
f 3665/23/4046 3666/23/4046 3664/23/4046 3663/23/4046
f 3663/23/4047 3664/23/4047 3660/23/4047 3659/23/4047
f 3661/23/4049 3665/23/4049 3663/23/4049 3659/23/4049
f 3666/23/4050 3662/23/4050 3660/23/4050 3664/23/4050
o MysteryBox5
v -37.973064 0.203339 22.600000
v -37.973064 3.403339 22.600000
v -37.973064 0.203339 19.400000
v -37.973064 3.403339 19.400000
v -34.773067 0.203339 22.600000
v -34.773067 3.403339 22.600000
v -34.773067 0.203339 19.400000
v -34.773067 3.403339 19.400000
v -34.948067 0.153339 19.574999
v -34.948067 3.453339 19.574999
v -34.948067 0.153339 19.225000
v -34.948067 3.453339 19.225000
v -34.598068 0.153339 19.574999
v -34.598068 3.453339 19.574999
v -34.598068 0.153339 19.225000
v -34.598068 3.453339 19.225000
v -34.948067 0.153339 22.775000
v -34.948067 3.453339 22.775000
v -34.948067 0.153339 22.425001
v -34.948067 3.453339 22.425001
v -34.598068 0.153339 22.775000
v -34.598068 3.453339 22.775000
v -34.598068 0.153339 22.425001
v -34.598068 3.453339 22.425001
v -38.148067 0.153339 19.574999
v -38.148067 3.453339 19.574999
v -38.148067 0.153339 19.225000
v -38.148067 3.453339 19.225000
v -37.798069 0.153339 19.574999
v -37.798069 3.453339 19.574999
v -37.798069 0.153339 19.225000
v -37.798069 3.453339 19.225000
v -38.148067 0.153339 22.775000
v -38.148067 3.453339 22.775000
v -38.148067 0.153339 22.425001
v -38.148067 3.453339 22.425001
v -37.798069 0.153339 22.775000
v -37.798069 3.453339 22.775000
v -37.798069 0.153339 22.425001
v -37.798069 3.453339 22.425001
v -38.023067 0.028339 19.625000
v -38.023067 0.378339 19.625000
v -38.023067 0.028339 19.174999
v -38.023067 0.378339 19.174999
v -34.723064 0.028339 19.625000
v -34.723064 0.378339 19.625000
v -34.723064 0.028339 19.174999
v -34.723064 0.378339 19.174999
v -38.023067 0.028339 22.825001
v -38.023067 0.378339 22.825001
v -38.023067 0.028339 22.375000
v -38.023067 0.378339 22.375000
v -34.723064 0.028339 22.825001
v -34.723064 0.378339 22.825001
v -34.723064 0.028339 22.375000
v -34.723064 0.378339 22.375000
v -34.998066 0.028339 22.650000
v -34.998066 0.378339 22.650000
v -34.998066 0.028339 19.350000
v -34.998066 0.378339 19.350000
v -34.548069 0.028339 22.650000
v -34.548069 0.378339 22.650000
v -34.548069 0.028339 19.350000
v -34.548069 0.378339 19.350000
v -38.198067 0.028339 22.650000
v -38.198067 0.378339 22.650000
v -38.198067 0.028339 19.350000
v -38.198067 0.378339 19.350000
v -37.748070 0.028339 22.650000
v -37.748070 0.378339 22.650000
v -37.748070 0.028339 19.350000
v -37.748070 0.378339 19.350000
v -38.023067 3.228339 19.625000
v -38.023067 3.578339 19.625000
v -38.023067 3.228339 19.174999
v -38.023067 3.578339 19.174999
v -34.723064 3.228339 19.625000
v -34.723064 3.578339 19.625000
v -34.723064 3.228339 19.174999
v -34.723064 3.578339 19.174999
v -38.023067 3.228339 22.825001
v -38.023067 3.578339 22.825001
v -38.023067 3.228339 22.375000
v -38.023067 3.578339 22.375000
v -34.723064 3.228339 22.825001
v -34.723064 3.578339 22.825001
v -34.723064 3.228339 22.375000
v -34.723064 3.578339 22.375000
v -34.998066 3.228339 22.650000
v -34.998066 3.578339 22.650000
v -34.998066 3.228339 19.350000
v -34.998066 3.578339 19.350000
v -34.548069 3.228339 22.650000
v -34.548069 3.578339 22.650000
v -34.548069 3.228339 19.350000
v -34.548069 3.578339 19.350000
v -38.198067 3.228339 22.650000
v -38.198067 3.578339 22.650000
v -38.198067 3.228339 19.350000
v -38.198067 3.578339 19.350000
v -37.748070 3.228339 22.650000
v -37.748070 3.578339 22.650000
v -37.748070 3.228339 19.350000
v -37.748070 3.578339 19.350000
v -36.823067 2.303339 22.669998
v -36.823067 2.543339 22.669998
v -36.823067 2.303339 22.590000
v -36.823067 2.543339 22.590000
v -35.923065 2.303339 22.669998
v -35.923065 2.543339 22.669998
v -35.923065 2.303339 22.590000
v -35.923065 2.543339 22.590000
v -36.853065 2.103338 22.669998
v -36.853065 2.403338 22.669998
v -36.853065 2.103338 22.590000
v -36.853065 2.403338 22.590000
v -36.613068 2.103338 22.669998
v -36.613068 2.403338 22.669998
v -36.613068 2.103338 22.590000
v -36.613068 2.403338 22.590000
v -36.133064 1.833339 22.669998
v -36.133064 2.433339 22.669998
v -36.133064 1.833339 22.590000
v -36.133064 2.433339 22.590000
v -35.893066 1.833339 22.669998
v -35.893066 2.433339 22.669998
v -35.893066 1.833339 22.590000
v -35.893066 2.433339 22.590000
v -36.503067 1.733339 22.669998
v -36.503067 1.973339 22.669998
v -36.503067 1.733339 22.590000
v -36.503067 1.973339 22.590000
v -36.003067 1.733339 22.669998
v -36.003067 1.973339 22.669998
v -36.003067 1.733339 22.590000
v -36.003067 1.973339 22.590000
v -36.493065 1.383339 22.669998
v -36.493065 1.783339 22.669998
v -36.493065 1.383339 22.590000
v -36.493065 1.783339 22.590000
v -36.253067 1.383339 22.669998
v -36.253067 1.783339 22.669998
v -36.253067 1.383339 22.590000
v -36.253067 1.783339 22.590000
v -36.503067 1.013339 22.669998
v -36.503067 1.273339 22.669998
v -36.503067 1.013339 22.590000
v -36.503067 1.273339 22.590000
v -36.243065 1.013339 22.669998
v -36.243065 1.273339 22.669998
v -36.243065 1.013339 22.590000
v -36.243065 1.273339 22.590000
v -36.823067 2.303339 19.410000
v -36.823067 2.543339 19.410000
v -36.823067 2.303339 19.330002
v -36.823067 2.543339 19.330002
v -35.923065 2.303339 19.410000
v -35.923065 2.543339 19.410000
v -35.923065 2.303339 19.330002
v -35.923065 2.543339 19.330002
v -36.853065 2.103338 19.410000
v -36.853065 2.403338 19.410000
v -36.853065 2.103338 19.330002
v -36.853065 2.403338 19.330002
v -36.613068 2.103338 19.410000
v -36.613068 2.403338 19.410000
v -36.613068 2.103338 19.330002
v -36.613068 2.403338 19.330002
v -36.133064 1.833339 19.410000
v -36.133064 2.433339 19.410000
v -36.133064 1.833339 19.330002
v -36.133064 2.433339 19.330002
v -35.893066 1.833339 19.410000
v -35.893066 2.433339 19.410000
v -35.893066 1.833339 19.330002
v -35.893066 2.433339 19.330002
v -36.503067 1.733339 19.410000
v -36.503067 1.973339 19.410000
v -36.503067 1.733339 19.330002
v -36.503067 1.973339 19.330002
v -36.003067 1.733339 19.410000
v -36.003067 1.973339 19.410000
v -36.003067 1.733339 19.330002
v -36.003067 1.973339 19.330002
v -36.493065 1.383339 19.410000
v -36.493065 1.783339 19.410000
v -36.493065 1.383339 19.330002
v -36.493065 1.783339 19.330002
v -36.253067 1.383339 19.410000
v -36.253067 1.783339 19.410000
v -36.253067 1.383339 19.330002
v -36.253067 1.783339 19.330002
v -36.503067 1.013339 19.410000
v -36.503067 1.273339 19.410000
v -36.503067 1.013339 19.330002
v -36.503067 1.273339 19.330002
v -36.243065 1.013339 19.410000
v -36.243065 1.273339 19.410000
v -36.243065 1.013339 19.330002
v -36.243065 1.273339 19.330002
v -34.703064 2.303339 21.450001
v -34.703064 2.543339 21.450001
v -34.783066 2.303339 21.450001
v -34.783066 2.543339 21.450001
v -34.703064 2.303339 20.549999
v -34.703064 2.543339 20.549999
v -34.783066 2.303339 20.549999
v -34.783066 2.543339 20.549999
v -34.703064 2.103338 21.480001
v -34.703064 2.403338 21.480001
v -34.783066 2.103338 21.480001
v -34.783066 2.403338 21.480001
v -34.703064 2.103338 21.240000
v -34.703064 2.403338 21.240000
v -34.783066 2.103338 21.240000
v -34.783066 2.403338 21.240000
v -34.703064 1.833339 20.760000
v -34.703064 2.433339 20.760000
v -34.783066 1.833339 20.760000
v -34.783066 2.433339 20.760000
v -34.703064 1.833339 20.519999
v -34.703064 2.433339 20.519999
v -34.783066 1.833339 20.519999
v -34.783066 2.433339 20.519999
v -34.703064 1.733339 21.129999
v -34.703064 1.973339 21.129999
v -34.783066 1.733339 21.129999
v -34.783066 1.973339 21.129999
v -34.703064 1.733339 20.629999
v -34.703064 1.973339 20.629999
v -34.783066 1.733339 20.629999
v -34.783066 1.973339 20.629999
v -34.703064 1.383339 21.120001
v -34.703064 1.783339 21.120001
v -34.783066 1.383339 21.120001
v -34.783066 1.783339 21.120001
v -34.703064 1.383339 20.879999
v -34.703064 1.783339 20.879999
v -34.783066 1.383339 20.879999
v -34.783066 1.783339 20.879999
v -34.703064 1.013339 21.129999
v -34.703064 1.273339 21.129999
v -34.783066 1.013339 21.129999
v -34.783066 1.273339 21.129999
v -34.703064 1.013339 20.870001
v -34.703064 1.273339 20.870001
v -34.783066 1.013339 20.870001
v -34.783066 1.273339 20.870001
v -37.963066 2.303339 21.450001
v -37.963066 2.543339 21.450001
v -38.043068 2.303339 21.450001
v -38.043068 2.543339 21.450001
v -37.963066 2.303339 20.549999
v -37.963066 2.543339 20.549999
v -38.043068 2.303339 20.549999
v -38.043068 2.543339 20.549999
v -37.963066 2.103338 21.480001
v -37.963066 2.403338 21.480001
v -38.043068 2.103338 21.480001
v -38.043068 2.403338 21.480001
v -37.963066 2.103338 21.240000
v -37.963066 2.403338 21.240000
v -38.043068 2.103338 21.240000
v -38.043068 2.403338 21.240000
v -37.963066 1.833339 20.760000
v -37.963066 2.433339 20.760000
v -38.043068 1.833339 20.760000
v -38.043068 2.433339 20.760000
v -37.963066 1.833339 20.519999
v -37.963066 2.433339 20.519999
v -38.043068 1.833339 20.519999
v -38.043068 2.433339 20.519999
v -37.963066 1.733339 21.129999
v -37.963066 1.973339 21.129999
v -38.043068 1.733339 21.129999
v -38.043068 1.973339 21.129999
v -37.963066 1.733339 20.629999
v -37.963066 1.973339 20.629999
v -38.043068 1.733339 20.629999
v -38.043068 1.973339 20.629999
v -37.963066 1.383339 21.120001
v -37.963066 1.783339 21.120001
v -38.043068 1.383339 21.120001
v -38.043068 1.783339 21.120001
v -37.963066 1.383339 20.879999
v -37.963066 1.783339 20.879999
v -38.043068 1.383339 20.879999
v -38.043068 1.783339 20.879999
v -37.963066 1.013339 21.129999
v -37.963066 1.273339 21.129999
v -38.043068 1.013339 21.129999
v -38.043068 1.273339 21.129999
v -37.963066 1.013339 20.870001
v -37.963066 1.273339 20.870001
v -38.043068 1.013339 20.870001
v -38.043068 1.273339 20.870001
vn -1.0000 -0.0000 -0.0000
vn -0.0000 -0.0000 -1.0000
vn 1.0000 -0.0000 -0.0000
vn -0.0000 -0.0000 1.0000
vn -0.0000 -1.0000 -0.0000
vn -0.0000 1.0000 -0.0000
vt 0.937500 0.437500
vt 0.062500 0.562500
vt 0.187500 0.562500
s 0
usemtl Paleta
f 3667/24/4051 3668/24/4051 3670/24/4051 3669/24/4051
f 3669/24/4052 3670/24/4052 3674/24/4052 3673/24/4052
f 3673/24/4053 3674/24/4053 3672/24/4053 3671/24/4053
f 3671/24/4054 3672/24/4054 3668/24/4054 3667/24/4054
f 3669/24/4055 3673/24/4055 3671/24/4055 3667/24/4055
f 3674/24/4056 3670/24/4056 3668/24/4056 3672/24/4056
f 3675/25/4051 3676/25/4051 3678/25/4051 3677/25/4051
f 3677/25/4052 3678/25/4052 3682/25/4052 3681/25/4052
f 3681/25/4053 3682/25/4053 3680/25/4053 3679/25/4053
f 3679/25/4054 3680/25/4054 3676/25/4054 3675/25/4054
f 3677/25/4055 3681/25/4055 3679/25/4055 3675/25/4055
f 3682/25/4056 3678/25/4056 3676/25/4056 3680/25/4056
f 3683/25/4051 3684/25/4051 3686/25/4051 3685/25/4051
f 3685/25/4052 3686/25/4052 3690/25/4052 3689/25/4052
f 3689/25/4053 3690/25/4053 3688/25/4053 3687/25/4053
f 3687/25/4054 3688/25/4054 3684/25/4054 3683/25/4054
f 3685/25/4055 3689/25/4055 3687/25/4055 3683/25/4055
f 3690/25/4056 3686/25/4056 3684/25/4056 3688/25/4056
f 3691/25/4051 3692/25/4051 3694/25/4051 3693/25/4051
f 3693/25/4052 3694/25/4052 3698/25/4052 3697/25/4052
f 3697/25/4053 3698/25/4053 3696/25/4053 3695/25/4053
f 3695/25/4054 3696/25/4054 3692/25/4054 3691/25/4054
f 3693/25/4055 3697/25/4055 3695/25/4055 3691/25/4055
f 3698/25/4056 3694/25/4056 3692/25/4056 3696/25/4056
f 3699/25/4051 3700/25/4051 3702/25/4051 3701/25/4051
f 3701/25/4052 3702/25/4052 3706/25/4052 3705/25/4052
f 3705/25/4053 3706/25/4053 3704/25/4053 3703/25/4053
f 3703/25/4054 3704/25/4054 3700/25/4054 3699/25/4054
f 3701/25/4055 3705/25/4055 3703/25/4055 3699/25/4055
f 3706/25/4056 3702/25/4056 3700/25/4056 3704/25/4056
f 3707/25/4051 3708/25/4051 3710/25/4051 3709/25/4051
f 3709/25/4052 3710/25/4052 3714/25/4052 3713/25/4052
f 3713/25/4053 3714/25/4053 3712/25/4053 3711/25/4053
f 3711/25/4054 3712/25/4054 3708/25/4054 3707/25/4054
f 3709/25/4055 3713/25/4055 3711/25/4055 3707/25/4055
f 3714/25/4056 3710/25/4056 3708/25/4056 3712/25/4056
f 3715/25/4051 3716/25/4051 3718/25/4051 3717/25/4051
f 3717/25/4052 3718/25/4052 3722/25/4052 3721/25/4052
f 3721/25/4053 3722/25/4053 3720/25/4053 3719/25/4053
f 3719/25/4054 3720/25/4054 3716/25/4054 3715/25/4054
f 3717/25/4055 3721/25/4055 3719/25/4055 3715/25/4055
f 3722/25/4056 3718/25/4056 3716/25/4056 3720/25/4056
f 3723/25/4051 3724/25/4051 3726/25/4051 3725/25/4051
f 3725/25/4052 3726/25/4052 3730/25/4052 3729/25/4052
f 3729/25/4053 3730/25/4053 3728/25/4053 3727/25/4053
f 3727/25/4054 3728/25/4054 3724/25/4054 3723/25/4054
f 3725/25/4055 3729/25/4055 3727/25/4055 3723/25/4055
f 3730/25/4056 3726/25/4056 3724/25/4056 3728/25/4056
f 3731/25/4051 3732/25/4051 3734/25/4051 3733/25/4051
f 3733/25/4052 3734/25/4052 3738/25/4052 3737/25/4052
f 3737/25/4053 3738/25/4053 3736/25/4053 3735/25/4053
f 3735/25/4054 3736/25/4054 3732/25/4054 3731/25/4054
f 3733/25/4055 3737/25/4055 3735/25/4055 3731/25/4055
f 3738/25/4056 3734/25/4056 3732/25/4056 3736/25/4056
f 3739/25/4051 3740/25/4051 3742/25/4051 3741/25/4051
f 3741/25/4052 3742/25/4052 3746/25/4052 3745/25/4052
f 3745/25/4053 3746/25/4053 3744/25/4053 3743/25/4053
f 3743/25/4054 3744/25/4054 3740/25/4054 3739/25/4054
f 3741/25/4055 3745/25/4055 3743/25/4055 3739/25/4055
f 3746/25/4056 3742/25/4056 3740/25/4056 3744/25/4056
f 3747/25/4051 3748/25/4051 3750/25/4051 3749/25/4051
f 3749/25/4052 3750/25/4052 3754/25/4052 3753/25/4052
f 3753/25/4053 3754/25/4053 3752/25/4053 3751/25/4053
f 3751/25/4054 3752/25/4054 3748/25/4054 3747/25/4054
f 3749/25/4055 3753/25/4055 3751/25/4055 3747/25/4055
f 3754/25/4056 3750/25/4056 3748/25/4056 3752/25/4056
f 3755/25/4051 3756/25/4051 3758/25/4051 3757/25/4051
f 3757/25/4052 3758/25/4052 3762/25/4052 3761/25/4052
f 3761/25/4053 3762/25/4053 3760/25/4053 3759/25/4053
f 3759/25/4054 3760/25/4054 3756/25/4054 3755/25/4054
f 3757/25/4055 3761/25/4055 3759/25/4055 3755/25/4055
f 3762/25/4056 3758/25/4056 3756/25/4056 3760/25/4056
f 3763/25/4051 3764/25/4051 3766/25/4051 3765/25/4051
f 3765/25/4052 3766/25/4052 3770/25/4052 3769/25/4052
f 3769/25/4053 3770/25/4053 3768/25/4053 3767/25/4053
f 3767/25/4054 3768/25/4054 3764/25/4054 3763/25/4054
f 3765/25/4055 3769/25/4055 3767/25/4055 3763/25/4055
f 3770/25/4056 3766/25/4056 3764/25/4056 3768/25/4056
f 3771/26/4051 3772/26/4051 3774/26/4051 3773/26/4051
f 3773/26/4052 3774/26/4052 3778/26/4052 3777/26/4052
f 3777/26/4053 3778/26/4053 3776/26/4053 3775/26/4053
f 3775/26/4054 3776/26/4054 3772/26/4054 3771/26/4054
f 3773/26/4055 3777/26/4055 3775/26/4055 3771/26/4055
f 3778/26/4056 3774/26/4056 3772/26/4056 3776/26/4056
f 3779/26/4051 3780/26/4051 3782/26/4051 3781/26/4051
f 3781/26/4052 3782/26/4052 3786/26/4052 3785/26/4052
f 3785/26/4053 3786/26/4053 3784/26/4053 3783/26/4053
f 3783/26/4054 3784/26/4054 3780/26/4054 3779/26/4054
f 3781/26/4055 3785/26/4055 3783/26/4055 3779/26/4055
f 3786/26/4056 3782/26/4056 3780/26/4056 3784/26/4056
f 3787/26/4051 3788/26/4051 3790/26/4051 3789/26/4051
f 3789/26/4052 3790/26/4052 3794/26/4052 3793/26/4052
f 3793/26/4053 3794/26/4053 3792/26/4053 3791/26/4053
f 3791/26/4054 3792/26/4054 3788/26/4054 3787/26/4054
f 3789/26/4055 3793/26/4055 3791/26/4055 3787/26/4055
f 3794/26/4056 3790/26/4056 3788/26/4056 3792/26/4056
f 3795/26/4051 3796/26/4051 3798/26/4051 3797/26/4051
f 3797/26/4052 3798/26/4052 3802/26/4052 3801/26/4052
f 3801/26/4053 3802/26/4053 3800/26/4053 3799/26/4053
f 3799/26/4054 3800/26/4054 3796/26/4054 3795/26/4054
f 3797/26/4055 3801/26/4055 3799/26/4055 3795/26/4055
f 3802/26/4056 3798/26/4056 3796/26/4056 3800/26/4056
f 3803/26/4051 3804/26/4051 3806/26/4051 3805/26/4051
f 3805/26/4052 3806/26/4052 3810/26/4052 3809/26/4052
f 3809/26/4053 3810/26/4053 3808/26/4053 3807/26/4053
f 3807/26/4054 3808/26/4054 3804/26/4054 3803/26/4054
f 3805/26/4055 3809/26/4055 3807/26/4055 3803/26/4055
f 3810/26/4056 3806/26/4056 3804/26/4056 3808/26/4056
f 3811/26/4051 3812/26/4051 3814/26/4051 3813/26/4051
f 3813/26/4052 3814/26/4052 3818/26/4052 3817/26/4052
f 3817/26/4053 3818/26/4053 3816/26/4053 3815/26/4053
f 3815/26/4054 3816/26/4054 3812/26/4054 3811/26/4054
f 3813/26/4055 3817/26/4055 3815/26/4055 3811/26/4055
f 3818/26/4056 3814/26/4056 3812/26/4056 3816/26/4056
f 3819/26/4051 3820/26/4051 3822/26/4051 3821/26/4051
f 3821/26/4052 3822/26/4052 3826/26/4052 3825/26/4052
f 3825/26/4053 3826/26/4053 3824/26/4053 3823/26/4053
f 3823/26/4054 3824/26/4054 3820/26/4054 3819/26/4054
f 3821/26/4055 3825/26/4055 3823/26/4055 3819/26/4055
f 3826/26/4056 3822/26/4056 3820/26/4056 3824/26/4056
f 3827/26/4051 3828/26/4051 3830/26/4051 3829/26/4051
f 3829/26/4052 3830/26/4052 3834/26/4052 3833/26/4052
f 3833/26/4053 3834/26/4053 3832/26/4053 3831/26/4053
f 3831/26/4054 3832/26/4054 3828/26/4054 3827/26/4054
f 3829/26/4055 3833/26/4055 3831/26/4055 3827/26/4055
f 3834/26/4056 3830/26/4056 3828/26/4056 3832/26/4056
f 3835/26/4051 3836/26/4051 3838/26/4051 3837/26/4051
f 3837/26/4052 3838/26/4052 3842/26/4052 3841/26/4052
f 3841/26/4053 3842/26/4053 3840/26/4053 3839/26/4053
f 3839/26/4054 3840/26/4054 3836/26/4054 3835/26/4054
f 3837/26/4055 3841/26/4055 3839/26/4055 3835/26/4055
f 3842/26/4056 3838/26/4056 3836/26/4056 3840/26/4056
f 3843/26/4051 3844/26/4051 3846/26/4051 3845/26/4051
f 3845/26/4052 3846/26/4052 3850/26/4052 3849/26/4052
f 3849/26/4053 3850/26/4053 3848/26/4053 3847/26/4053
f 3847/26/4054 3848/26/4054 3844/26/4054 3843/26/4054
f 3845/26/4055 3849/26/4055 3847/26/4055 3843/26/4055
f 3850/26/4056 3846/26/4056 3844/26/4056 3848/26/4056
f 3851/26/4051 3852/26/4051 3854/26/4051 3853/26/4051
f 3853/26/4052 3854/26/4052 3858/26/4052 3857/26/4052
f 3857/26/4053 3858/26/4053 3856/26/4053 3855/26/4053
f 3855/26/4054 3856/26/4054 3852/26/4054 3851/26/4054
f 3853/26/4055 3857/26/4055 3855/26/4055 3851/26/4055
f 3858/26/4056 3854/26/4056 3852/26/4056 3856/26/4056
f 3859/26/4051 3860/26/4051 3862/26/4051 3861/26/4051
f 3861/26/4052 3862/26/4052 3866/26/4052 3865/26/4052
f 3865/26/4053 3866/26/4053 3864/26/4053 3863/26/4053
f 3863/26/4054 3864/26/4054 3860/26/4054 3859/26/4054
f 3861/26/4055 3865/26/4055 3863/26/4055 3859/26/4055
f 3866/26/4056 3862/26/4056 3860/26/4056 3864/26/4056
f 3867/26/4054 3868/26/4054 3870/26/4054 3869/26/4054
f 3869/26/4051 3870/26/4051 3874/26/4051 3873/26/4051
f 3873/26/4052 3874/26/4052 3872/26/4052 3871/26/4052
f 3871/26/4053 3872/26/4053 3868/26/4053 3867/26/4053
f 3869/26/4055 3873/26/4055 3871/26/4055 3867/26/4055
f 3874/26/4056 3870/26/4056 3868/26/4056 3872/26/4056
f 3875/26/4054 3876/26/4054 3878/26/4054 3877/26/4054
f 3877/26/4051 3878/26/4051 3882/26/4051 3881/26/4051
f 3881/26/4052 3882/26/4052 3880/26/4052 3879/26/4052
f 3879/26/4053 3880/26/4053 3876/26/4053 3875/26/4053
f 3877/26/4055 3881/26/4055 3879/26/4055 3875/26/4055
f 3882/26/4056 3878/26/4056 3876/26/4056 3880/26/4056
f 3883/26/4054 3884/26/4054 3886/26/4054 3885/26/4054
f 3885/26/4051 3886/26/4051 3890/26/4051 3889/26/4051
f 3889/26/4052 3890/26/4052 3888/26/4052 3887/26/4052
f 3887/26/4053 3888/26/4053 3884/26/4053 3883/26/4053
f 3885/26/4055 3889/26/4055 3887/26/4055 3883/26/4055
f 3890/26/4056 3886/26/4056 3884/26/4056 3888/26/4056
f 3891/26/4054 3892/26/4054 3894/26/4054 3893/26/4054
f 3893/26/4051 3894/26/4051 3898/26/4051 3897/26/4051
f 3897/26/4052 3898/26/4052 3896/26/4052 3895/26/4052
f 3895/26/4053 3896/26/4053 3892/26/4053 3891/26/4053
f 3893/26/4055 3897/26/4055 3895/26/4055 3891/26/4055
f 3898/26/4056 3894/26/4056 3892/26/4056 3896/26/4056
f 3899/26/4054 3900/26/4054 3902/26/4054 3901/26/4054
f 3901/26/4051 3902/26/4051 3906/26/4051 3905/26/4051
f 3905/26/4052 3906/26/4052 3904/26/4052 3903/26/4052
f 3903/26/4053 3904/26/4053 3900/26/4053 3899/26/4053
f 3901/26/4055 3905/26/4055 3903/26/4055 3899/26/4055
f 3906/26/4056 3902/26/4056 3900/26/4056 3904/26/4056
f 3907/26/4054 3908/26/4054 3910/26/4054 3909/26/4054
f 3909/26/4051 3910/26/4051 3914/26/4051 3913/26/4051
f 3913/26/4052 3914/26/4052 3912/26/4052 3911/26/4052
f 3911/26/4053 3912/26/4053 3908/26/4053 3907/26/4053
f 3909/26/4055 3913/26/4055 3911/26/4055 3907/26/4055
f 3914/26/4056 3910/26/4056 3908/26/4056 3912/26/4056
f 3915/26/4054 3916/26/4054 3918/26/4054 3917/26/4054
f 3917/26/4051 3918/26/4051 3922/26/4051 3921/26/4051
f 3921/26/4052 3922/26/4052 3920/26/4052 3919/26/4052
f 3919/26/4053 3920/26/4053 3916/26/4053 3915/26/4053
f 3917/26/4055 3921/26/4055 3919/26/4055 3915/26/4055
f 3922/26/4056 3918/26/4056 3916/26/4056 3920/26/4056
f 3923/26/4054 3924/26/4054 3926/26/4054 3925/26/4054
f 3925/26/4051 3926/26/4051 3930/26/4051 3929/26/4051
f 3929/26/4052 3930/26/4052 3928/26/4052 3927/26/4052
f 3927/26/4053 3928/26/4053 3924/26/4053 3923/26/4053
f 3925/26/4055 3929/26/4055 3927/26/4055 3923/26/4055
f 3930/26/4056 3926/26/4056 3924/26/4056 3928/26/4056
f 3931/26/4054 3932/26/4054 3934/26/4054 3933/26/4054
f 3933/26/4051 3934/26/4051 3938/26/4051 3937/26/4051
f 3937/26/4052 3938/26/4052 3936/26/4052 3935/26/4052
f 3935/26/4053 3936/26/4053 3932/26/4053 3931/26/4053
f 3933/26/4055 3937/26/4055 3935/26/4055 3931/26/4055
f 3938/26/4056 3934/26/4056 3932/26/4056 3936/26/4056
f 3939/26/4054 3940/26/4054 3942/26/4054 3941/26/4054
f 3941/26/4051 3942/26/4051 3946/26/4051 3945/26/4051
f 3945/26/4052 3946/26/4052 3944/26/4052 3943/26/4052
f 3943/26/4053 3944/26/4053 3940/26/4053 3939/26/4053
f 3941/26/4055 3945/26/4055 3943/26/4055 3939/26/4055
f 3946/26/4056 3942/26/4056 3940/26/4056 3944/26/4056
f 3947/26/4054 3948/26/4054 3950/26/4054 3949/26/4054
f 3949/26/4051 3950/26/4051 3954/26/4051 3953/26/4051
f 3953/26/4052 3954/26/4052 3952/26/4052 3951/26/4052
f 3951/26/4053 3952/26/4053 3948/26/4053 3947/26/4053
f 3949/26/4055 3953/26/4055 3951/26/4055 3947/26/4055
f 3954/26/4056 3950/26/4056 3948/26/4056 3952/26/4056
f 3955/26/4054 3956/26/4054 3958/26/4054 3957/26/4054
f 3957/26/4051 3958/26/4051 3962/26/4051 3961/26/4051
f 3961/26/4052 3962/26/4052 3960/26/4052 3959/26/4052
f 3959/26/4053 3960/26/4053 3956/26/4053 3955/26/4053
f 3957/26/4055 3961/26/4055 3959/26/4055 3955/26/4055
f 3962/26/4056 3958/26/4056 3956/26/4056 3960/26/4056
o MysteryBox6
v -1.600000 -0.432110 43.599998
v -1.600000 2.767890 43.599998
v -1.600000 -0.432110 40.400002
v -1.600000 2.767890 40.400002
v 1.600000 -0.432110 43.599998
v 1.600000 2.767890 43.599998
v 1.600000 -0.432110 40.400002
v 1.600000 2.767890 40.400002
v 1.425000 -0.482110 40.575001
v 1.425000 2.817890 40.575001
v 1.425000 -0.482110 40.225002
v 1.425000 2.817890 40.225002
v 1.775000 -0.482110 40.575001
v 1.775000 2.817890 40.575001
v 1.775000 -0.482110 40.225002
v 1.775000 2.817890 40.225002
v 1.425000 -0.482110 43.774998
v 1.425000 2.817890 43.774998
v 1.425000 -0.482110 43.424999
v 1.425000 2.817890 43.424999
v 1.775000 -0.482110 43.774998
v 1.775000 2.817890 43.774998
v 1.775000 -0.482110 43.424999
v 1.775000 2.817890 43.424999
v -1.775000 -0.482110 40.575001
v -1.775000 2.817890 40.575001
v -1.775000 -0.482110 40.225002
v -1.775000 2.817890 40.225002
v -1.425000 -0.482110 40.575001
v -1.425000 2.817890 40.575001
v -1.425000 -0.482110 40.225002
v -1.425000 2.817890 40.225002
v -1.775000 -0.482110 43.774998
v -1.775000 2.817890 43.774998
v -1.775000 -0.482110 43.424999
v -1.775000 2.817890 43.424999
v -1.425000 -0.482110 43.774998
v -1.425000 2.817890 43.774998
v -1.425000 -0.482110 43.424999
v -1.425000 2.817890 43.424999
v -1.650000 -0.607110 40.625000
v -1.650000 -0.257110 40.625000
v -1.650000 -0.607110 40.175003
v -1.650000 -0.257110 40.175003
v 1.650000 -0.607110 40.625000
v 1.650000 -0.257110 40.625000
v 1.650000 -0.607110 40.175003
v 1.650000 -0.257110 40.175003
v -1.650000 -0.607110 43.824997
v -1.650000 -0.257110 43.824997
v -1.650000 -0.607110 43.375000
v -1.650000 -0.257110 43.375000
v 1.650000 -0.607110 43.824997
v 1.650000 -0.257110 43.824997
v 1.650000 -0.607110 43.375000
v 1.650000 -0.257110 43.375000
v 1.375000 -0.607110 43.650002
v 1.375000 -0.257110 43.650002
v 1.375000 -0.607110 40.349998
v 1.375000 -0.257110 40.349998
v 1.825000 -0.607110 43.650002
v 1.825000 -0.257110 43.650002
v 1.825000 -0.607110 40.349998
v 1.825000 -0.257110 40.349998
v -1.825000 -0.607110 43.650002
v -1.825000 -0.257110 43.650002
v -1.825000 -0.607110 40.349998
v -1.825000 -0.257110 40.349998
v -1.375000 -0.607110 43.650002
v -1.375000 -0.257110 43.650002
v -1.375000 -0.607110 40.349998
v -1.375000 -0.257110 40.349998
v -1.650000 2.592890 40.625000
v -1.650000 2.942890 40.625000
v -1.650000 2.592890 40.175003
v -1.650000 2.942890 40.175003
v 1.650000 2.592890 40.625000
v 1.650000 2.942890 40.625000
v 1.650000 2.592890 40.175003
v 1.650000 2.942890 40.175003
v -1.650000 2.592890 43.824997
v -1.650000 2.942890 43.824997
v -1.650000 2.592890 43.375000
v -1.650000 2.942890 43.375000
v 1.650000 2.592890 43.824997
v 1.650000 2.942890 43.824997
v 1.650000 2.592890 43.375000
v 1.650000 2.942890 43.375000
v 1.375000 2.592890 43.650002
v 1.375000 2.942890 43.650002
v 1.375000 2.592890 40.349998
v 1.375000 2.942890 40.349998
v 1.825000 2.592890 43.650002
v 1.825000 2.942890 43.650002
v 1.825000 2.592890 40.349998
v 1.825000 2.942890 40.349998
v -1.825000 2.592890 43.650002
v -1.825000 2.942890 43.650002
v -1.825000 2.592890 40.349998
v -1.825000 2.942890 40.349998
v -1.375000 2.592890 43.650002
v -1.375000 2.942890 43.650002
v -1.375000 2.592890 40.349998
v -1.375000 2.942890 40.349998
v -0.450000 1.667890 43.670002
v -0.450000 1.907890 43.670002
v -0.450000 1.667890 43.590000
v -0.450000 1.907890 43.590000
v 0.450000 1.667890 43.670002
v 0.450000 1.907890 43.670002
v 0.450000 1.667890 43.590000
v 0.450000 1.907890 43.590000
v -0.480000 1.467890 43.670002
v -0.480000 1.767890 43.670002
v -0.480000 1.467890 43.590000
v -0.480000 1.767890 43.590000
v -0.240000 1.467890 43.670002
v -0.240000 1.767890 43.670002
v -0.240000 1.467890 43.590000
v -0.240000 1.767890 43.590000
v 0.240000 1.197890 43.670002
v 0.240000 1.797890 43.670002
v 0.240000 1.197890 43.590000
v 0.240000 1.797890 43.590000
v 0.480000 1.197890 43.670002
v 0.480000 1.797890 43.670002
v 0.480000 1.197890 43.590000
v 0.480000 1.797890 43.590000
v -0.130000 1.097890 43.670002
v -0.130000 1.337890 43.670002
v -0.130000 1.097890 43.590000
v -0.130000 1.337890 43.590000
v 0.370000 1.097890 43.670002
v 0.370000 1.337890 43.670002
v 0.370000 1.097890 43.590000
v 0.370000 1.337890 43.590000
v -0.120000 0.747890 43.670002
v -0.120000 1.147890 43.670002
v -0.120000 0.747890 43.590000
v -0.120000 1.147890 43.590000
v 0.120000 0.747890 43.670002
v 0.120000 1.147890 43.670002
v 0.120000 0.747890 43.590000
v 0.120000 1.147890 43.590000
v -0.130000 0.377890 43.670002
v -0.130000 0.637890 43.670002
v -0.130000 0.377890 43.590000
v -0.130000 0.637890 43.590000
v 0.130000 0.377890 43.670002
v 0.130000 0.637890 43.670002
v 0.130000 0.377890 43.590000
v 0.130000 0.637890 43.590000
v -0.450000 1.667890 40.410000
v -0.450000 1.907890 40.410000
v -0.450000 1.667890 40.329998
v -0.450000 1.907890 40.329998
v 0.450000 1.667890 40.410000
v 0.450000 1.907890 40.410000
v 0.450000 1.667890 40.329998
v 0.450000 1.907890 40.329998
v -0.480000 1.467890 40.410000
v -0.480000 1.767890 40.410000
v -0.480000 1.467890 40.329998
v -0.480000 1.767890 40.329998
v -0.240000 1.467890 40.410000
v -0.240000 1.767890 40.410000
v -0.240000 1.467890 40.329998
v -0.240000 1.767890 40.329998
v 0.240000 1.197890 40.410000
v 0.240000 1.797890 40.410000
v 0.240000 1.197890 40.329998
v 0.240000 1.797890 40.329998
v 0.480000 1.197890 40.410000
v 0.480000 1.797890 40.410000
v 0.480000 1.197890 40.329998
v 0.480000 1.797890 40.329998
v -0.130000 1.097890 40.410000
v -0.130000 1.337890 40.410000
v -0.130000 1.097890 40.329998
v -0.130000 1.337890 40.329998
v 0.370000 1.097890 40.410000
v 0.370000 1.337890 40.410000
v 0.370000 1.097890 40.329998
v 0.370000 1.337890 40.329998
v -0.120000 0.747890 40.410000
v -0.120000 1.147890 40.410000
v -0.120000 0.747890 40.329998
v -0.120000 1.147890 40.329998
v 0.120000 0.747890 40.410000
v 0.120000 1.147890 40.410000
v 0.120000 0.747890 40.329998
v 0.120000 1.147890 40.329998
v -0.130000 0.377890 40.410000
v -0.130000 0.637890 40.410000
v -0.130000 0.377890 40.329998
v -0.130000 0.637890 40.329998
v 0.130000 0.377890 40.410000
v 0.130000 0.637890 40.410000
v 0.130000 0.377890 40.329998
v 0.130000 0.637890 40.329998
v 1.670000 1.667890 42.450001
v 1.670000 1.907890 42.450001
v 1.590000 1.667890 42.450001
v 1.590000 1.907890 42.450001
v 1.670000 1.667890 41.549999
v 1.670000 1.907890 41.549999
v 1.590000 1.667890 41.549999
v 1.590000 1.907890 41.549999
v 1.670000 1.467890 42.480000
v 1.670000 1.767890 42.480000
v 1.590000 1.467890 42.480000
v 1.590000 1.767890 42.480000
v 1.670000 1.467890 42.240002
v 1.670000 1.767890 42.240002
v 1.590000 1.467890 42.240002
v 1.590000 1.767890 42.240002
v 1.670000 1.197890 41.759998
v 1.670000 1.797890 41.759998
v 1.590000 1.197890 41.759998
v 1.590000 1.797890 41.759998
v 1.670000 1.197890 41.520000
v 1.670000 1.797890 41.520000
v 1.590000 1.197890 41.520000
v 1.590000 1.797890 41.520000
v 1.670000 1.097890 42.130001
v 1.670000 1.337890 42.130001
v 1.590000 1.097890 42.130001
v 1.590000 1.337890 42.130001
v 1.670000 1.097890 41.630001
v 1.670000 1.337890 41.630001
v 1.590000 1.097890 41.630001
v 1.590000 1.337890 41.630001
v 1.670000 0.747890 42.119999
v 1.670000 1.147890 42.119999
v 1.590000 0.747890 42.119999
v 1.590000 1.147890 42.119999
v 1.670000 0.747890 41.880001
v 1.670000 1.147890 41.880001
v 1.590000 0.747890 41.880001
v 1.590000 1.147890 41.880001
v 1.670000 0.377890 42.130001
v 1.670000 0.637890 42.130001
v 1.590000 0.377890 42.130001
v 1.590000 0.637890 42.130001
v 1.670000 0.377890 41.869999
v 1.670000 0.637890 41.869999
v 1.590000 0.377890 41.869999
v 1.590000 0.637890 41.869999
v -1.590000 1.667890 42.450001
v -1.590000 1.907890 42.450001
v -1.670000 1.667890 42.450001
v -1.670000 1.907890 42.450001
v -1.590000 1.667890 41.549999
v -1.590000 1.907890 41.549999
v -1.670000 1.667890 41.549999
v -1.670000 1.907890 41.549999
v -1.590000 1.467890 42.480000
v -1.590000 1.767890 42.480000
v -1.670000 1.467890 42.480000
v -1.670000 1.767890 42.480000
v -1.590000 1.467890 42.240002
v -1.590000 1.767890 42.240002
v -1.670000 1.467890 42.240002
v -1.670000 1.767890 42.240002
v -1.590000 1.197890 41.759998
v -1.590000 1.797890 41.759998
v -1.670000 1.197890 41.759998
v -1.670000 1.797890 41.759998
v -1.590000 1.197890 41.520000
v -1.590000 1.797890 41.520000
v -1.670000 1.197890 41.520000
v -1.670000 1.797890 41.520000
v -1.590000 1.097890 42.130001
v -1.590000 1.337890 42.130001
v -1.670000 1.097890 42.130001
v -1.670000 1.337890 42.130001
v -1.590000 1.097890 41.630001
v -1.590000 1.337890 41.630001
v -1.670000 1.097890 41.630001
v -1.670000 1.337890 41.630001
v -1.590000 0.747890 42.119999
v -1.590000 1.147890 42.119999
v -1.670000 0.747890 42.119999
v -1.670000 1.147890 42.119999
v -1.590000 0.747890 41.880001
v -1.590000 1.147890 41.880001
v -1.670000 0.747890 41.880001
v -1.670000 1.147890 41.880001
v -1.590000 0.377890 42.130001
v -1.590000 0.637890 42.130001
v -1.670000 0.377890 42.130001
v -1.670000 0.637890 42.130001
v -1.590000 0.377890 41.869999
v -1.590000 0.637890 41.869999
v -1.670000 0.377890 41.869999
v -1.670000 0.637890 41.869999
vn -1.0000 -0.0000 -0.0000
vn -0.0000 -0.0000 -1.0000
vn 1.0000 -0.0000 -0.0000
vn -0.0000 -0.0000 1.0000
vn -0.0000 -1.0000 -0.0000
vn -0.0000 1.0000 -0.0000
vt 0.937500 0.437500
vt 0.062500 0.562500
vt 0.187500 0.562500
s 0
usemtl Paleta
f 3963/27/4057 3964/27/4057 3966/27/4057 3965/27/4057
f 3965/27/4058 3966/27/4058 3970/27/4058 3969/27/4058
f 3969/27/4059 3970/27/4059 3968/27/4059 3967/27/4059
f 3967/27/4060 3968/27/4060 3964/27/4060 3963/27/4060
f 3965/27/4061 3969/27/4061 3967/27/4061 3963/27/4061
f 3970/27/4062 3966/27/4062 3964/27/4062 3968/27/4062
f 3971/28/4057 3972/28/4057 3974/28/4057 3973/28/4057
f 3973/28/4058 3974/28/4058 3978/28/4058 3977/28/4058
f 3977/28/4059 3978/28/4059 3976/28/4059 3975/28/4059
f 3975/28/4060 3976/28/4060 3972/28/4060 3971/28/4060
f 3973/28/4061 3977/28/4061 3975/28/4061 3971/28/4061
f 3978/28/4062 3974/28/4062 3972/28/4062 3976/28/4062
f 3979/28/4057 3980/28/4057 3982/28/4057 3981/28/4057
f 3981/28/4058 3982/28/4058 3986/28/4058 3985/28/4058
f 3985/28/4059 3986/28/4059 3984/28/4059 3983/28/4059
f 3983/28/4060 3984/28/4060 3980/28/4060 3979/28/4060
f 3981/28/4061 3985/28/4061 3983/28/4061 3979/28/4061
f 3986/28/4062 3982/28/4062 3980/28/4062 3984/28/4062
f 3987/28/4057 3988/28/4057 3990/28/4057 3989/28/4057
f 3989/28/4058 3990/28/4058 3994/28/4058 3993/28/4058
f 3993/28/4059 3994/28/4059 3992/28/4059 3991/28/4059
f 3991/28/4060 3992/28/4060 3988/28/4060 3987/28/4060
f 3989/28/4061 3993/28/4061 3991/28/4061 3987/28/4061
f 3994/28/4062 3990/28/4062 3988/28/4062 3992/28/4062
f 3995/28/4057 3996/28/4057 3998/28/4057 3997/28/4057
f 3997/28/4058 3998/28/4058 4002/28/4058 4001/28/4058
f 4001/28/4059 4002/28/4059 4000/28/4059 3999/28/4059
f 3999/28/4060 4000/28/4060 3996/28/4060 3995/28/4060
f 3997/28/4061 4001/28/4061 3999/28/4061 3995/28/4061
f 4002/28/4062 3998/28/4062 3996/28/4062 4000/28/4062
f 4003/28/4057 4004/28/4057 4006/28/4057 4005/28/4057
f 4005/28/4058 4006/28/4058 4010/28/4058 4009/28/4058
f 4009/28/4059 4010/28/4059 4008/28/4059 4007/28/4059
f 4007/28/4060 4008/28/4060 4004/28/4060 4003/28/4060
f 4005/28/4061 4009/28/4061 4007/28/4061 4003/28/4061
f 4010/28/4062 4006/28/4062 4004/28/4062 4008/28/4062
f 4011/28/4057 4012/28/4057 4014/28/4057 4013/28/4057
f 4013/28/4058 4014/28/4058 4018/28/4058 4017/28/4058
f 4017/28/4059 4018/28/4059 4016/28/4059 4015/28/4059
f 4015/28/4060 4016/28/4060 4012/28/4060 4011/28/4060
f 4013/28/4061 4017/28/4061 4015/28/4061 4011/28/4061
f 4018/28/4062 4014/28/4062 4012/28/4062 4016/28/4062
f 4019/28/4057 4020/28/4057 4022/28/4057 4021/28/4057
f 4021/28/4058 4022/28/4058 4026/28/4058 4025/28/4058
f 4025/28/4059 4026/28/4059 4024/28/4059 4023/28/4059
f 4023/28/4060 4024/28/4060 4020/28/4060 4019/28/4060
f 4021/28/4061 4025/28/4061 4023/28/4061 4019/28/4061
f 4026/28/4062 4022/28/4062 4020/28/4062 4024/28/4062
f 4027/28/4057 4028/28/4057 4030/28/4057 4029/28/4057
f 4029/28/4058 4030/28/4058 4034/28/4058 4033/28/4058
f 4033/28/4059 4034/28/4059 4032/28/4059 4031/28/4059
f 4031/28/4060 4032/28/4060 4028/28/4060 4027/28/4060
f 4029/28/4061 4033/28/4061 4031/28/4061 4027/28/4061
f 4034/28/4062 4030/28/4062 4028/28/4062 4032/28/4062
f 4035/28/4057 4036/28/4057 4038/28/4057 4037/28/4057
f 4037/28/4058 4038/28/4058 4042/28/4058 4041/28/4058
f 4041/28/4059 4042/28/4059 4040/28/4059 4039/28/4059
f 4039/28/4060 4040/28/4060 4036/28/4060 4035/28/4060
f 4037/28/4061 4041/28/4061 4039/28/4061 4035/28/4061
f 4042/28/4062 4038/28/4062 4036/28/4062 4040/28/4062
f 4043/28/4057 4044/28/4057 4046/28/4057 4045/28/4057
f 4045/28/4058 4046/28/4058 4050/28/4058 4049/28/4058
f 4049/28/4059 4050/28/4059 4048/28/4059 4047/28/4059
f 4047/28/4060 4048/28/4060 4044/28/4060 4043/28/4060
f 4045/28/4061 4049/28/4061 4047/28/4061 4043/28/4061
f 4050/28/4062 4046/28/4062 4044/28/4062 4048/28/4062
f 4051/28/4057 4052/28/4057 4054/28/4057 4053/28/4057
f 4053/28/4058 4054/28/4058 4058/28/4058 4057/28/4058
f 4057/28/4059 4058/28/4059 4056/28/4059 4055/28/4059
f 4055/28/4060 4056/28/4060 4052/28/4060 4051/28/4060
f 4053/28/4061 4057/28/4061 4055/28/4061 4051/28/4061
f 4058/28/4062 4054/28/4062 4052/28/4062 4056/28/4062
f 4059/28/4057 4060/28/4057 4062/28/4057 4061/28/4057
f 4061/28/4058 4062/28/4058 4066/28/4058 4065/28/4058
f 4065/28/4059 4066/28/4059 4064/28/4059 4063/28/4059
f 4063/28/4060 4064/28/4060 4060/28/4060 4059/28/4060
f 4061/28/4061 4065/28/4061 4063/28/4061 4059/28/4061
f 4066/28/4062 4062/28/4062 4060/28/4062 4064/28/4062
f 4067/29/4057 4068/29/4057 4070/29/4057 4069/29/4057
f 4069/29/4058 4070/29/4058 4074/29/4058 4073/29/4058
f 4073/29/4059 4074/29/4059 4072/29/4059 4071/29/4059
f 4071/29/4060 4072/29/4060 4068/29/4060 4067/29/4060
f 4069/29/4061 4073/29/4061 4071/29/4061 4067/29/4061
f 4074/29/4062 4070/29/4062 4068/29/4062 4072/29/4062
f 4075/29/4057 4076/29/4057 4078/29/4057 4077/29/4057
f 4077/29/4058 4078/29/4058 4082/29/4058 4081/29/4058
f 4081/29/4059 4082/29/4059 4080/29/4059 4079/29/4059
f 4079/29/4060 4080/29/4060 4076/29/4060 4075/29/4060
f 4077/29/4061 4081/29/4061 4079/29/4061 4075/29/4061
f 4082/29/4062 4078/29/4062 4076/29/4062 4080/29/4062
f 4083/29/4057 4084/29/4057 4086/29/4057 4085/29/4057
f 4085/29/4058 4086/29/4058 4090/29/4058 4089/29/4058
f 4089/29/4059 4090/29/4059 4088/29/4059 4087/29/4059
f 4087/29/4060 4088/29/4060 4084/29/4060 4083/29/4060
f 4085/29/4061 4089/29/4061 4087/29/4061 4083/29/4061
f 4090/29/4062 4086/29/4062 4084/29/4062 4088/29/4062
f 4091/29/4057 4092/29/4057 4094/29/4057 4093/29/4057
f 4093/29/4058 4094/29/4058 4098/29/4058 4097/29/4058
f 4097/29/4059 4098/29/4059 4096/29/4059 4095/29/4059
f 4095/29/4060 4096/29/4060 4092/29/4060 4091/29/4060
f 4093/29/4061 4097/29/4061 4095/29/4061 4091/29/4061
f 4098/29/4062 4094/29/4062 4092/29/4062 4096/29/4062
f 4099/29/4057 4100/29/4057 4102/29/4057 4101/29/4057
f 4101/29/4058 4102/29/4058 4106/29/4058 4105/29/4058
f 4105/29/4059 4106/29/4059 4104/29/4059 4103/29/4059
f 4103/29/4060 4104/29/4060 4100/29/4060 4099/29/4060
f 4101/29/4061 4105/29/4061 4103/29/4061 4099/29/4061
f 4106/29/4062 4102/29/4062 4100/29/4062 4104/29/4062
f 4107/29/4057 4108/29/4057 4110/29/4057 4109/29/4057
f 4109/29/4058 4110/29/4058 4114/29/4058 4113/29/4058
f 4113/29/4059 4114/29/4059 4112/29/4059 4111/29/4059
f 4111/29/4060 4112/29/4060 4108/29/4060 4107/29/4060
f 4109/29/4061 4113/29/4061 4111/29/4061 4107/29/4061
f 4114/29/4062 4110/29/4062 4108/29/4062 4112/29/4062
f 4115/29/4057 4116/29/4057 4118/29/4057 4117/29/4057
f 4117/29/4058 4118/29/4058 4122/29/4058 4121/29/4058
f 4121/29/4059 4122/29/4059 4120/29/4059 4119/29/4059
f 4119/29/4060 4120/29/4060 4116/29/4060 4115/29/4060
f 4117/29/4061 4121/29/4061 4119/29/4061 4115/29/4061
f 4122/29/4062 4118/29/4062 4116/29/4062 4120/29/4062
f 4123/29/4057 4124/29/4057 4126/29/4057 4125/29/4057
f 4125/29/4058 4126/29/4058 4130/29/4058 4129/29/4058
f 4129/29/4059 4130/29/4059 4128/29/4059 4127/29/4059
f 4127/29/4060 4128/29/4060 4124/29/4060 4123/29/4060
f 4125/29/4061 4129/29/4061 4127/29/4061 4123/29/4061
f 4130/29/4062 4126/29/4062 4124/29/4062 4128/29/4062
f 4131/29/4057 4132/29/4057 4134/29/4057 4133/29/4057
f 4133/29/4058 4134/29/4058 4138/29/4058 4137/29/4058
f 4137/29/4059 4138/29/4059 4136/29/4059 4135/29/4059
f 4135/29/4060 4136/29/4060 4132/29/4060 4131/29/4060
f 4133/29/4061 4137/29/4061 4135/29/4061 4131/29/4061
f 4138/29/4062 4134/29/4062 4132/29/4062 4136/29/4062
f 4139/29/4057 4140/29/4057 4142/29/4057 4141/29/4057
f 4141/29/4058 4142/29/4058 4146/29/4058 4145/29/4058
f 4145/29/4059 4146/29/4059 4144/29/4059 4143/29/4059
f 4143/29/4060 4144/29/4060 4140/29/4060 4139/29/4060
f 4141/29/4061 4145/29/4061 4143/29/4061 4139/29/4061
f 4146/29/4062 4142/29/4062 4140/29/4062 4144/29/4062
f 4147/29/4057 4148/29/4057 4150/29/4057 4149/29/4057
f 4149/29/4058 4150/29/4058 4154/29/4058 4153/29/4058
f 4153/29/4059 4154/29/4059 4152/29/4059 4151/29/4059
f 4151/29/4060 4152/29/4060 4148/29/4060 4147/29/4060
f 4149/29/4061 4153/29/4061 4151/29/4061 4147/29/4061
f 4154/29/4062 4150/29/4062 4148/29/4062 4152/29/4062
f 4155/29/4057 4156/29/4057 4158/29/4057 4157/29/4057
f 4157/29/4058 4158/29/4058 4162/29/4058 4161/29/4058
f 4161/29/4059 4162/29/4059 4160/29/4059 4159/29/4059
f 4159/29/4060 4160/29/4060 4156/29/4060 4155/29/4060
f 4157/29/4061 4161/29/4061 4159/29/4061 4155/29/4061
f 4162/29/4062 4158/29/4062 4156/29/4062 4160/29/4062
f 4163/29/4060 4164/29/4060 4166/29/4060 4165/29/4060
f 4165/29/4057 4166/29/4057 4170/29/4057 4169/29/4057
f 4169/29/4058 4170/29/4058 4168/29/4058 4167/29/4058
f 4167/29/4059 4168/29/4059 4164/29/4059 4163/29/4059
f 4165/29/4061 4169/29/4061 4167/29/4061 4163/29/4061
f 4170/29/4062 4166/29/4062 4164/29/4062 4168/29/4062
f 4171/29/4060 4172/29/4060 4174/29/4060 4173/29/4060
f 4173/29/4057 4174/29/4057 4178/29/4057 4177/29/4057
f 4177/29/4058 4178/29/4058 4176/29/4058 4175/29/4058
f 4175/29/4059 4176/29/4059 4172/29/4059 4171/29/4059
f 4173/29/4061 4177/29/4061 4175/29/4061 4171/29/4061
f 4178/29/4062 4174/29/4062 4172/29/4062 4176/29/4062
f 4179/29/4060 4180/29/4060 4182/29/4060 4181/29/4060
f 4181/29/4057 4182/29/4057 4186/29/4057 4185/29/4057
f 4185/29/4058 4186/29/4058 4184/29/4058 4183/29/4058
f 4183/29/4059 4184/29/4059 4180/29/4059 4179/29/4059
f 4181/29/4061 4185/29/4061 4183/29/4061 4179/29/4061
f 4186/29/4062 4182/29/4062 4180/29/4062 4184/29/4062
f 4187/29/4060 4188/29/4060 4190/29/4060 4189/29/4060
f 4189/29/4057 4190/29/4057 4194/29/4057 4193/29/4057
f 4193/29/4058 4194/29/4058 4192/29/4058 4191/29/4058
f 4191/29/4059 4192/29/4059 4188/29/4059 4187/29/4059
f 4189/29/4061 4193/29/4061 4191/29/4061 4187/29/4061
f 4194/29/4062 4190/29/4062 4188/29/4062 4192/29/4062
f 4195/29/4060 4196/29/4060 4198/29/4060 4197/29/4060
f 4197/29/4057 4198/29/4057 4202/29/4057 4201/29/4057
f 4201/29/4058 4202/29/4058 4200/29/4058 4199/29/4058
f 4199/29/4059 4200/29/4059 4196/29/4059 4195/29/4059
f 4197/29/4061 4201/29/4061 4199/29/4061 4195/29/4061
f 4202/29/4062 4198/29/4062 4196/29/4062 4200/29/4062
f 4203/29/4060 4204/29/4060 4206/29/4060 4205/29/4060
f 4205/29/4057 4206/29/4057 4210/29/4057 4209/29/4057
f 4209/29/4058 4210/29/4058 4208/29/4058 4207/29/4058
f 4207/29/4059 4208/29/4059 4204/29/4059 4203/29/4059
f 4205/29/4061 4209/29/4061 4207/29/4061 4203/29/4061
f 4210/29/4062 4206/29/4062 4204/29/4062 4208/29/4062
f 4211/29/4060 4212/29/4060 4214/29/4060 4213/29/4060
f 4213/29/4057 4214/29/4057 4218/29/4057 4217/29/4057
f 4217/29/4058 4218/29/4058 4216/29/4058 4215/29/4058
f 4215/29/4059 4216/29/4059 4212/29/4059 4211/29/4059
f 4213/29/4061 4217/29/4061 4215/29/4061 4211/29/4061
f 4218/29/4062 4214/29/4062 4212/29/4062 4216/29/4062
f 4219/29/4060 4220/29/4060 4222/29/4060 4221/29/4060
f 4221/29/4057 4222/29/4057 4226/29/4057 4225/29/4057
f 4225/29/4058 4226/29/4058 4224/29/4058 4223/29/4058
f 4223/29/4059 4224/29/4059 4220/29/4059 4219/29/4059
f 4221/29/4061 4225/29/4061 4223/29/4061 4219/29/4061
f 4226/29/4062 4222/29/4062 4220/29/4062 4224/29/4062
f 4227/29/4060 4228/29/4060 4230/29/4060 4229/29/4060
f 4229/29/4057 4230/29/4057 4234/29/4057 4233/29/4057
f 4233/29/4058 4234/29/4058 4232/29/4058 4231/29/4058
f 4231/29/4059 4232/29/4059 4228/29/4059 4227/29/4059
f 4229/29/4061 4233/29/4061 4231/29/4061 4227/29/4061
f 4234/29/4062 4230/29/4062 4228/29/4062 4232/29/4062
f 4235/29/4060 4236/29/4060 4238/29/4060 4237/29/4060
f 4237/29/4057 4238/29/4057 4242/29/4057 4241/29/4057
f 4241/29/4058 4242/29/4058 4240/29/4058 4239/29/4058
f 4239/29/4059 4240/29/4059 4236/29/4059 4235/29/4059
f 4237/29/4061 4241/29/4061 4239/29/4061 4235/29/4061
f 4242/29/4062 4238/29/4062 4236/29/4062 4240/29/4062
f 4243/29/4060 4244/29/4060 4246/29/4060 4245/29/4060
f 4245/29/4057 4246/29/4057 4250/29/4057 4249/29/4057
f 4249/29/4058 4250/29/4058 4248/29/4058 4247/29/4058
f 4247/29/4059 4248/29/4059 4244/29/4059 4243/29/4059
f 4245/29/4061 4249/29/4061 4247/29/4061 4243/29/4061
f 4250/29/4062 4246/29/4062 4244/29/4062 4248/29/4062
f 4251/29/4060 4252/29/4060 4254/29/4060 4253/29/4060
f 4253/29/4057 4254/29/4057 4258/29/4057 4257/29/4057
f 4257/29/4058 4258/29/4058 4256/29/4058 4255/29/4058
f 4255/29/4059 4256/29/4059 4252/29/4059 4251/29/4059
f 4253/29/4061 4257/29/4061 4255/29/4061 4251/29/4061
f 4258/29/4062 4254/29/4062 4252/29/4062 4256/29/4062
o MysteryBox7
v 34.773067 -0.727844 22.600000
v 34.773067 2.472156 22.600000
v 34.773067 -0.727844 19.400000
v 34.773067 2.472156 19.400000
v 37.973064 -0.727844 22.600000
v 37.973064 2.472156 22.600000
v 37.973064 -0.727844 19.400000
v 37.973064 2.472156 19.400000
v 37.798069 -0.777844 19.574999
v 37.798069 2.522156 19.574999
v 37.798069 -0.777844 19.225000
v 37.798069 2.522156 19.225000
v 38.148067 -0.777844 19.574999
v 38.148067 2.522156 19.574999
v 38.148067 -0.777844 19.225000
v 38.148067 2.522156 19.225000
v 37.798069 -0.777844 22.775000
v 37.798069 2.522156 22.775000
v 37.798069 -0.777844 22.425001
v 37.798069 2.522156 22.425001
v 38.148067 -0.777844 22.775000
v 38.148067 2.522156 22.775000
v 38.148067 -0.777844 22.425001
v 38.148067 2.522156 22.425001
v 34.598068 -0.777844 19.574999
v 34.598068 2.522156 19.574999
v 34.598068 -0.777844 19.225000
v 34.598068 2.522156 19.225000
v 34.948067 -0.777844 19.574999
v 34.948067 2.522156 19.574999
v 34.948067 -0.777844 19.225000
v 34.948067 2.522156 19.225000
v 34.598068 -0.777844 22.775000
v 34.598068 2.522156 22.775000
v 34.598068 -0.777844 22.425001
v 34.598068 2.522156 22.425001
v 34.948067 -0.777844 22.775000
v 34.948067 2.522156 22.775000
v 34.948067 -0.777844 22.425001
v 34.948067 2.522156 22.425001
v 34.723064 -0.902844 19.625000
v 34.723064 -0.552844 19.625000
v 34.723064 -0.902844 19.174999
v 34.723064 -0.552844 19.174999
v 38.023067 -0.902844 19.625000
v 38.023067 -0.552844 19.625000
v 38.023067 -0.902844 19.174999
v 38.023067 -0.552844 19.174999
v 34.723064 -0.902844 22.825001
v 34.723064 -0.552844 22.825001
v 34.723064 -0.902844 22.375000
v 34.723064 -0.552844 22.375000
v 38.023067 -0.902844 22.825001
v 38.023067 -0.552844 22.825001
v 38.023067 -0.902844 22.375000
v 38.023067 -0.552844 22.375000
v 37.748070 -0.902844 22.650000
v 37.748070 -0.552844 22.650000
v 37.748070 -0.902844 19.350000
v 37.748070 -0.552844 19.350000
v 38.198067 -0.902844 22.650000
v 38.198067 -0.552844 22.650000
v 38.198067 -0.902844 19.350000
v 38.198067 -0.552844 19.350000
v 34.548069 -0.902844 22.650000
v 34.548069 -0.552844 22.650000
v 34.548069 -0.902844 19.350000
v 34.548069 -0.552844 19.350000
v 34.998066 -0.902844 22.650000
v 34.998066 -0.552844 22.650000
v 34.998066 -0.902844 19.350000
v 34.998066 -0.552844 19.350000
v 34.723064 2.297156 19.625000
v 34.723064 2.647156 19.625000
v 34.723064 2.297156 19.174999
v 34.723064 2.647156 19.174999
v 38.023067 2.297156 19.625000
v 38.023067 2.647156 19.625000
v 38.023067 2.297156 19.174999
v 38.023067 2.647156 19.174999
v 34.723064 2.297156 22.825001
v 34.723064 2.647156 22.825001
v 34.723064 2.297156 22.375000
v 34.723064 2.647156 22.375000
v 38.023067 2.297156 22.825001
v 38.023067 2.647156 22.825001
v 38.023067 2.297156 22.375000
v 38.023067 2.647156 22.375000
v 37.748070 2.297156 22.650000
v 37.748070 2.647156 22.650000
v 37.748070 2.297156 19.350000
v 37.748070 2.647156 19.350000
v 38.198067 2.297156 22.650000
v 38.198067 2.647156 22.650000
v 38.198067 2.297156 19.350000
v 38.198067 2.647156 19.350000
v 34.548069 2.297156 22.650000
v 34.548069 2.647156 22.650000
v 34.548069 2.297156 19.350000
v 34.548069 2.647156 19.350000
v 34.998066 2.297156 22.650000
v 34.998066 2.647156 22.650000
v 34.998066 2.297156 19.350000
v 34.998066 2.647156 19.350000
v 35.923065 1.372156 22.669998
v 35.923065 1.612156 22.669998
v 35.923065 1.372156 22.590000
v 35.923065 1.612156 22.590000
v 36.823067 1.372156 22.669998
v 36.823067 1.612156 22.669998
v 36.823067 1.372156 22.590000
v 36.823067 1.612156 22.590000
v 35.893066 1.172156 22.669998
v 35.893066 1.472156 22.669998
v 35.893066 1.172156 22.590000
v 35.893066 1.472156 22.590000
v 36.133064 1.172156 22.669998
v 36.133064 1.472156 22.669998
v 36.133064 1.172156 22.590000
v 36.133064 1.472156 22.590000
v 36.613068 0.902156 22.669998
v 36.613068 1.502156 22.669998
v 36.613068 0.902156 22.590000
v 36.613068 1.502156 22.590000
v 36.853065 0.902156 22.669998
v 36.853065 1.502156 22.669998
v 36.853065 0.902156 22.590000
v 36.853065 1.502156 22.590000
v 36.243065 0.802156 22.669998
v 36.243065 1.042156 22.669998
v 36.243065 0.802156 22.590000
v 36.243065 1.042156 22.590000
v 36.743065 0.802156 22.669998
v 36.743065 1.042156 22.669998
v 36.743065 0.802156 22.590000
v 36.743065 1.042156 22.590000
v 36.253067 0.452156 22.669998
v 36.253067 0.852156 22.669998
v 36.253067 0.452156 22.590000
v 36.253067 0.852156 22.590000
v 36.493065 0.452156 22.669998
v 36.493065 0.852156 22.669998
v 36.493065 0.452156 22.590000
v 36.493065 0.852156 22.590000
v 36.243065 0.082156 22.669998
v 36.243065 0.342156 22.669998
v 36.243065 0.082156 22.590000
v 36.243065 0.342156 22.590000
v 36.503067 0.082156 22.669998
v 36.503067 0.342156 22.669998
v 36.503067 0.082156 22.590000
v 36.503067 0.342156 22.590000
v 35.923065 1.372156 19.410000
v 35.923065 1.612156 19.410000
v 35.923065 1.372156 19.330002
v 35.923065 1.612156 19.330002
v 36.823067 1.372156 19.410000
v 36.823067 1.612156 19.410000
v 36.823067 1.372156 19.330002
v 36.823067 1.612156 19.330002
v 35.893066 1.172156 19.410000
v 35.893066 1.472156 19.410000
v 35.893066 1.172156 19.330002
v 35.893066 1.472156 19.330002
v 36.133064 1.172156 19.410000
v 36.133064 1.472156 19.410000
v 36.133064 1.172156 19.330002
v 36.133064 1.472156 19.330002
v 36.613068 0.902156 19.410000
v 36.613068 1.502156 19.410000
v 36.613068 0.902156 19.330002
v 36.613068 1.502156 19.330002
v 36.853065 0.902156 19.410000
v 36.853065 1.502156 19.410000
v 36.853065 0.902156 19.330002
v 36.853065 1.502156 19.330002
v 36.243065 0.802156 19.410000
v 36.243065 1.042156 19.410000
v 36.243065 0.802156 19.330002
v 36.243065 1.042156 19.330002
v 36.743065 0.802156 19.410000
v 36.743065 1.042156 19.410000
v 36.743065 0.802156 19.330002
v 36.743065 1.042156 19.330002
v 36.253067 0.452156 19.410000
v 36.253067 0.852156 19.410000
v 36.253067 0.452156 19.330002
v 36.253067 0.852156 19.330002
v 36.493065 0.452156 19.410000
v 36.493065 0.852156 19.410000
v 36.493065 0.452156 19.330002
v 36.493065 0.852156 19.330002
v 36.243065 0.082156 19.410000
v 36.243065 0.342156 19.410000
v 36.243065 0.082156 19.330002
v 36.243065 0.342156 19.330002
v 36.503067 0.082156 19.410000
v 36.503067 0.342156 19.410000
v 36.503067 0.082156 19.330002
v 36.503067 0.342156 19.330002
v 38.043068 1.372156 21.450001
v 38.043068 1.612156 21.450001
v 37.963066 1.372156 21.450001
v 37.963066 1.612156 21.450001
v 38.043068 1.372156 20.549999
v 38.043068 1.612156 20.549999
v 37.963066 1.372156 20.549999
v 37.963066 1.612156 20.549999
v 38.043068 1.172156 21.480001
v 38.043068 1.472156 21.480001
v 37.963066 1.172156 21.480001
v 37.963066 1.472156 21.480001
v 38.043068 1.172156 21.240000
v 38.043068 1.472156 21.240000
v 37.963066 1.172156 21.240000
v 37.963066 1.472156 21.240000
v 38.043068 0.902156 20.760000
v 38.043068 1.502156 20.760000
v 37.963066 0.902156 20.760000
v 37.963066 1.502156 20.760000
v 38.043068 0.902156 20.519999
v 38.043068 1.502156 20.519999
v 37.963066 0.902156 20.519999
v 37.963066 1.502156 20.519999
v 38.043068 0.802156 21.129999
v 38.043068 1.042156 21.129999
v 37.963066 0.802156 21.129999
v 37.963066 1.042156 21.129999
v 38.043068 0.802156 20.629999
v 38.043068 1.042156 20.629999
v 37.963066 0.802156 20.629999
v 37.963066 1.042156 20.629999
v 38.043068 0.452156 21.120001
v 38.043068 0.852156 21.120001
v 37.963066 0.452156 21.120001
v 37.963066 0.852156 21.120001
v 38.043068 0.452156 20.879999
v 38.043068 0.852156 20.879999
v 37.963066 0.452156 20.879999
v 37.963066 0.852156 20.879999
v 38.043068 0.082156 21.129999
v 38.043068 0.342156 21.129999
v 37.963066 0.082156 21.129999
v 37.963066 0.342156 21.129999
v 38.043068 0.082156 20.870001
v 38.043068 0.342156 20.870001
v 37.963066 0.082156 20.870001
v 37.963066 0.342156 20.870001
v 34.783066 1.372156 21.450001
v 34.783066 1.612156 21.450001
v 34.703064 1.372156 21.450001
v 34.703064 1.612156 21.450001
v 34.783066 1.372156 20.549999
v 34.783066 1.612156 20.549999
v 34.703064 1.372156 20.549999
v 34.703064 1.612156 20.549999
v 34.783066 1.172156 21.480001
v 34.783066 1.472156 21.480001
v 34.703064 1.172156 21.480001
v 34.703064 1.472156 21.480001
v 34.783066 1.172156 21.240000
v 34.783066 1.472156 21.240000
v 34.703064 1.172156 21.240000
v 34.703064 1.472156 21.240000
v 34.783066 0.902156 20.760000
v 34.783066 1.502156 20.760000
v 34.703064 0.902156 20.760000
v 34.703064 1.502156 20.760000
v 34.783066 0.902156 20.519999
v 34.783066 1.502156 20.519999
v 34.703064 0.902156 20.519999
v 34.703064 1.502156 20.519999
v 34.783066 0.802156 21.129999
v 34.783066 1.042156 21.129999
v 34.703064 0.802156 21.129999
v 34.703064 1.042156 21.129999
v 34.783066 0.802156 20.629999
v 34.783066 1.042156 20.629999
v 34.703064 0.802156 20.629999
v 34.703064 1.042156 20.629999
v 34.783066 0.452156 21.120001
v 34.783066 0.852156 21.120001
v 34.703064 0.452156 21.120001
v 34.703064 0.852156 21.120001
v 34.783066 0.452156 20.879999
v 34.783066 0.852156 20.879999
v 34.703064 0.452156 20.879999
v 34.703064 0.852156 20.879999
v 34.783066 0.082156 21.129999
v 34.783066 0.342156 21.129999
v 34.703064 0.082156 21.129999
v 34.703064 0.342156 21.129999
v 34.783066 0.082156 20.870001
v 34.783066 0.342156 20.870001
v 34.703064 0.082156 20.870001
v 34.703064 0.342156 20.870001
vn -1.0000 -0.0000 -0.0000
vn -0.0000 -0.0000 -1.0000
vn 1.0000 -0.0000 -0.0000
vn -0.0000 -0.0000 1.0000
vn -0.0000 -1.0000 -0.0000
vn -0.0000 1.0000 -0.0000
vt 0.937500 0.437500
vt 0.062500 0.562500
vt 0.187500 0.562500
s 0
usemtl Paleta
f 4259/30/4063 4260/30/4063 4262/30/4063 4261/30/4063
f 4261/30/4064 4262/30/4064 4266/30/4064 4265/30/4064
f 4265/30/4065 4266/30/4065 4264/30/4065 4263/30/4065
f 4263/30/4066 4264/30/4066 4260/30/4066 4259/30/4066
f 4261/30/4067 4265/30/4067 4263/30/4067 4259/30/4067
f 4266/30/4068 4262/30/4068 4260/30/4068 4264/30/4068
f 4267/31/4063 4268/31/4063 4270/31/4063 4269/31/4063
f 4269/31/4064 4270/31/4064 4274/31/4064 4273/31/4064
f 4273/31/4065 4274/31/4065 4272/31/4065 4271/31/4065
f 4271/31/4066 4272/31/4066 4268/31/4066 4267/31/4066
f 4269/31/4067 4273/31/4067 4271/31/4067 4267/31/4067
f 4274/31/4068 4270/31/4068 4268/31/4068 4272/31/4068
f 4275/31/4063 4276/31/4063 4278/31/4063 4277/31/4063
f 4277/31/4064 4278/31/4064 4282/31/4064 4281/31/4064
f 4281/31/4065 4282/31/4065 4280/31/4065 4279/31/4065
f 4279/31/4066 4280/31/4066 4276/31/4066 4275/31/4066
f 4277/31/4067 4281/31/4067 4279/31/4067 4275/31/4067
f 4282/31/4068 4278/31/4068 4276/31/4068 4280/31/4068
f 4283/31/4063 4284/31/4063 4286/31/4063 4285/31/4063
f 4285/31/4064 4286/31/4064 4290/31/4064 4289/31/4064
f 4289/31/4065 4290/31/4065 4288/31/4065 4287/31/4065
f 4287/31/4066 4288/31/4066 4284/31/4066 4283/31/4066
f 4285/31/4067 4289/31/4067 4287/31/4067 4283/31/4067
f 4290/31/4068 4286/31/4068 4284/31/4068 4288/31/4068
f 4291/31/4063 4292/31/4063 4294/31/4063 4293/31/4063
f 4293/31/4064 4294/31/4064 4298/31/4064 4297/31/4064
f 4297/31/4065 4298/31/4065 4296/31/4065 4295/31/4065
f 4295/31/4066 4296/31/4066 4292/31/4066 4291/31/4066
f 4293/31/4067 4297/31/4067 4295/31/4067 4291/31/4067
f 4298/31/4068 4294/31/4068 4292/31/4068 4296/31/4068
f 4299/31/4063 4300/31/4063 4302/31/4063 4301/31/4063
f 4301/31/4064 4302/31/4064 4306/31/4064 4305/31/4064
f 4305/31/4065 4306/31/4065 4304/31/4065 4303/31/4065
f 4303/31/4066 4304/31/4066 4300/31/4066 4299/31/4066
f 4301/31/4067 4305/31/4067 4303/31/4067 4299/31/4067
f 4306/31/4068 4302/31/4068 4300/31/4068 4304/31/4068
f 4307/31/4063 4308/31/4063 4310/31/4063 4309/31/4063
f 4309/31/4064 4310/31/4064 4314/31/4064 4313/31/4064
f 4313/31/4065 4314/31/4065 4312/31/4065 4311/31/4065
f 4311/31/4066 4312/31/4066 4308/31/4066 4307/31/4066
f 4309/31/4067 4313/31/4067 4311/31/4067 4307/31/4067
f 4314/31/4068 4310/31/4068 4308/31/4068 4312/31/4068
f 4315/31/4063 4316/31/4063 4318/31/4063 4317/31/4063
f 4317/31/4064 4318/31/4064 4322/31/4064 4321/31/4064
f 4321/31/4065 4322/31/4065 4320/31/4065 4319/31/4065
f 4319/31/4066 4320/31/4066 4316/31/4066 4315/31/4066
f 4317/31/4067 4321/31/4067 4319/31/4067 4315/31/4067
f 4322/31/4068 4318/31/4068 4316/31/4068 4320/31/4068
f 4323/31/4063 4324/31/4063 4326/31/4063 4325/31/4063
f 4325/31/4064 4326/31/4064 4330/31/4064 4329/31/4064
f 4329/31/4065 4330/31/4065 4328/31/4065 4327/31/4065
f 4327/31/4066 4328/31/4066 4324/31/4066 4323/31/4066
f 4325/31/4067 4329/31/4067 4327/31/4067 4323/31/4067
f 4330/31/4068 4326/31/4068 4324/31/4068 4328/31/4068
f 4331/31/4063 4332/31/4063 4334/31/4063 4333/31/4063
f 4333/31/4064 4334/31/4064 4338/31/4064 4337/31/4064
f 4337/31/4065 4338/31/4065 4336/31/4065 4335/31/4065
f 4335/31/4066 4336/31/4066 4332/31/4066 4331/31/4066
f 4333/31/4067 4337/31/4067 4335/31/4067 4331/31/4067
f 4338/31/4068 4334/31/4068 4332/31/4068 4336/31/4068
f 4339/31/4063 4340/31/4063 4342/31/4063 4341/31/4063
f 4341/31/4064 4342/31/4064 4346/31/4064 4345/31/4064
f 4345/31/4065 4346/31/4065 4344/31/4065 4343/31/4065
f 4343/31/4066 4344/31/4066 4340/31/4066 4339/31/4066
f 4341/31/4067 4345/31/4067 4343/31/4067 4339/31/4067
f 4346/31/4068 4342/31/4068 4340/31/4068 4344/31/4068
f 4347/31/4063 4348/31/4063 4350/31/4063 4349/31/4063
f 4349/31/4064 4350/31/4064 4354/31/4064 4353/31/4064
f 4353/31/4065 4354/31/4065 4352/31/4065 4351/31/4065
f 4351/31/4066 4352/31/4066 4348/31/4066 4347/31/4066
f 4349/31/4067 4353/31/4067 4351/31/4067 4347/31/4067
f 4354/31/4068 4350/31/4068 4348/31/4068 4352/31/4068
f 4355/31/4063 4356/31/4063 4358/31/4063 4357/31/4063
f 4357/31/4064 4358/31/4064 4362/31/4064 4361/31/4064
f 4361/31/4065 4362/31/4065 4360/31/4065 4359/31/4065
f 4359/31/4066 4360/31/4066 4356/31/4066 4355/31/4066
f 4357/31/4067 4361/31/4067 4359/31/4067 4355/31/4067
f 4362/31/4068 4358/31/4068 4356/31/4068 4360/31/4068
f 4363/32/4063 4364/32/4063 4366/32/4063 4365/32/4063
f 4365/32/4064 4366/32/4064 4370/32/4064 4369/32/4064
f 4369/32/4065 4370/32/4065 4368/32/4065 4367/32/4065
f 4367/32/4066 4368/32/4066 4364/32/4066 4363/32/4066
f 4365/32/4067 4369/32/4067 4367/32/4067 4363/32/4067
f 4370/32/4068 4366/32/4068 4364/32/4068 4368/32/4068
f 4371/32/4063 4372/32/4063 4374/32/4063 4373/32/4063
f 4373/32/4064 4374/32/4064 4378/32/4064 4377/32/4064
f 4377/32/4065 4378/32/4065 4376/32/4065 4375/32/4065
f 4375/32/4066 4376/32/4066 4372/32/4066 4371/32/4066
f 4373/32/4067 4377/32/4067 4375/32/4067 4371/32/4067
f 4378/32/4068 4374/32/4068 4372/32/4068 4376/32/4068
f 4379/32/4063 4380/32/4063 4382/32/4063 4381/32/4063
f 4381/32/4064 4382/32/4064 4386/32/4064 4385/32/4064
f 4385/32/4065 4386/32/4065 4384/32/4065 4383/32/4065
f 4383/32/4066 4384/32/4066 4380/32/4066 4379/32/4066
f 4381/32/4067 4385/32/4067 4383/32/4067 4379/32/4067
f 4386/32/4068 4382/32/4068 4380/32/4068 4384/32/4068
f 4387/32/4063 4388/32/4063 4390/32/4063 4389/32/4063
f 4389/32/4064 4390/32/4064 4394/32/4064 4393/32/4064
f 4393/32/4065 4394/32/4065 4392/32/4065 4391/32/4065
f 4391/32/4066 4392/32/4066 4388/32/4066 4387/32/4066
f 4389/32/4067 4393/32/4067 4391/32/4067 4387/32/4067
f 4394/32/4068 4390/32/4068 4388/32/4068 4392/32/4068
f 4395/32/4063 4396/32/4063 4398/32/4063 4397/32/4063
f 4397/32/4064 4398/32/4064 4402/32/4064 4401/32/4064
f 4401/32/4065 4402/32/4065 4400/32/4065 4399/32/4065
f 4399/32/4066 4400/32/4066 4396/32/4066 4395/32/4066
f 4397/32/4067 4401/32/4067 4399/32/4067 4395/32/4067
f 4402/32/4068 4398/32/4068 4396/32/4068 4400/32/4068
f 4403/32/4063 4404/32/4063 4406/32/4063 4405/32/4063
f 4405/32/4064 4406/32/4064 4410/32/4064 4409/32/4064
f 4409/32/4065 4410/32/4065 4408/32/4065 4407/32/4065
f 4407/32/4066 4408/32/4066 4404/32/4066 4403/32/4066
f 4405/32/4067 4409/32/4067 4407/32/4067 4403/32/4067
f 4410/32/4068 4406/32/4068 4404/32/4068 4408/32/4068
f 4411/32/4063 4412/32/4063 4414/32/4063 4413/32/4063
f 4413/32/4064 4414/32/4064 4418/32/4064 4417/32/4064
f 4417/32/4065 4418/32/4065 4416/32/4065 4415/32/4065
f 4415/32/4066 4416/32/4066 4412/32/4066 4411/32/4066
f 4413/32/4067 4417/32/4067 4415/32/4067 4411/32/4067
f 4418/32/4068 4414/32/4068 4412/32/4068 4416/32/4068
f 4419/32/4063 4420/32/4063 4422/32/4063 4421/32/4063
f 4421/32/4064 4422/32/4064 4426/32/4064 4425/32/4064
f 4425/32/4065 4426/32/4065 4424/32/4065 4423/32/4065
f 4423/32/4066 4424/32/4066 4420/32/4066 4419/32/4066
f 4421/32/4067 4425/32/4067 4423/32/4067 4419/32/4067
f 4426/32/4068 4422/32/4068 4420/32/4068 4424/32/4068
f 4427/32/4063 4428/32/4063 4430/32/4063 4429/32/4063
f 4429/32/4064 4430/32/4064 4434/32/4064 4433/32/4064
f 4433/32/4065 4434/32/4065 4432/32/4065 4431/32/4065
f 4431/32/4066 4432/32/4066 4428/32/4066 4427/32/4066
f 4429/32/4067 4433/32/4067 4431/32/4067 4427/32/4067
f 4434/32/4068 4430/32/4068 4428/32/4068 4432/32/4068
f 4435/32/4063 4436/32/4063 4438/32/4063 4437/32/4063
f 4437/32/4064 4438/32/4064 4442/32/4064 4441/32/4064
f 4441/32/4065 4442/32/4065 4440/32/4065 4439/32/4065
f 4439/32/4066 4440/32/4066 4436/32/4066 4435/32/4066
f 4437/32/4067 4441/32/4067 4439/32/4067 4435/32/4067
f 4442/32/4068 4438/32/4068 4436/32/4068 4440/32/4068
f 4443/32/4063 4444/32/4063 4446/32/4063 4445/32/4063
f 4445/32/4064 4446/32/4064 4450/32/4064 4449/32/4064
f 4449/32/4065 4450/32/4065 4448/32/4065 4447/32/4065
f 4447/32/4066 4448/32/4066 4444/32/4066 4443/32/4066
f 4445/32/4067 4449/32/4067 4447/32/4067 4443/32/4067
f 4450/32/4068 4446/32/4068 4444/32/4068 4448/32/4068
f 4451/32/4063 4452/32/4063 4454/32/4063 4453/32/4063
f 4453/32/4064 4454/32/4064 4458/32/4064 4457/32/4064
f 4457/32/4065 4458/32/4065 4456/32/4065 4455/32/4065
f 4455/32/4066 4456/32/4066 4452/32/4066 4451/32/4066
f 4453/32/4067 4457/32/4067 4455/32/4067 4451/32/4067
f 4458/32/4068 4454/32/4068 4452/32/4068 4456/32/4068
f 4459/32/4066 4460/32/4066 4462/32/4066 4461/32/4066
f 4461/32/4063 4462/32/4063 4466/32/4063 4465/32/4063
f 4465/32/4064 4466/32/4064 4464/32/4064 4463/32/4064
f 4463/32/4065 4464/32/4065 4460/32/4065 4459/32/4065
f 4461/32/4067 4465/32/4067 4463/32/4067 4459/32/4067
f 4466/32/4068 4462/32/4068 4460/32/4068 4464/32/4068
f 4467/32/4066 4468/32/4066 4470/32/4066 4469/32/4066
f 4469/32/4063 4470/32/4063 4474/32/4063 4473/32/4063
f 4473/32/4064 4474/32/4064 4472/32/4064 4471/32/4064
f 4471/32/4065 4472/32/4065 4468/32/4065 4467/32/4065
f 4469/32/4067 4473/32/4067 4471/32/4067 4467/32/4067
f 4474/32/4068 4470/32/4068 4468/32/4068 4472/32/4068
f 4475/32/4066 4476/32/4066 4478/32/4066 4477/32/4066
f 4477/32/4063 4478/32/4063 4482/32/4063 4481/32/4063
f 4481/32/4064 4482/32/4064 4480/32/4064 4479/32/4064
f 4479/32/4065 4480/32/4065 4476/32/4065 4475/32/4065
f 4477/32/4067 4481/32/4067 4479/32/4067 4475/32/4067
f 4482/32/4068 4478/32/4068 4476/32/4068 4480/32/4068
f 4483/32/4066 4484/32/4066 4486/32/4066 4485/32/4066
f 4485/32/4063 4486/32/4063 4490/32/4063 4489/32/4063
f 4489/32/4064 4490/32/4064 4488/32/4064 4487/32/4064
f 4487/32/4065 4488/32/4065 4484/32/4065 4483/32/4065
f 4485/32/4067 4489/32/4067 4487/32/4067 4483/32/4067
f 4490/32/4068 4486/32/4068 4484/32/4068 4488/32/4068
f 4491/32/4066 4492/32/4066 4494/32/4066 4493/32/4066
f 4493/32/4063 4494/32/4063 4498/32/4063 4497/32/4063
f 4497/32/4064 4498/32/4064 4496/32/4064 4495/32/4064
f 4495/32/4065 4496/32/4065 4492/32/4065 4491/32/4065
f 4493/32/4067 4497/32/4067 4495/32/4067 4491/32/4067
f 4498/32/4068 4494/32/4068 4492/32/4068 4496/32/4068
f 4499/32/4066 4500/32/4066 4502/32/4066 4501/32/4066
f 4501/32/4063 4502/32/4063 4506/32/4063 4505/32/4063
f 4505/32/4064 4506/32/4064 4504/32/4064 4503/32/4064
f 4503/32/4065 4504/32/4065 4500/32/4065 4499/32/4065
f 4501/32/4067 4505/32/4067 4503/32/4067 4499/32/4067
f 4506/32/4068 4502/32/4068 4500/32/4068 4504/32/4068
f 4507/32/4066 4508/32/4066 4510/32/4066 4509/32/4066
f 4509/32/4063 4510/32/4063 4514/32/4063 4513/32/4063
f 4513/32/4064 4514/32/4064 4512/32/4064 4511/32/4064
f 4511/32/4065 4512/32/4065 4508/32/4065 4507/32/4065
f 4509/32/4067 4513/32/4067 4511/32/4067 4507/32/4067
f 4514/32/4068 4510/32/4068 4508/32/4068 4512/32/4068
f 4515/32/4066 4516/32/4066 4518/32/4066 4517/32/4066
f 4517/32/4063 4518/32/4063 4522/32/4063 4521/32/4063
f 4521/32/4064 4522/32/4064 4520/32/4064 4519/32/4064
f 4519/32/4065 4520/32/4065 4516/32/4065 4515/32/4065
f 4517/32/4067 4521/32/4067 4519/32/4067 4515/32/4067
f 4522/32/4068 4518/32/4068 4516/32/4068 4520/32/4068
f 4523/32/4066 4524/32/4066 4526/32/4066 4525/32/4066
f 4525/32/4063 4526/32/4063 4530/32/4063 4529/32/4063
f 4529/32/4064 4530/32/4064 4528/32/4064 4527/32/4064
f 4527/32/4065 4528/32/4065 4524/32/4065 4523/32/4065
f 4525/32/4067 4529/32/4067 4527/32/4067 4523/32/4067
f 4530/32/4068 4526/32/4068 4524/32/4068 4528/32/4068
f 4531/32/4066 4532/32/4066 4534/32/4066 4533/32/4066
f 4533/32/4063 4534/32/4063 4538/32/4063 4537/32/4063
f 4537/32/4064 4538/32/4064 4536/32/4064 4535/32/4064
f 4535/32/4065 4536/32/4065 4532/32/4065 4531/32/4065
f 4533/32/4067 4537/32/4067 4535/32/4067 4531/32/4067
f 4538/32/4068 4534/32/4068 4532/32/4068 4536/32/4068
f 4539/32/4066 4540/32/4066 4542/32/4066 4541/32/4066
f 4541/32/4063 4542/32/4063 4546/32/4063 4545/32/4063
f 4545/32/4064 4546/32/4064 4544/32/4064 4543/32/4064
f 4543/32/4065 4544/32/4065 4540/32/4065 4539/32/4065
f 4541/32/4067 4545/32/4067 4543/32/4067 4539/32/4067
f 4546/32/4068 4542/32/4068 4540/32/4068 4544/32/4068
f 4547/32/4066 4548/32/4066 4550/32/4066 4549/32/4066
f 4549/32/4063 4550/32/4063 4554/32/4063 4553/32/4063
f 4553/32/4064 4554/32/4064 4552/32/4064 4551/32/4064
f 4551/32/4065 4552/32/4065 4548/32/4065 4547/32/4065
f 4549/32/4067 4553/32/4067 4551/32/4067 4547/32/4067
f 4554/32/4068 4550/32/4068 4548/32/4068 4552/32/4068
o Pien1
v 30.500000 1.043188 0.000000
v 37.500000 1.043187 -0.000000
v 30.500000 0.704329 -0.703648
v 37.500000 0.704328 -0.703648
v 30.500000 -0.057081 -0.877435
v 37.500000 -0.057081 -0.877435
v 30.500000 -0.667684 -0.390495
v 37.500000 -0.667684 -0.390496
v 30.500000 -0.667684 0.390496
v 37.500000 -0.667684 0.390495
v 30.500000 -0.057081 0.877435
v 37.500000 -0.057081 0.877435
v 30.500000 0.704329 0.703648
v 37.500000 0.704328 0.703648
v 37.467503 0.893188 -0.000000
v 37.567501 0.893188 -0.000000
v 37.467503 0.610805 -0.586374
v 37.567501 0.610805 -0.586374
v 37.467503 -0.023703 -0.731196
v 37.567501 -0.023703 -0.731196
v 37.467503 -0.532539 -0.325413
v 37.567501 -0.532539 -0.325413
v 37.467503 -0.532539 0.325413
v 37.567501 -0.532539 0.325413
v 37.467503 -0.023703 0.731196
v 37.567501 -0.023703 0.731196
v 37.467503 0.610805 0.586373
v 37.567501 0.610805 0.586373
v 30.432501 0.893188 0.000000
v 30.532499 0.893188 0.000000
v 30.432501 0.610805 -0.586373
v 30.532499 0.610805 -0.586373
v 30.432501 -0.023703 -0.731196
v 30.532499 -0.023703 -0.731196
v 30.432501 -0.532539 -0.325413
v 30.532499 -0.532539 -0.325413
v 30.432501 -0.532539 0.325413
v 30.532499 -0.532539 0.325413
v 30.432501 -0.023703 0.731196
v 30.532499 -0.023703 0.731196
v 30.432501 0.610805 0.586374
v 30.532499 0.610805 0.586374
vn -0.0000 0.9010 -0.4339
vn -0.0000 0.2225 -0.9749
vn -0.0000 -0.6235 -0.7818
vn -0.0000 -1.0000 -0.0000
vn -0.0000 -0.6235 0.7818
vn 1.0000 -0.0000 -0.0000
vn -0.0000 0.2225 0.9749
vn -0.0000 0.9010 0.4339
vn -1.0000 -0.0000 -0.0000
vt 0.687500 0.312500
vt 0.687500 0.437500
s 0
usemtl Paleta
f 4555/33/4069 4556/33/4069 4558/33/4069 4557/33/4069
f 4557/33/4070 4558/33/4070 4560/33/4070 4559/33/4070
f 4559/33/4071 4560/33/4071 4562/33/4071 4561/33/4071
f 4561/33/4072 4562/33/4072 4564/33/4072 4563/33/4072
f 4563/33/4073 4564/33/4073 4566/33/4073 4565/33/4073
f 4558/33/4074 4556/33/4074 4568/33/4074 4566/33/4074 4564/33/4074 4562/33/4074 4560/33/4074
f 4565/33/4075 4566/33/4075 4568/33/4075 4567/33/4075
f 4567/33/4076 4568/33/4076 4556/33/4076 4555/33/4076
f 4555/33/4077 4557/33/4077 4559/33/4077 4561/33/4077 4563/33/4077 4565/33/4077 4567/33/4077
f 4569/34/4069 4570/34/4069 4572/34/4069 4571/34/4069
f 4571/34/4070 4572/34/4070 4574/34/4070 4573/34/4070
f 4573/34/4071 4574/34/4071 4576/34/4071 4575/34/4071
f 4575/34/4072 4576/34/4072 4578/34/4072 4577/34/4072
f 4577/34/4073 4578/34/4073 4580/34/4073 4579/34/4073
f 4572/34/4074 4570/34/4074 4582/34/4074 4580/34/4074 4578/34/4074 4576/34/4074 4574/34/4074
f 4579/34/4075 4580/34/4075 4582/34/4075 4581/34/4075
f 4581/34/4076 4582/34/4076 4570/34/4076 4569/34/4076
f 4569/34/4077 4571/34/4077 4573/34/4077 4575/34/4077 4577/34/4077 4579/34/4077 4581/34/4077
f 4583/34/4069 4584/34/4069 4586/34/4069 4585/34/4069
f 4585/34/4070 4586/34/4070 4588/34/4070 4587/34/4070
f 4587/34/4071 4588/34/4071 4590/34/4071 4589/34/4071
f 4589/34/4072 4590/34/4072 4592/34/4072 4591/34/4072
f 4591/34/4073 4592/34/4073 4594/34/4073 4593/34/4073
f 4586/34/4074 4584/34/4074 4596/34/4074 4594/34/4074 4592/34/4074 4590/34/4074 4588/34/4074
f 4593/34/4075 4594/34/4075 4596/34/4075 4595/34/4075
f 4595/34/4076 4596/34/4076 4584/34/4076 4583/34/4076
f 4583/34/4077 4585/34/4077 4587/34/4077 4589/34/4077 4591/34/4077 4593/34/4077 4595/34/4077
o Pien2
v 15.250000 1.970262 -26.413776
v 18.750000 1.970262 -32.475952
v 14.640623 1.631403 -26.765600
v 18.140623 1.631403 -32.827778
v 14.490119 0.869994 -26.852493
v 17.990120 0.869993 -32.914669
v 14.911821 0.259390 -26.609024
v 18.411821 0.259390 -32.671200
v 15.588179 0.259390 -26.218529
v 19.088179 0.259390 -32.280704
v 16.009880 0.869994 -25.975058
v 19.509882 0.869993 -32.037235
v 15.859377 1.631403 -26.061951
v 19.359377 1.631403 -32.124130
v 18.733751 1.820262 -32.447807
v 18.783751 1.820262 -32.534409
v 18.225937 1.537880 -32.740993
v 18.275936 1.537880 -32.827595
v 18.100517 0.903371 -32.813404
v 18.150517 0.903371 -32.900009
v 18.451935 0.394536 -32.610512
v 18.501936 0.394536 -32.697117
v 19.015566 0.394536 -32.285099
v 19.065567 0.394536 -32.371704
v 19.366985 0.903371 -32.082207
v 19.416985 0.903371 -32.168812
v 19.241566 1.537880 -32.154621
v 19.291565 1.537880 -32.241222
v 15.216250 1.820262 -26.355320
v 15.266250 1.820262 -26.441921
v 14.708435 1.537880 -26.648506
v 14.758436 1.537880 -26.735109
v 14.583015 0.903371 -26.720917
v 14.633016 0.903371 -26.807520
v 14.934434 0.394536 -26.518026
v 14.984434 0.394536 -26.604628
v 15.498066 0.394536 -26.192614
v 15.548066 0.394536 -26.279215
v 15.849484 0.903371 -25.989721
v 15.899485 0.903371 -26.076324
v 15.724065 1.537880 -26.062132
v 15.774064 1.537880 -26.148735
vn -0.3758 0.9010 -0.2169
vn -0.8443 0.2225 -0.4875
vn -0.6771 -0.6235 -0.3909
vn -0.0000 -1.0000 -0.0000
vn 0.6771 -0.6235 0.3909
vn 0.5000 -0.0000 -0.8660
vn 0.8443 0.2225 0.4875
vn 0.3758 0.9010 0.2169
vn -0.5000 -0.0000 0.8660
vt 0.687500 0.312500
vt 0.687500 0.437500
s 0
usemtl Paleta
f 4597/35/4078 4598/35/4078 4600/35/4078 4599/35/4078
f 4599/35/4079 4600/35/4079 4602/35/4079 4601/35/4079
f 4601/35/4080 4602/35/4080 4604/35/4080 4603/35/4080
f 4603/35/4081 4604/35/4081 4606/35/4081 4605/35/4081
f 4605/35/4082 4606/35/4082 4608/35/4082 4607/35/4082
f 4600/35/4083 4598/35/4083 4610/35/4083 4608/35/4083 4606/35/4083 4604/35/4083 4602/35/4083
f 4607/35/4084 4608/35/4084 4610/35/4084 4609/35/4084
f 4609/35/4085 4610/35/4085 4598/35/4085 4597/35/4085
f 4597/35/4086 4599/35/4086 4601/35/4086 4603/35/4086 4605/35/4086 4607/35/4086 4609/35/4086
f 4611/36/4078 4612/36/4078 4614/36/4078 4613/36/4078
f 4613/36/4079 4614/36/4079 4616/36/4079 4615/36/4079
f 4615/36/4080 4616/36/4080 4618/36/4080 4617/36/4080
f 4617/36/4081 4618/36/4081 4620/36/4081 4619/36/4081
f 4619/36/4082 4620/36/4082 4622/36/4082 4621/36/4082
f 4614/36/4083 4612/36/4083 4624/36/4083 4622/36/4083 4620/36/4083 4618/36/4083 4616/36/4083
f 4621/36/4084 4622/36/4084 4624/36/4084 4623/36/4084
f 4623/36/4085 4624/36/4085 4612/36/4085 4611/36/4085
f 4611/36/4086 4613/36/4086 4615/36/4086 4617/36/4086 4619/36/4086 4621/36/4086 4623/36/4086
f 4625/36/4078 4626/36/4078 4628/36/4078 4627/36/4078
f 4627/36/4079 4628/36/4079 4630/36/4079 4629/36/4079
f 4629/36/4080 4630/36/4080 4632/36/4080 4631/36/4080
f 4631/36/4081 4632/36/4081 4634/36/4081 4633/36/4081
f 4633/36/4082 4634/36/4082 4636/36/4082 4635/36/4082
f 4628/36/4083 4626/36/4083 4638/36/4083 4636/36/4083 4634/36/4083 4632/36/4083 4630/36/4083
f 4635/36/4084 4636/36/4084 4638/36/4084 4637/36/4084
f 4637/36/4085 4638/36/4085 4626/36/4085 4625/36/4085
f 4625/36/4086 4627/36/4086 4629/36/4086 4631/36/4086 4633/36/4086 4635/36/4086 4637/36/4086
o Pien3
v -18.750000 1.945287 -32.475952
v -15.250000 1.945287 -26.413776
v -18.140623 1.606428 -32.827778
v -14.640623 1.606428 -26.765600
v -17.990118 0.845019 -32.914669
v -14.490119 0.845018 -26.852493
v -18.411821 0.234416 -32.671200
v -14.911821 0.234415 -26.609024
v -19.088179 0.234416 -32.280704
v -15.588179 0.234415 -26.218529
v -19.509880 0.845019 -32.037235
v -16.009882 0.845018 -25.975058
v -19.359377 1.606428 -32.124130
v -15.859377 1.606428 -26.061951
v -15.266250 1.795287 -26.441921
v -15.216250 1.795287 -26.355320
v -14.758436 1.512905 -26.735109
v -14.708435 1.512905 -26.648506
v -14.633016 0.878397 -26.807520
v -14.583015 0.878397 -26.720917
v -14.984434 0.369561 -26.604628
v -14.934434 0.369561 -26.518026
v -15.548066 0.369561 -26.279215
v -15.498066 0.369561 -26.192614
v -15.899485 0.878397 -26.076324
v -15.849484 0.878397 -25.989721
v -15.774064 1.512905 -26.148735
v -15.724065 1.512905 -26.062132
v -18.783751 1.795287 -32.534409
v -18.733751 1.795287 -32.447807
v -18.275936 1.512905 -32.827595
v -18.225937 1.512905 -32.740993
v -18.150517 0.878397 -32.900009
v -18.100517 0.878397 -32.813404
v -18.501936 0.369561 -32.697117
v -18.451935 0.369561 -32.610512
v -19.065567 0.369561 -32.371704
v -19.015566 0.369561 -32.285099
v -19.416985 0.878397 -32.168812
v -19.366985 0.878397 -32.082207
v -19.291565 1.512905 -32.241222
v -19.241566 1.512905 -32.154621
vn 0.3758 0.9010 -0.2169
vn 0.8443 0.2225 -0.4875
vn 0.6771 -0.6235 -0.3909
vn -0.0000 -1.0000 -0.0000
vn -0.6771 -0.6235 0.3909
vn 0.5000 -0.0000 0.8660
vn -0.8443 0.2225 0.4875
vn -0.3758 0.9010 0.2169
vn -0.5000 -0.0000 -0.8660
vt 0.687500 0.312500
vt 0.687500 0.437500
s 0
usemtl Paleta
f 4639/37/4087 4640/37/4087 4642/37/4087 4641/37/4087
f 4641/37/4088 4642/37/4088 4644/37/4088 4643/37/4088
f 4643/37/4089 4644/37/4089 4646/37/4089 4645/37/4089
f 4645/37/4090 4646/37/4090 4648/37/4090 4647/37/4090
f 4647/37/4091 4648/37/4091 4650/37/4091 4649/37/4091
f 4642/37/4092 4640/37/4092 4652/37/4092 4650/37/4092 4648/37/4092 4646/37/4092 4644/37/4092
f 4649/37/4093 4650/37/4093 4652/37/4093 4651/37/4093
f 4651/37/4094 4652/37/4094 4640/37/4094 4639/37/4094
f 4639/37/4095 4641/37/4095 4643/37/4095 4645/37/4095 4647/37/4095 4649/37/4095 4651/37/4095
f 4653/38/4087 4654/38/4087 4656/38/4087 4655/38/4087
f 4655/38/4088 4656/38/4088 4658/38/4088 4657/38/4088
f 4657/38/4089 4658/38/4089 4660/38/4089 4659/38/4089
f 4659/38/4090 4660/38/4090 4662/38/4090 4661/38/4090
f 4661/38/4091 4662/38/4091 4664/38/4091 4663/38/4091
f 4656/38/4092 4654/38/4092 4666/38/4092 4664/38/4092 4662/38/4092 4660/38/4092 4658/38/4092
f 4663/38/4093 4664/38/4093 4666/38/4093 4665/38/4093
f 4665/38/4094 4666/38/4094 4654/38/4094 4653/38/4094
f 4653/38/4095 4655/38/4095 4657/38/4095 4659/38/4095 4661/38/4095 4663/38/4095 4665/38/4095
f 4667/38/4087 4668/38/4087 4670/38/4087 4669/38/4087
f 4669/38/4088 4670/38/4088 4672/38/4088 4671/38/4088
f 4671/38/4089 4672/38/4089 4674/38/4089 4673/38/4089
f 4673/38/4090 4674/38/4090 4676/38/4090 4675/38/4090
f 4675/38/4091 4676/38/4091 4678/38/4091 4677/38/4091
f 4670/38/4092 4668/38/4092 4680/38/4092 4678/38/4092 4676/38/4092 4674/38/4092 4672/38/4092
f 4677/38/4093 4678/38/4093 4680/38/4093 4679/38/4093
f 4679/38/4094 4680/38/4094 4668/38/4094 4667/38/4094
f 4667/38/4095 4669/38/4095 4671/38/4095 4673/38/4095 4675/38/4095 4677/38/4095 4679/38/4095
o Pien4
v -37.500000 2.205778 0.000000
v -30.500000 2.205778 -0.000000
v -37.500000 1.866919 -0.703648
v -30.500000 1.866918 -0.703648
v -37.500000 1.105509 -0.877435
v -30.500000 1.105509 -0.877435
v -37.500000 0.494906 -0.390495
v -30.500000 0.494906 -0.390496
v -37.500000 0.494906 0.390496
v -30.500000 0.494906 0.390495
v -37.500000 1.105509 0.877435
v -30.500000 1.105509 0.877435
v -37.500000 1.866919 0.703648
v -30.500000 1.866918 0.703648
v -30.532499 2.055778 -0.000000
v -30.432501 2.055778 -0.000000
v -30.532499 1.773395 -0.586374
v -30.432501 1.773395 -0.586374
v -30.532499 1.138887 -0.731196
v -30.432501 1.138887 -0.731196
v -30.532499 0.630051 -0.325413
v -30.432501 0.630051 -0.325413
v -30.532499 0.630051 0.325413
v -30.432501 0.630051 0.325413
v -30.532499 1.138887 0.731196
v -30.432501 1.138887 0.731196
v -30.532499 1.773395 0.586373
v -30.432501 1.773395 0.586373
v -37.567501 2.055778 0.000000
v -37.467503 2.055778 0.000000
v -37.567501 1.773395 -0.586373
v -37.467503 1.773395 -0.586373
v -37.567501 1.138887 -0.731196
v -37.467503 1.138887 -0.731196
v -37.567501 0.630051 -0.325413
v -37.467503 0.630051 -0.325413
v -37.567501 0.630051 0.325413
v -37.467503 0.630051 0.325413
v -37.567501 1.138887 0.731196
v -37.467503 1.138887 0.731196
v -37.567501 1.773395 0.586374
v -37.467503 1.773395 0.586374
vn -0.0000 0.9010 -0.4339
vn -0.0000 0.2225 -0.9749
vn -0.0000 -0.6235 -0.7818
vn -0.0000 -1.0000 -0.0000
vn -0.0000 -0.6235 0.7818
vn 1.0000 -0.0000 -0.0000
vn -0.0000 0.2225 0.9749
vn -0.0000 0.9010 0.4339
vn -1.0000 -0.0000 -0.0000
vt 0.687500 0.312500
vt 0.687500 0.437500
s 0
usemtl Paleta
f 4681/39/4096 4682/39/4096 4684/39/4096 4683/39/4096
f 4683/39/4097 4684/39/4097 4686/39/4097 4685/39/4097
f 4685/39/4098 4686/39/4098 4688/39/4098 4687/39/4098
f 4687/39/4099 4688/39/4099 4690/39/4099 4689/39/4099
f 4689/39/4100 4690/39/4100 4692/39/4100 4691/39/4100
f 4684/39/4101 4682/39/4101 4694/39/4101 4692/39/4101 4690/39/4101 4688/39/4101 4686/39/4101
f 4691/39/4102 4692/39/4102 4694/39/4102 4693/39/4102
f 4693/39/4103 4694/39/4103 4682/39/4103 4681/39/4103
f 4681/39/4104 4683/39/4104 4685/39/4104 4687/39/4104 4689/39/4104 4691/39/4104 4693/39/4104
f 4695/40/4096 4696/40/4096 4698/40/4096 4697/40/4096
f 4697/40/4097 4698/40/4097 4700/40/4097 4699/40/4097
f 4699/40/4098 4700/40/4098 4702/40/4098 4701/40/4098
f 4701/40/4099 4702/40/4099 4704/40/4099 4703/40/4099
f 4703/40/4100 4704/40/4100 4706/40/4100 4705/40/4100
f 4698/40/4101 4696/40/4101 4708/40/4101 4706/40/4101 4704/40/4101 4702/40/4101 4700/40/4101
f 4705/40/4102 4706/40/4102 4708/40/4102 4707/40/4102
f 4707/40/4103 4708/40/4103 4696/40/4103 4695/40/4103
f 4695/40/4104 4697/40/4104 4699/40/4104 4701/40/4104 4703/40/4104 4705/40/4104 4707/40/4104
f 4709/40/4096 4710/40/4096 4712/40/4096 4711/40/4096
f 4711/40/4097 4712/40/4097 4714/40/4097 4713/40/4097
f 4713/40/4098 4714/40/4098 4716/40/4098 4715/40/4098
f 4715/40/4099 4716/40/4099 4718/40/4099 4717/40/4099
f 4717/40/4100 4718/40/4100 4720/40/4100 4719/40/4100
f 4712/40/4101 4710/40/4101 4722/40/4101 4720/40/4101 4718/40/4101 4716/40/4101 4714/40/4101
f 4719/40/4102 4720/40/4102 4722/40/4102 4721/40/4102
f 4721/40/4103 4722/40/4103 4710/40/4103 4709/40/4103
f 4709/40/4104 4711/40/4104 4713/40/4104 4715/40/4104 4717/40/4104 4719/40/4104 4721/40/4104
o Pien5
v -18.750000 2.291818 32.475952
v -15.250000 2.291818 26.413776
v -19.359377 1.952959 32.124130
v -15.859377 1.952959 26.061951
v -19.509882 1.191550 32.037235
v -16.009880 1.191549 25.975058
v -19.088179 0.580947 32.280704
v -15.588179 0.580946 26.218529
v -18.411821 0.580947 32.671200
v -14.911821 0.580946 26.609024
v -17.990120 1.191550 32.914669
v -14.490119 1.191549 26.852493
v -18.140623 1.952959 32.827778
v -14.640623 1.952959 26.765600
v -15.266250 2.141818 26.441921
v -15.216250 2.141818 26.355320
v -15.774064 1.859436 26.148735
v -15.724065 1.859436 26.062132
v -15.899485 1.224928 26.076324
v -15.849484 1.224928 25.989721
v -15.548066 0.716092 26.279215
v -15.498066 0.716092 26.192614
v -14.984434 0.716092 26.604628
v -14.934434 0.716092 26.518026
v -14.633016 1.224928 26.807520
v -14.583015 1.224928 26.720917
v -14.758436 1.859436 26.735109
v -14.708435 1.859436 26.648506
v -18.783751 2.141818 32.534409
v -18.733751 2.141818 32.447807
v -19.291565 1.859436 32.241222
v -19.241566 1.859436 32.154621
v -19.416985 1.224928 32.168812
v -19.366985 1.224928 32.082207
v -19.065567 0.716092 32.371704
v -19.015566 0.716092 32.285099
v -18.501936 0.716092 32.697117
v -18.451935 0.716092 32.610512
v -18.150517 1.224928 32.900009
v -18.100517 1.224928 32.813404
v -18.275936 1.859436 32.827595
v -18.225937 1.859436 32.740993
vn -0.3758 0.9010 -0.2169
vn -0.8443 0.2225 -0.4875
vn -0.6771 -0.6235 -0.3909
vn -0.0000 -1.0000 -0.0000
vn 0.6771 -0.6235 0.3909
vn 0.5000 -0.0000 -0.8660
vn 0.8443 0.2225 0.4875
vn 0.3758 0.9010 0.2169
vn -0.5000 -0.0000 0.8660
vt 0.687500 0.312500
vt 0.687500 0.437500
s 0
usemtl Paleta
f 4723/41/4105 4724/41/4105 4726/41/4105 4725/41/4105
f 4725/41/4106 4726/41/4106 4728/41/4106 4727/41/4106
f 4727/41/4107 4728/41/4107 4730/41/4107 4729/41/4107
f 4729/41/4108 4730/41/4108 4732/41/4108 4731/41/4108
f 4731/41/4109 4732/41/4109 4734/41/4109 4733/41/4109
f 4726/41/4110 4724/41/4110 4736/41/4110 4734/41/4110 4732/41/4110 4730/41/4110 4728/41/4110
f 4733/41/4111 4734/41/4111 4736/41/4111 4735/41/4111
f 4735/41/4112 4736/41/4112 4724/41/4112 4723/41/4112
f 4723/41/4113 4725/41/4113 4727/41/4113 4729/41/4113 4731/41/4113 4733/41/4113 4735/41/4113
f 4737/42/4105 4738/42/4105 4740/42/4105 4739/42/4105
f 4739/42/4106 4740/42/4106 4742/42/4106 4741/42/4106
f 4741/42/4107 4742/42/4107 4744/42/4107 4743/42/4107
f 4743/42/4108 4744/42/4108 4746/42/4108 4745/42/4108
f 4745/42/4109 4746/42/4109 4748/42/4109 4747/42/4109
f 4740/42/4110 4738/42/4110 4750/42/4110 4748/42/4110 4746/42/4110 4744/42/4110 4742/42/4110
f 4747/42/4111 4748/42/4111 4750/42/4111 4749/42/4111
f 4749/42/4112 4750/42/4112 4738/42/4112 4737/42/4112
f 4737/42/4113 4739/42/4113 4741/42/4113 4743/42/4113 4745/42/4113 4747/42/4113 4749/42/4113
f 4751/42/4105 4752/42/4105 4754/42/4105 4753/42/4105
f 4753/42/4106 4754/42/4106 4756/42/4106 4755/42/4106
f 4755/42/4107 4756/42/4107 4758/42/4107 4757/42/4107
f 4757/42/4108 4758/42/4108 4760/42/4108 4759/42/4108
f 4759/42/4109 4760/42/4109 4762/42/4109 4761/42/4109
f 4754/42/4110 4752/42/4110 4764/42/4110 4762/42/4110 4760/42/4110 4758/42/4110 4756/42/4110
f 4761/42/4111 4762/42/4111 4764/42/4111 4763/42/4111
f 4763/42/4112 4764/42/4112 4752/42/4112 4751/42/4112
f 4751/42/4113 4753/42/4113 4755/42/4113 4757/42/4113 4759/42/4113 4761/42/4113 4763/42/4113
o Pien6
v 15.250000 1.827127 26.413776
v 18.750000 1.827127 32.475952
v 15.859377 1.488268 26.061951
v 19.359377 1.488268 32.124130
v 16.009882 0.726858 25.975058
v 19.509880 0.726858 32.037235
v 15.588179 0.116255 26.218529
v 19.088179 0.116255 32.280704
v 14.911821 0.116255 26.609024
v 18.411821 0.116255 32.671200
v 14.490119 0.726858 26.852493
v 17.990118 0.726858 32.914669
v 14.640623 1.488268 26.765600
v 18.140623 1.488268 32.827778
v 18.733751 1.677127 32.447807
v 18.783751 1.677127 32.534409
v 19.241566 1.394744 32.154621
v 19.291565 1.394744 32.241222
v 19.366985 0.760236 32.082207
v 19.416985 0.760236 32.168812
v 19.015566 0.251400 32.285099
v 19.065567 0.251400 32.371704
v 18.451935 0.251400 32.610512
v 18.501936 0.251400 32.697117
v 18.100517 0.760236 32.813404
v 18.150517 0.760236 32.900009
v 18.225937 1.394744 32.740993
v 18.275936 1.394744 32.827595
v 15.216250 1.677127 26.355320
v 15.266250 1.677127 26.441921
v 15.724065 1.394744 26.062132
v 15.774064 1.394744 26.148735
v 15.849484 0.760236 25.989721
v 15.899485 0.760236 26.076324
v 15.498066 0.251400 26.192614
v 15.548066 0.251400 26.279215
v 14.934434 0.251400 26.518026
v 14.984434 0.251400 26.604628
v 14.583015 0.760236 26.720917
v 14.633016 0.760236 26.807520
v 14.708435 1.394744 26.648506
v 14.758436 1.394744 26.735109
vn 0.3758 0.9010 -0.2169
vn 0.8443 0.2225 -0.4875
vn 0.6771 -0.6235 -0.3909
vn -0.0000 -1.0000 -0.0000
vn -0.6771 -0.6235 0.3909
vn 0.5000 -0.0000 0.8660
vn -0.8443 0.2225 0.4875
vn -0.3758 0.9010 0.2169
vn -0.5000 -0.0000 -0.8660
vt 0.687500 0.312500
vt 0.687500 0.437500
s 0
usemtl Paleta
f 4765/43/4114 4766/43/4114 4768/43/4114 4767/43/4114
f 4767/43/4115 4768/43/4115 4770/43/4115 4769/43/4115
f 4769/43/4116 4770/43/4116 4772/43/4116 4771/43/4116
f 4771/43/4117 4772/43/4117 4774/43/4117 4773/43/4117
f 4773/43/4118 4774/43/4118 4776/43/4118 4775/43/4118
f 4768/43/4119 4766/43/4119 4778/43/4119 4776/43/4119 4774/43/4119 4772/43/4119 4770/43/4119
f 4775/43/4120 4776/43/4120 4778/43/4120 4777/43/4120
f 4777/43/4121 4778/43/4121 4766/43/4121 4765/43/4121
f 4765/43/4122 4767/43/4122 4769/43/4122 4771/43/4122 4773/43/4122 4775/43/4122 4777/43/4122
f 4779/44/4114 4780/44/4114 4782/44/4114 4781/44/4114
f 4781/44/4115 4782/44/4115 4784/44/4115 4783/44/4115
f 4783/44/4116 4784/44/4116 4786/44/4116 4785/44/4116
f 4785/44/4117 4786/44/4117 4788/44/4117 4787/44/4117
f 4787/44/4118 4788/44/4118 4790/44/4118 4789/44/4118
f 4782/44/4119 4780/44/4119 4792/44/4119 4790/44/4119 4788/44/4119 4786/44/4119 4784/44/4119
f 4789/44/4120 4790/44/4120 4792/44/4120 4791/44/4120
f 4791/44/4121 4792/44/4121 4780/44/4121 4779/44/4121
f 4779/44/4122 4781/44/4122 4783/44/4122 4785/44/4122 4787/44/4122 4789/44/4122 4791/44/4122
f 4793/44/4114 4794/44/4114 4796/44/4114 4795/44/4114
f 4795/44/4115 4796/44/4115 4798/44/4115 4797/44/4115
f 4797/44/4116 4798/44/4116 4800/44/4116 4799/44/4116
f 4799/44/4117 4800/44/4117 4802/44/4117 4801/44/4117
f 4801/44/4118 4802/44/4118 4804/44/4118 4803/44/4118
f 4796/44/4119 4794/44/4119 4806/44/4119 4804/44/4119 4802/44/4119 4800/44/4119 4798/44/4119
f 4803/44/4120 4804/44/4120 4806/44/4120 4805/44/4120
f 4805/44/4121 4806/44/4121 4794/44/4121 4793/44/4121
f 4793/44/4122 4795/44/4122 4797/44/4122 4799/44/4122 4801/44/4122 4803/44/4122 4805/44/4122
o Lilia1
v 12.771376 -0.695000 -10.365616
v 12.771376 -0.545000 -10.365616
v 11.920946 -0.695000 -10.528051
v 11.920946 -0.545000 -10.528051
v 11.328413 -0.695000 -11.159335
v 11.328413 -0.545000 -11.159335
v 11.220101 -0.695000 -12.018336
v 11.220101 -0.545000 -12.018336
v 11.637384 -0.695000 -12.776947
v 11.637384 -0.545000 -12.776947
v 12.420874 -0.695000 -13.145403
v 12.420874 -0.545000 -13.145403
v 13.271303 -0.695000 -12.982967
v 13.271303 -0.545000 -12.982967
v 13.863836 -0.695000 -12.351684
v 13.863836 -0.545000 -12.351684
v 13.972148 -0.695000 -11.492682
v 13.972148 -0.545000 -11.492682
v 13.554865 -0.695000 -10.734072
v 13.554865 -0.545000 -10.734072
vn -0.1876 -0.0000 0.9822
vn -0.7291 -0.0000 0.6844
vn -0.9921 -0.0000 0.1251
vn -0.8762 -0.0000 -0.4820
vn -0.4256 -0.0000 -0.9049
vn 0.1876 -0.0000 -0.9822
vn 0.7291 -0.0000 -0.6844
vn 0.9921 -0.0000 -0.1251
vn -0.0000 1.0000 -0.0000
vn 0.8762 -0.0000 0.4820
vn 0.4256 -0.0000 0.9049
vn -0.0000 -1.0000 -0.0000
vt 0.062500 0.437500
s 0
usemtl Paleta
f 4807/45/4123 4808/45/4123 4810/45/4123 4809/45/4123
f 4809/45/4124 4810/45/4124 4812/45/4124 4811/45/4124
f 4811/45/4125 4812/45/4125 4814/45/4125 4813/45/4125
f 4813/45/4126 4814/45/4126 4816/45/4126 4815/45/4126
f 4815/45/4127 4816/45/4127 4818/45/4127 4817/45/4127
f 4817/45/4128 4818/45/4128 4820/45/4128 4819/45/4128
f 4819/45/4129 4820/45/4129 4822/45/4129 4821/45/4129
f 4821/45/4130 4822/45/4130 4824/45/4130 4823/45/4130
f 4810/45/4131 4808/45/4131 4826/45/4131 4824/45/4131 4822/45/4131 4820/45/4131 4818/45/4131 4816/45/4131 4814/45/4131 4812/45/4131
f 4823/45/4132 4824/45/4132 4826/45/4132 4825/45/4132
f 4825/45/4133 4826/45/4133 4808/45/4133 4807/45/4133
f 4807/45/4134 4809/45/4134 4811/45/4134 4813/45/4134 4815/45/4134 4817/45/4134 4819/45/4134 4821/45/4134 4823/45/4134 4825/45/4134
o Lilia2
v 6.549874 -0.695000 -18.934628
v 6.549874 -0.545000 -18.934628
v 7.249840 -0.695000 -18.129004
v 7.249840 -0.545000 -18.129004
v 7.342590 -0.695000 -17.065811
v 7.342590 -0.545000 -17.065811
v 6.792697 -0.695000 -16.151152
v 6.792697 -0.545000 -16.151152
v 5.810201 -0.695000 -15.734396
v 5.810201 -0.545000 -15.734396
v 4.770383 -0.695000 -15.974730
v 4.770383 -0.545000 -15.974730
v 4.070417 -0.695000 -16.780355
v 4.070417 -0.545000 -16.780355
v 3.977667 -0.695000 -17.843548
v 3.977667 -0.545000 -17.843548
v 4.527560 -0.695000 -18.758207
v 4.527560 -0.545000 -18.758207
v 5.510056 -0.695000 -19.174963
v 5.510056 -0.545000 -19.174963
vn 0.7549 -0.0000 -0.6559
vn 0.9962 -0.0000 -0.0869
vn 0.8570 -0.0000 0.5153
vn 0.3905 -0.0000 0.9206
vn -0.2252 -0.0000 0.9743
vn -0.7549 -0.0000 0.6559
vn -0.9962 -0.0000 0.0869
vn -0.8570 -0.0000 -0.5153
vn -0.0000 1.0000 -0.0000
vn -0.3905 -0.0000 -0.9206
vn 0.2252 -0.0000 -0.9743
vn -0.0000 -1.0000 -0.0000
vt 0.062500 0.437500
s 0
usemtl Paleta
f 4827/46/4135 4828/46/4135 4830/46/4135 4829/46/4135
f 4829/46/4136 4830/46/4136 4832/46/4136 4831/46/4136
f 4831/46/4137 4832/46/4137 4834/46/4137 4833/46/4137
f 4833/46/4138 4834/46/4138 4836/46/4138 4835/46/4138
f 4835/46/4139 4836/46/4139 4838/46/4139 4837/46/4139
f 4837/46/4140 4838/46/4140 4840/46/4140 4839/46/4140
f 4839/46/4141 4840/46/4141 4842/46/4141 4841/46/4141
f 4841/46/4142 4842/46/4142 4844/46/4142 4843/46/4142
f 4830/46/4143 4828/46/4143 4846/46/4143 4844/46/4143 4842/46/4143 4840/46/4143 4838/46/4143 4836/46/4143 4834/46/4143 4832/46/4143
f 4843/46/4144 4844/46/4144 4846/46/4144 4845/46/4144
f 4845/46/4145 4846/46/4145 4828/46/4145 4827/46/4145
f 4827/46/4146 4829/46/4146 4831/46/4146 4833/46/4146 4835/46/4146 4837/46/4146 4839/46/4146 4841/46/4146 4843/46/4146 4845/46/4146
o Lilia3
v -8.622296 -0.695000 -19.369505
v -8.622296 -0.545000 -19.369505
v -7.770190 -0.695000 -19.916632
v -7.770190 -0.545000 -19.916632
v -6.759228 -0.695000 -19.858412
v -6.759228 -0.545000 -19.858412
v -5.975564 -0.695000 -19.217083
v -5.975564 -0.545000 -19.217083
v -5.718531 -0.695000 -18.237610
v -5.718531 -0.545000 -18.237610
v -6.086306 -0.695000 -17.294119
v -6.086306 -0.545000 -17.294119
v -6.938412 -0.695000 -16.746992
v -6.938412 -0.545000 -16.746992
v -7.949374 -0.695000 -16.805212
v -7.949374 -0.545000 -16.805212
v -8.733038 -0.695000 -17.446541
v -8.733038 -0.545000 -17.446541
v -8.990071 -0.695000 -18.426014
v -8.990071 -0.545000 -18.426014
v -7.069690 -0.551656 -18.639027
v -6.818034 -0.727867 -18.331812
v -7.069690 -0.551656 -18.024597
v -7.321345 -0.375445 -18.331812
v -6.717267 -0.048344 -18.331812
v -7.478052 -0.551656 -18.731899
v -7.086168 -0.727867 -18.796232
v -6.945940 -0.551656 -18.424685
v -7.337823 -0.375445 -18.360352
v -7.035784 -0.048344 -18.883499
v -7.762663 -0.551656 -18.424685
v -7.622435 -0.727867 -18.796232
v -7.230551 -0.551656 -18.731899
v -7.370779 -0.375445 -18.360352
v -7.672818 -0.048344 -18.883499
v -7.638912 -0.551656 -18.024597
v -7.890568 -0.727867 -18.331812
v -7.638912 -0.551656 -18.639027
v -7.387257 -0.375445 -18.331812
v -7.991335 -0.048344 -18.331812
v -7.230550 -0.551656 -17.931725
v -7.622434 -0.727867 -17.867392
v -7.762662 -0.551656 -18.238939
v -7.370779 -0.375445 -18.303272
v -7.672818 -0.048344 -17.780125
v -6.945940 -0.551656 -18.238939
v -7.086168 -0.727867 -17.867392
v -7.478052 -0.551656 -17.931725
v -7.337823 -0.375445 -18.303272
v -7.035784 -0.048344 -17.780125
v -7.354301 -0.456013 -18.331812
v -7.169050 -0.314493 -18.197222
v -7.425059 -0.314493 -18.114037
v -7.583285 -0.314493 -18.331812
v -7.425059 -0.314493 -18.549587
v -7.169050 -0.314493 -18.466402
v -7.283543 -0.085507 -18.114037
v -7.539552 -0.085507 -18.197222
v -7.539552 -0.085507 -18.466402
v -7.283543 -0.085507 -18.549587
v -7.125317 -0.085507 -18.331812
v -7.354301 0.056013 -18.331812
vn -0.5403 -0.0000 -0.8415
vn 0.0575 -0.0000 -0.9983
vn 0.6333 -0.0000 -0.7739
vn 0.9672 -0.0000 -0.2538
vn 0.9317 -0.0000 0.3632
vn 0.5403 -0.0000 0.8415
vn -0.0575 -0.0000 0.9983
vn -0.6333 -0.0000 0.7739
vn -0.0000 1.0000 -0.0000
vn -0.9672 -0.0000 0.2538
vn -0.9317 -0.0000 -0.3632
vn -0.0000 -1.0000 -0.0000
vn 0.7373 -0.1093 -0.6667
vn 0.7373 -0.1093 0.6667
vn -0.5736 -0.8192 -0.0000
vn -0.3549 0.6554 0.6667
vn -0.3549 0.6554 -0.6667
vn -0.2087 -0.1093 -0.9718
vn 0.9460 -0.1093 -0.3052
vn -0.2868 -0.8192 0.4967
vn 0.3999 0.6554 0.6407
vn -0.7548 0.6554 -0.0260
vn -0.9460 -0.1093 -0.3052
vn 0.2087 -0.1093 -0.9718
vn 0.2868 -0.8192 0.4967
vn 0.7548 0.6554 -0.0260
vn -0.3999 0.6554 0.6407
vn -0.7373 -0.1093 0.6667
vn -0.7373 -0.1093 -0.6667
vn 0.5736 -0.8192 -0.0000
vn 0.3549 0.6554 -0.6667
vn 0.3549 0.6554 0.6667
vn 0.2087 -0.1093 0.9718
vn -0.9460 -0.1093 0.3052
vn 0.2868 -0.8192 -0.4967
vn -0.3999 0.6554 -0.6407
vn 0.7548 0.6554 0.0260
vn 0.9460 -0.1093 0.3052
vn -0.2087 -0.1093 0.9718
vn -0.2868 -0.8192 -0.4967
vn -0.7548 0.6554 0.0260
vn 0.3999 0.6554 -0.6407
vn 0.1876 -0.7947 0.5774
vn 0.6071 -0.7947 -0.0000
vn -0.4911 -0.7947 0.3568
vn -0.4911 -0.7947 -0.3568
vn 0.1876 -0.7947 -0.5774
vn 0.9822 -0.1876 -0.0000
vn 0.3035 -0.1876 0.9342
vn -0.7946 -0.1876 0.5774
vn -0.7946 -0.1876 -0.5774
vn 0.3035 -0.1876 -0.9342
vn 0.7946 0.1876 0.5774
vn -0.3035 0.1876 0.9342
vn -0.9822 0.1876 -0.0000
vn -0.3035 0.1876 -0.9342
vn 0.7946 0.1876 -0.5774
vn 0.4911 0.7947 0.3568
vn -0.1876 0.7947 0.5774
vn -0.6071 0.7947 -0.0000
vn -0.1876 0.7947 -0.5774
vn 0.4911 0.7947 -0.3568
vt 0.062500 0.437500
vt 0.187500 0.437500
vt 0.312500 0.437500
s 0
usemtl Paleta
f 4847/47/4147 4848/47/4147 4850/47/4147 4849/47/4147
f 4849/47/4148 4850/47/4148 4852/47/4148 4851/47/4148
f 4851/47/4149 4852/47/4149 4854/47/4149 4853/47/4149
f 4853/47/4150 4854/47/4150 4856/47/4150 4855/47/4150
f 4855/47/4151 4856/47/4151 4858/47/4151 4857/47/4151
f 4857/47/4152 4858/47/4152 4860/47/4152 4859/47/4152
f 4859/47/4153 4860/47/4153 4862/47/4153 4861/47/4153
f 4861/47/4154 4862/47/4154 4864/47/4154 4863/47/4154
f 4850/47/4155 4848/47/4155 4866/47/4155 4864/47/4155 4862/47/4155 4860/47/4155 4858/47/4155 4856/47/4155 4854/47/4155 4852/47/4155
f 4863/47/4156 4864/47/4156 4866/47/4156 4865/47/4156
f 4865/47/4157 4866/47/4157 4848/47/4157 4847/47/4157
f 4847/47/4158 4849/47/4158 4851/47/4158 4853/47/4158 4855/47/4158 4857/47/4158 4859/47/4158 4861/47/4158 4863/47/4158 4865/47/4158
f 4867/48/4159 4871/48/4159 4868/48/4159
f 4868/48/4160 4871/48/4160 4869/48/4160
f 4867/48/4161 4868/48/4161 4869/48/4161 4870/48/4161
f 4869/48/4162 4871/48/4162 4870/48/4162
f 4870/48/4163 4871/48/4163 4867/48/4163
f 4872/48/4164 4876/48/4164 4873/48/4164
f 4873/48/4165 4876/48/4165 4874/48/4165
f 4872/48/4166 4873/48/4166 4874/48/4166 4875/48/4166
f 4874/48/4167 4876/48/4167 4875/48/4167
f 4875/48/4168 4876/48/4168 4872/48/4168
f 4877/48/4169 4881/48/4169 4878/48/4169
f 4878/48/4170 4881/48/4170 4879/48/4170
f 4877/48/4171 4878/48/4171 4879/48/4171 4880/48/4171
f 4879/48/4172 4881/48/4172 4880/48/4172
f 4880/48/4173 4881/48/4173 4877/48/4173
f 4882/48/4174 4886/48/4174 4883/48/4174
f 4883/48/4175 4886/48/4175 4884/48/4175
f 4882/48/4176 4883/48/4176 4884/48/4176 4885/48/4176
f 4884/48/4177 4886/48/4177 4885/48/4177
f 4885/48/4178 4886/48/4178 4882/48/4178
f 4887/48/4179 4891/48/4179 4888/48/4179
f 4888/48/4180 4891/48/4180 4889/48/4180
f 4887/48/4181 4888/48/4181 4889/48/4181 4890/48/4181
f 4889/48/4182 4891/48/4182 4890/48/4182
f 4890/48/4183 4891/48/4183 4887/48/4183
f 4892/48/4184 4896/48/4184 4893/48/4184
f 4893/48/4185 4896/48/4185 4894/48/4185
f 4892/48/4186 4893/48/4186 4894/48/4186 4895/48/4186
f 4894/48/4187 4896/48/4187 4895/48/4187
f 4895/48/4188 4896/48/4188 4892/48/4188
f 4897/49/4189 4898/49/4189 4899/49/4189
f 4898/49/4190 4897/49/4190 4902/49/4190
f 4897/49/4191 4899/49/4191 4900/49/4191
f 4897/49/4192 4900/49/4192 4901/49/4192
f 4897/49/4193 4901/49/4193 4902/49/4193
f 4898/49/4194 4902/49/4194 4907/49/4194
f 4899/49/4195 4898/49/4195 4903/49/4195
f 4900/49/4196 4899/49/4196 4904/49/4196
f 4901/49/4197 4900/49/4197 4905/49/4197
f 4902/49/4198 4901/49/4198 4906/49/4198
f 4898/49/4199 4907/49/4199 4903/49/4199
f 4899/49/4200 4903/49/4200 4904/49/4200
f 4900/49/4201 4904/49/4201 4905/49/4201
f 4901/49/4202 4905/49/4202 4906/49/4202
f 4902/49/4203 4906/49/4203 4907/49/4203
f 4903/49/4204 4907/49/4204 4908/49/4204
f 4904/49/4205 4903/49/4205 4908/49/4205
f 4905/49/4206 4904/49/4206 4908/49/4206
f 4906/49/4207 4905/49/4207 4908/49/4207
f 4907/49/4208 4906/49/4208 4908/49/4208
o Lilia4
v -5.505718 -0.695000 15.904793
v -5.505718 -0.545000 15.904793
v -6.455995 -0.695000 15.502289
v -6.455995 -0.545000 15.502289
v -6.988198 -0.695000 14.618098
v -6.988198 -0.545000 14.618098
v -6.899045 -0.695000 13.589952
v -6.899045 -0.545000 13.589952
v -6.222590 -0.695000 12.810566
v -6.222590 -0.545000 12.810566
v -5.217215 -0.695000 12.577641
v -5.217215 -0.545000 12.577641
v -4.266938 -0.695000 12.980145
v -4.266938 -0.545000 12.980145
v -3.734735 -0.695000 13.864335
v -3.734735 -0.545000 13.864335
v -3.823887 -0.695000 14.892482
v -3.823887 -0.545000 14.892482
v -4.500343 -0.695000 15.671867
v -4.500343 -0.545000 15.671867
v -5.071412 -0.556469 13.928125
v -4.814942 -0.736051 14.241217
v -5.071412 -0.556469 14.554308
v -5.327881 -0.376888 14.241217
v -4.712248 -0.043531 14.241217
v -5.487584 -0.556469 13.833476
v -5.088204 -0.736051 13.767913
v -4.945294 -0.556469 14.146567
v -5.344673 -0.376888 14.212131
v -5.036857 -0.043531 13.678977
v -5.777639 -0.556469 14.146567
v -5.634728 -0.736051 13.767913
v -5.235349 -0.556469 13.833476
v -5.378260 -0.376888 14.212131
v -5.686076 -0.043531 13.678977
v -5.651521 -0.556469 14.554308
v -5.907990 -0.736051 14.241217
v -5.651521 -0.556469 13.928125
v -5.395052 -0.376888 14.241217
v -6.010684 -0.043531 14.241217
v -5.235349 -0.556469 14.648957
v -5.634728 -0.736051 14.714520
v -5.777639 -0.556469 14.335866
v -5.378260 -0.376888 14.270303
v -5.686076 -0.043531 14.803456
v -4.945294 -0.556469 14.335866
v -5.088204 -0.736051 14.714520
v -5.487584 -0.556469 14.648957
v -5.344673 -0.376888 14.270303
v -5.036857 -0.043531 14.803456
v -5.361466 -0.460909 14.241217
v -5.172672 -0.316683 14.378382
v -5.433578 -0.316683 14.463157
v -5.594830 -0.316683 14.241217
v -5.433578 -0.316683 14.019277
v -5.172672 -0.316683 14.104052
v -5.289355 -0.083317 14.463157
v -5.550261 -0.083317 14.378382
v -5.550261 -0.083317 14.104052
v -5.289355 -0.083317 14.019277
v -5.128103 -0.083317 14.241217
v -5.361466 0.060909 14.241217
vn -0.3900 -0.0000 0.9208
vn -0.8568 -0.0000 0.5157
vn -0.9963 -0.0000 -0.0864
vn -0.7552 -0.0000 -0.6555
vn -0.2257 -0.0000 -0.9742
vn 0.3900 -0.0000 -0.9208
vn 0.8568 -0.0000 -0.5157
vn 0.9963 -0.0000 0.0864
vn -0.0000 1.0000 -0.0000
vn 0.7552 -0.0000 0.6555
vn 0.2257 -0.0000 0.9742
vn -0.0000 -1.0000 -0.0000
vn 0.7373 -0.1093 -0.6667
vn 0.7373 -0.1093 0.6667
vn -0.5736 -0.8192 -0.0000
vn -0.3549 0.6554 0.6667
vn -0.3549 0.6554 -0.6667
vn -0.2087 -0.1093 -0.9718
vn 0.9460 -0.1093 -0.3052
vn -0.2868 -0.8192 0.4967
vn 0.3999 0.6554 0.6407
vn -0.7548 0.6554 -0.0260
vn -0.9460 -0.1093 -0.3052
vn 0.2087 -0.1093 -0.9718
vn 0.2868 -0.8192 0.4967
vn 0.7548 0.6554 -0.0260
vn -0.3999 0.6554 0.6407
vn -0.7373 -0.1093 0.6667
vn -0.7373 -0.1093 -0.6667
vn 0.5736 -0.8192 -0.0000
vn 0.3549 0.6554 -0.6667
vn 0.3549 0.6554 0.6667
vn 0.2087 -0.1093 0.9718
vn -0.9460 -0.1093 0.3052
vn 0.2868 -0.8192 -0.4967
vn -0.3999 0.6554 -0.6407
vn 0.7548 0.6554 0.0260
vn 0.9460 -0.1093 0.3052
vn -0.2087 -0.1093 0.9718
vn -0.2868 -0.8192 -0.4967
vn -0.7548 0.6554 0.0260
vn 0.3999 0.6554 -0.6407
vn 0.1876 -0.7947 0.5774
vn 0.6071 -0.7947 -0.0000
vn -0.4911 -0.7947 0.3568
vn -0.4911 -0.7947 -0.3568
vn 0.1876 -0.7947 -0.5774
vn 0.9822 -0.1876 -0.0000
vn 0.3035 -0.1876 0.9342
vn -0.7946 -0.1876 0.5774
vn -0.7946 -0.1876 -0.5774
vn 0.3035 -0.1876 -0.9342
vn 0.7946 0.1876 0.5774
vn -0.3035 0.1876 0.9342
vn -0.9822 0.1876 -0.0000
vn -0.3035 0.1876 -0.9342
vn 0.7946 0.1876 -0.5774
vn 0.4911 0.7947 0.3568
vn -0.1876 0.7947 0.5774
vn -0.6071 0.7947 -0.0000
vn -0.1876 0.7947 -0.5774
vn 0.4911 0.7947 -0.3568
vt 0.062500 0.437500
vt 0.187500 0.437500
vt 0.312500 0.437500
s 0
usemtl Paleta
f 4909/50/4209 4910/50/4209 4912/50/4209 4911/50/4209
f 4911/50/4210 4912/50/4210 4914/50/4210 4913/50/4210
f 4913/50/4211 4914/50/4211 4916/50/4211 4915/50/4211
f 4915/50/4212 4916/50/4212 4918/50/4212 4917/50/4212
f 4917/50/4213 4918/50/4213 4920/50/4213 4919/50/4213
f 4919/50/4214 4920/50/4214 4922/50/4214 4921/50/4214
f 4921/50/4215 4922/50/4215 4924/50/4215 4923/50/4215
f 4923/50/4216 4924/50/4216 4926/50/4216 4925/50/4216
f 4912/50/4217 4910/50/4217 4928/50/4217 4926/50/4217 4924/50/4217 4922/50/4217 4920/50/4217 4918/50/4217 4916/50/4217 4914/50/4217
f 4925/50/4218 4926/50/4218 4928/50/4218 4927/50/4218
f 4927/50/4219 4928/50/4219 4910/50/4219 4909/50/4219
f 4909/50/4220 4911/50/4220 4913/50/4220 4915/50/4220 4917/50/4220 4919/50/4220 4921/50/4220 4923/50/4220 4925/50/4220 4927/50/4220
f 4929/51/4221 4933/51/4221 4930/51/4221
f 4930/51/4222 4933/51/4222 4931/51/4222
f 4929/51/4223 4930/51/4223 4931/51/4223 4932/51/4223
f 4931/51/4224 4933/51/4224 4932/51/4224
f 4932/51/4225 4933/51/4225 4929/51/4225
f 4934/51/4226 4938/51/4226 4935/51/4226
f 4935/51/4227 4938/51/4227 4936/51/4227
f 4934/51/4228 4935/51/4228 4936/51/4228 4937/51/4228
f 4936/51/4229 4938/51/4229 4937/51/4229
f 4937/51/4230 4938/51/4230 4934/51/4230
f 4939/51/4231 4943/51/4231 4940/51/4231
f 4940/51/4232 4943/51/4232 4941/51/4232
f 4939/51/4233 4940/51/4233 4941/51/4233 4942/51/4233
f 4941/51/4234 4943/51/4234 4942/51/4234
f 4942/51/4235 4943/51/4235 4939/51/4235
f 4944/51/4236 4948/51/4236 4945/51/4236
f 4945/51/4237 4948/51/4237 4946/51/4237
f 4944/51/4238 4945/51/4238 4946/51/4238 4947/51/4238
f 4946/51/4239 4948/51/4239 4947/51/4239
f 4947/51/4240 4948/51/4240 4944/51/4240
f 4949/51/4241 4953/51/4241 4950/51/4241
f 4950/51/4242 4953/51/4242 4951/51/4242
f 4949/51/4243 4950/51/4243 4951/51/4243 4952/51/4243
f 4951/51/4244 4953/51/4244 4952/51/4244
f 4952/51/4245 4953/51/4245 4949/51/4245
f 4954/51/4246 4958/51/4246 4955/51/4246
f 4955/51/4247 4958/51/4247 4956/51/4247
f 4954/51/4248 4955/51/4248 4956/51/4248 4957/51/4248
f 4956/51/4249 4958/51/4249 4957/51/4249
f 4957/51/4250 4958/51/4250 4954/51/4250
f 4959/52/4251 4960/52/4251 4961/52/4251
f 4960/52/4252 4959/52/4252 4964/52/4252
f 4959/52/4253 4961/52/4253 4962/52/4253
f 4959/52/4254 4962/52/4254 4963/52/4254
f 4959/52/4255 4963/52/4255 4964/52/4255
f 4960/52/4256 4964/52/4256 4969/52/4256
f 4961/52/4257 4960/52/4257 4965/52/4257
f 4962/52/4258 4961/52/4258 4966/52/4258
f 4963/52/4259 4962/52/4259 4967/52/4259
f 4964/52/4260 4963/52/4260 4968/52/4260
f 4960/52/4261 4969/52/4261 4965/52/4261
f 4961/52/4262 4965/52/4262 4966/52/4262
f 4962/52/4263 4966/52/4263 4967/52/4263
f 4963/52/4264 4967/52/4264 4968/52/4264
f 4964/52/4265 4968/52/4265 4969/52/4265
f 4965/52/4266 4969/52/4266 4970/52/4266
f 4966/52/4267 4965/52/4267 4970/52/4267
f 4967/52/4268 4966/52/4268 4970/52/4268
f 4968/52/4269 4967/52/4269 4970/52/4269
f 4969/52/4270 4968/52/4270 4970/52/4270
o Lilia5
v 4.464142 -0.695000 19.742941
v 4.464142 -0.545000 19.742941
v 3.475596 -0.695000 19.767216
v 3.475596 -0.545000 19.767216
v 2.661578 -0.695000 19.205801
v 2.661578 -0.545000 19.205801
v 2.333014 -0.695000 18.273138
v 2.333014 -0.545000 18.273138
v 2.615406 -0.695000 17.325474
v 2.615406 -0.545000 17.325474
v 3.400889 -0.695000 16.724783
v 3.400889 -0.545000 16.724783
v 4.389435 -0.695000 16.700508
v 4.389435 -0.545000 16.700508
v 5.203454 -0.695000 17.261923
v 5.203454 -0.545000 17.261923
v 5.532017 -0.695000 18.194586
v 5.532017 -0.545000 18.194586
v 5.249625 -0.695000 19.142250
v 5.249625 -0.545000 19.142250
vn 0.0245 -0.0000 0.9997
vn -0.5677 -0.0000 0.8232
vn -0.9432 -0.0000 0.3323
vn -0.9584 -0.0000 -0.2856
vn -0.6075 -0.0000 -0.7943
vn -0.0245 -0.0000 -0.9997
vn 0.5677 -0.0000 -0.8232
vn 0.9432 -0.0000 -0.3323
vn -0.0000 1.0000 -0.0000
vn 0.9584 -0.0000 0.2856
vn 0.6075 -0.0000 0.7943
vn -0.0000 -1.0000 -0.0000
vt 0.062500 0.437500
s 0
usemtl Paleta
f 4971/53/4271 4972/53/4271 4974/53/4271 4973/53/4271
f 4973/53/4272 4974/53/4272 4976/53/4272 4975/53/4272
f 4975/53/4273 4976/53/4273 4978/53/4273 4977/53/4273
f 4977/53/4274 4978/53/4274 4980/53/4274 4979/53/4274
f 4979/53/4275 4980/53/4275 4982/53/4275 4981/53/4275
f 4981/53/4276 4982/53/4276 4984/53/4276 4983/53/4276
f 4983/53/4277 4984/53/4277 4986/53/4277 4985/53/4277
f 4985/53/4278 4986/53/4278 4988/53/4278 4987/53/4278
f 4974/53/4279 4972/53/4279 4990/53/4279 4988/53/4279 4986/53/4279 4984/53/4279 4982/53/4279 4980/53/4279 4978/53/4279 4976/53/4279
f 4987/53/4280 4988/53/4280 4990/53/4280 4989/53/4280
f 4989/53/4281 4990/53/4281 4972/53/4281 4971/53/4281
f 4971/53/4282 4973/53/4282 4975/53/4282 4977/53/4282 4979/53/4282 4981/53/4282 4983/53/4282 4985/53/4282 4987/53/4282 4989/53/4282
o Lilia6
v 10.992239 -0.695000 8.164680
v 10.992239 -0.545000 8.164680
v 10.893759 -0.695000 9.346588
v 10.893759 -0.545000 9.346588
v 10.119379 -0.695000 10.244886
v 10.119379 -0.545000 10.244886
v 8.964887 -0.695000 10.516456
v 8.964887 -0.545000 10.516456
v 7.871258 -0.695000 10.057567
v 7.871258 -0.545000 10.057567
v 7.256222 -0.695000 9.043499
v 7.256222 -0.545000 9.043499
v 7.354702 -0.695000 7.861591
v 7.354702 -0.545000 7.861591
v 8.129082 -0.695000 6.963293
v 8.129082 -0.545000 6.963293
v 9.283574 -0.695000 6.691723
v 9.283574 -0.545000 6.691723
v 10.377203 -0.695000 7.150613
v 10.377203 -0.545000 7.150613
vn 0.9965 -0.0000 0.0830
vn 0.7574 -0.0000 0.6529
vn 0.2290 -0.0000 0.9734
vn -0.3869 -0.0000 0.9221
vn -0.8550 -0.0000 0.5186
vn -0.9965 -0.0000 -0.0830
vn -0.7574 -0.0000 -0.6529
vn -0.2290 -0.0000 -0.9734
vn -0.0000 1.0000 -0.0000
vn 0.3869 -0.0000 -0.9221
vn 0.8550 -0.0000 -0.5186
vn -0.0000 -1.0000 -0.0000
vt 0.062500 0.437500
s 0
usemtl Paleta
f 4991/54/4283 4992/54/4283 4994/54/4283 4993/54/4283
f 4993/54/4284 4994/54/4284 4996/54/4284 4995/54/4284
f 4995/54/4285 4996/54/4285 4998/54/4285 4997/54/4285
f 4997/54/4286 4998/54/4286 5000/54/4286 4999/54/4286
f 4999/54/4287 5000/54/4287 5002/54/4287 5001/54/4287
f 5001/54/4288 5002/54/4288 5004/54/4288 5003/54/4288
f 5003/54/4289 5004/54/4289 5006/54/4289 5005/54/4289
f 5005/54/4290 5006/54/4290 5008/54/4290 5007/54/4290
f 4994/54/4291 4992/54/4291 5010/54/4291 5008/54/4291 5006/54/4291 5004/54/4291 5002/54/4291 5000/54/4291 4998/54/4291 4996/54/4291
f 5007/54/4292 5008/54/4292 5010/54/4292 5009/54/4292
f 5009/54/4293 5010/54/4293 4992/54/4293 4991/54/4293
f 4991/54/4294 4993/54/4294 4995/54/4294 4997/54/4294 4999/54/4294 5001/54/4294 5003/54/4294 5005/54/4294 5007/54/4294 5009/54/4294
o Palki1
v 16.078650 -0.671470 -16.842333
v 16.312284 2.600286 -16.412745
v 16.157705 -0.687531 -16.763010
v 16.391342 2.584226 -16.333422
v 16.077169 -0.692195 -16.683687
v 16.310804 2.579561 -16.254099
v 15.998113 -0.676134 -16.763010
v 16.231749 2.595622 -16.333422
v 16.168327 1.938396 -16.798466
v 16.224827 2.729607 -16.694578
v 16.340166 1.913106 -16.699312
v 16.396667 2.704317 -16.595425
v 16.338318 1.887200 -16.501007
v 16.394817 2.678411 -16.397120
v 16.164627 1.886584 -16.401854
v 16.221127 2.677795 -16.297966
v 15.992786 1.911874 -16.501007
v 16.049288 2.703085 -16.397120
v 15.994637 1.937780 -16.699312
v 16.051136 2.728991 -16.595425
v 16.290754 -0.697213 -15.789466
v 16.326576 2.573112 -16.195236
v 16.370857 -0.688240 -15.710074
v 16.406679 2.582085 -16.115845
v 16.290970 -0.677515 -15.630683
v 16.326792 2.592811 -16.036455
v 16.210867 -0.686488 -15.710074
v 16.246689 2.583838 -16.115845
v 16.304155 1.874041 -16.062189
v 16.312851 2.667907 -16.160688
v 16.477486 1.884456 -15.962949
v 16.486181 2.678321 -16.061449
v 16.477755 1.909080 -15.764471
v 16.486450 2.702945 -15.862971
v 16.304695 1.923289 -15.665232
v 16.313391 2.717154 -15.763732
v 16.131365 1.912874 -15.764471
v 16.140060 2.706739 -15.862971
v 16.131096 1.888250 -15.962949
v 16.139791 2.682116 -16.061449
v 16.504362 -0.694134 -16.343328
v 16.680738 1.977786 -16.263931
v 16.584032 -0.701770 -16.263365
v 16.760408 1.970151 -16.183966
v 16.504049 -0.698866 -16.183399
v 16.680426 1.973054 -16.104002
v 16.424379 -0.691231 -16.263365
v 16.600756 1.980690 -16.183966
v 16.566448 1.285875 -16.435432
v 16.619120 2.083787 -16.411722
v 16.739082 1.271509 -16.335476
v 16.791754 2.069421 -16.311766
v 16.738693 1.265594 -16.135565
v 16.791363 2.063506 -16.111855
v 16.565668 1.274045 -16.035608
v 16.618340 2.071958 -16.011898
v 16.393034 1.288411 -16.135565
v 16.445705 2.086323 -16.111855
v 16.393425 1.294326 -16.335476
v 16.446095 2.092238 -16.311766
vn 0.7119 0.0412 -0.7011
vn 0.6988 -0.1420 0.7011
vn 0.0706 0.9890 0.1299
vn -0.7119 -0.0412 0.7011
vn -0.6988 0.1420 -0.7011
vn -0.0706 -0.9890 -0.1299
vn 0.5067 0.0766 -0.8587
vn 0.9975 -0.0712 -0.0000
vn 0.4907 -0.1478 0.8587
vn -0.5067 -0.0766 0.8587
vn -0.9975 0.0712 -0.0000
vn -0.4907 0.1478 -0.8587
vn 0.7061 -0.0948 -0.7017
vn 0.7080 0.0793 0.7017
vn 0.0109 0.9923 -0.1231
vn -0.7061 0.0948 0.7017
vn -0.7080 -0.0793 -0.7017
vn -0.0109 -0.9923 0.1231
vn 0.4988 -0.1121 -0.8594
vn 0.9999 -0.0110 -0.0000
vn 0.5011 0.1011 0.8594
vn -0.4988 0.1121 0.8594
vn -0.9999 0.0110 -0.0000
vn -0.5011 -0.1011 -0.8594
vn 0.7070 -0.0257 -0.7068
vn 0.7042 -0.0675 0.7068
vn 0.0658 0.9974 0.0296
vn -0.7070 0.0257 0.7068
vn -0.7042 0.0675 -0.7068
vn -0.0658 -0.9974 -0.0296
vn 0.5006 -0.0073 -0.8656
vn 0.9978 -0.0659 -0.0000
vn 0.4972 -0.0585 0.8656
vn -0.5006 0.0073 0.8656
vn -0.9978 0.0659 -0.0000
vn -0.4972 0.0585 -0.8656
vt 0.562500 0.437500
vt 0.437500 0.437500
s 0
usemtl Paleta
f 5011/55/4295 5012/55/4295 5014/55/4295 5013/55/4295
f 5013/55/4296 5014/55/4296 5016/55/4296 5015/55/4296
f 5014/55/4297 5012/55/4297 5018/55/4297 5016/55/4297
f 5015/55/4298 5016/55/4298 5018/55/4298 5017/55/4298
f 5017/55/4299 5018/55/4299 5012/55/4299 5011/55/4299
f 5011/55/4300 5013/55/4300 5015/55/4300 5017/55/4300
f 5019/56/4301 5020/56/4301 5022/56/4301 5021/56/4301
f 5021/56/4302 5022/56/4302 5024/56/4302 5023/56/4302
f 5023/56/4303 5024/56/4303 5026/56/4303 5025/56/4303
f 5025/56/4304 5026/56/4304 5028/56/4304 5027/56/4304
f 5022/56/4297 5020/56/4297 5030/56/4297 5028/56/4297 5026/56/4297 5024/56/4297
f 5027/56/4305 5028/56/4305 5030/56/4305 5029/56/4305
f 5029/56/4306 5030/56/4306 5020/56/4306 5019/56/4306
f 5019/56/4300 5021/56/4300 5023/56/4300 5025/56/4300 5027/56/4300 5029/56/4300
f 5031/55/4307 5032/55/4307 5034/55/4307 5033/55/4307
f 5033/55/4308 5034/55/4308 5036/55/4308 5035/55/4308
f 5034/55/4309 5032/55/4309 5038/55/4309 5036/55/4309
f 5035/55/4310 5036/55/4310 5038/55/4310 5037/55/4310
f 5037/55/4311 5038/55/4311 5032/55/4311 5031/55/4311
f 5031/55/4312 5033/55/4312 5035/55/4312 5037/55/4312
f 5039/56/4313 5040/56/4313 5042/56/4313 5041/56/4313
f 5041/56/4314 5042/56/4314 5044/56/4314 5043/56/4314
f 5043/56/4315 5044/56/4315 5046/56/4315 5045/56/4315
f 5045/56/4316 5046/56/4316 5048/56/4316 5047/56/4316
f 5042/56/4309 5040/56/4309 5050/56/4309 5048/56/4309 5046/56/4309 5044/56/4309
f 5047/56/4317 5048/56/4317 5050/56/4317 5049/56/4317
f 5049/56/4318 5050/56/4318 5040/56/4318 5039/56/4318
f 5039/56/4312 5041/56/4312 5043/56/4312 5045/56/4312 5047/56/4312 5049/56/4312
f 5051/55/4319 5052/55/4319 5054/55/4319 5053/55/4319
f 5053/55/4320 5054/55/4320 5056/55/4320 5055/55/4320
f 5054/55/4321 5052/55/4321 5058/55/4321 5056/55/4321
f 5055/55/4322 5056/55/4322 5058/55/4322 5057/55/4322
f 5057/55/4323 5058/55/4323 5052/55/4323 5051/55/4323
f 5051/55/4324 5053/55/4324 5055/55/4324 5057/55/4324
f 5059/56/4325 5060/56/4325 5062/56/4325 5061/56/4325
f 5061/56/4326 5062/56/4326 5064/56/4326 5063/56/4326
f 5063/56/4327 5064/56/4327 5066/56/4327 5065/56/4327
f 5065/56/4328 5066/56/4328 5068/56/4328 5067/56/4328
f 5062/56/4321 5060/56/4321 5070/56/4321 5068/56/4321 5066/56/4321 5064/56/4321
f 5067/56/4329 5068/56/4329 5070/56/4329 5069/56/4329
f 5069/56/4330 5070/56/4330 5060/56/4330 5059/56/4330
f 5059/56/4324 5061/56/4324 5063/56/4324 5065/56/4324 5067/56/4324 5069/56/4324
o Palki2
v 6.916335 -0.275676 -23.416861
v 6.732434 2.583070 -23.145176
v 6.996655 -0.278078 -23.337217
v 6.812754 2.580668 -23.065535
v 6.917304 -0.290751 -23.257576
v 6.733404 2.567994 -22.985891
v 6.836984 -0.288349 -23.337217
v 6.653084 2.570396 -23.065535
v 6.849221 1.906366 -23.438250
v 6.798093 2.701150 -23.362717
v 7.022675 1.908063 -23.338696
v 6.971547 2.702847 -23.263163
v 7.023887 1.889219 -23.139589
v 6.972759 2.684002 -23.064056
v 6.851645 1.868678 -23.040035
v 6.800518 2.663461 -22.964502
v 6.678191 1.866981 -23.139589
v 6.627064 2.661764 -23.064056
v 6.676979 1.885825 -23.338696
v 6.625852 2.680609 -23.263163
v 6.484212 -0.377109 -22.917217
v 6.897027 2.694017 -23.217155
v 6.564526 -0.380128 -22.837589
v 6.977341 2.690998 -23.137527
v 6.486266 -0.361832 -22.757961
v 6.899081 2.709295 -23.057899
v 6.405952 -0.358813 -22.837589
v 6.818768 2.712314 -23.137527
v 6.636039 2.009020 -23.148090
v 6.742120 2.798201 -23.225164
v 6.808984 1.995494 -23.048555
v 6.915064 2.784675 -23.125631
v 6.811551 2.014591 -22.849485
v 6.917632 2.803772 -22.926561
v 6.641173 2.047214 -22.749952
v 6.747254 2.836395 -22.827026
v 6.468229 2.060740 -22.849485
v 6.574309 2.849921 -22.926561
v 6.465662 2.041643 -23.048555
v 6.571742 2.830824 -23.125631
v 7.083033 -0.140265 -23.424852
v 6.995075 2.611490 -23.790421
v 7.162656 -0.127184 -23.345547
v 7.074697 2.624570 -23.711117
v 7.082360 -0.119215 -23.266243
v 6.994402 2.632539 -23.631811
v 7.002737 -0.132296 -23.345547
v 6.914779 2.619459 -23.711117
v 7.052227 1.912170 -23.673941
v 7.026890 2.704805 -23.779242
v 7.224923 1.930860 -23.574812
v 7.199586 2.723495 -23.680113
v 7.224082 1.957172 -23.376551
v 7.198745 2.749806 -23.481852
v 7.050544 1.964794 -23.277422
v 7.025208 2.757429 -23.382723
v 6.877848 1.946105 -23.376551
v 6.852512 2.738739 -23.481852
v 6.878689 1.919793 -23.574812
v 6.853353 2.712427 -23.680113
vn 0.7014 0.1120 -0.7039
vn 0.7099 -0.0212 0.7039
vn -0.0639 0.9935 0.0944
vn -0.7014 -0.1120 0.7039
vn -0.7099 0.0212 -0.7039
vn 0.0639 -0.9935 -0.0944
vn 0.4937 0.1137 -0.8622
vn 0.9979 0.0642 -0.0000
vn 0.5042 -0.0495 0.8622
vn -0.4937 -0.1137 0.8622
vn -0.9979 -0.0642 -0.0000
vn -0.5042 0.0495 -0.8622
vn 0.6917 -0.1617 -0.7038
vn 0.7099 -0.0267 0.7038
vn 0.1326 0.9865 -0.0963
vn -0.6917 0.1617 0.7038
vn -0.7099 0.0267 -0.7038
vn -0.1326 -0.9865 0.0963
vn 0.4844 -0.1493 -0.8620
vn 0.9911 -0.1332 -0.0000
vn 0.5067 0.0161 0.8620
vn -0.4844 0.1493 0.8620
vn -0.9911 0.1332 -0.0000
vn -0.5067 -0.0161 -0.8620
vn 0.7097 -0.0704 -0.7010
vn 0.7038 0.1156 0.7010
vn -0.0317 0.9908 -0.1316
vn -0.7097 0.0704 0.7010
vn -0.7038 -0.1156 -0.7010
vn 0.0317 -0.9908 0.1316
vn 0.5034 -0.0980 -0.8585
vn 0.9995 0.0319 -0.0000
vn 0.4961 0.1299 0.8585
vn -0.5034 0.0980 0.8585
vn -0.9995 -0.0319 -0.0000
vn -0.4961 -0.1299 -0.8585
vt 0.562500 0.437500
vt 0.437500 0.437500
s 0
usemtl Paleta
f 5071/57/4331 5072/57/4331 5074/57/4331 5073/57/4331
f 5073/57/4332 5074/57/4332 5076/57/4332 5075/57/4332
f 5074/57/4333 5072/57/4333 5078/57/4333 5076/57/4333
f 5075/57/4334 5076/57/4334 5078/57/4334 5077/57/4334
f 5077/57/4335 5078/57/4335 5072/57/4335 5071/57/4335
f 5071/57/4336 5073/57/4336 5075/57/4336 5077/57/4336
f 5079/58/4337 5080/58/4337 5082/58/4337 5081/58/4337
f 5081/58/4338 5082/58/4338 5084/58/4338 5083/58/4338
f 5083/58/4339 5084/58/4339 5086/58/4339 5085/58/4339
f 5085/58/4340 5086/58/4340 5088/58/4340 5087/58/4340
f 5082/58/4333 5080/58/4333 5090/58/4333 5088/58/4333 5086/58/4333 5084/58/4333
f 5087/58/4341 5088/58/4341 5090/58/4341 5089/58/4341
f 5089/58/4342 5090/58/4342 5080/58/4342 5079/58/4342
f 5079/58/4336 5081/58/4336 5083/58/4336 5085/58/4336 5087/58/4336 5089/58/4336
f 5091/57/4343 5092/57/4343 5094/57/4343 5093/57/4343
f 5093/57/4344 5094/57/4344 5096/57/4344 5095/57/4344
f 5094/57/4345 5092/57/4345 5098/57/4345 5096/57/4345
f 5095/57/4346 5096/57/4346 5098/57/4346 5097/57/4346
f 5097/57/4347 5098/57/4347 5092/57/4347 5091/57/4347
f 5091/57/4348 5093/57/4348 5095/57/4348 5097/57/4348
f 5099/58/4349 5100/58/4349 5102/58/4349 5101/58/4349
f 5101/58/4350 5102/58/4350 5104/58/4350 5103/58/4350
f 5103/58/4351 5104/58/4351 5106/58/4351 5105/58/4351
f 5105/58/4352 5106/58/4352 5108/58/4352 5107/58/4352
f 5102/58/4345 5100/58/4345 5110/58/4345 5108/58/4345 5106/58/4345 5104/58/4345
f 5107/58/4353 5108/58/4353 5110/58/4353 5109/58/4353
f 5109/58/4354 5110/58/4354 5100/58/4354 5099/58/4354
f 5099/58/4348 5101/58/4348 5103/58/4348 5105/58/4348 5107/58/4348 5109/58/4348
f 5111/57/4355 5112/57/4355 5114/57/4355 5113/57/4355
f 5113/57/4356 5114/57/4356 5116/57/4356 5115/57/4356
f 5114/57/4357 5112/57/4357 5118/57/4357 5116/57/4357
f 5115/57/4358 5116/57/4358 5118/57/4358 5117/57/4358
f 5117/57/4359 5118/57/4359 5112/57/4359 5111/57/4359
f 5111/57/4360 5113/57/4360 5115/57/4360 5117/57/4360
f 5119/58/4361 5120/58/4361 5122/58/4361 5121/58/4361
f 5121/58/4362 5122/58/4362 5124/58/4362 5123/58/4362
f 5123/58/4363 5124/58/4363 5126/58/4363 5125/58/4363
f 5125/58/4364 5126/58/4364 5128/58/4364 5127/58/4364
f 5122/58/4357 5120/58/4357 5130/58/4357 5128/58/4357 5126/58/4357 5124/58/4357
f 5127/58/4365 5128/58/4365 5130/58/4365 5129/58/4365
f 5129/58/4366 5130/58/4366 5120/58/4366 5119/58/4366
f 5119/58/4360 5121/58/4360 5123/58/4360 5125/58/4360 5127/58/4360 5129/58/4360
o Palki3
v -6.128748 -0.701690 -21.764807
v -6.230264 1.530702 -21.923252
v -6.049088 -0.692404 -21.685007
v -6.150603 1.539989 -21.843451
v -6.129262 -0.690385 -21.605206
v -6.230778 1.542007 -21.763651
v -6.208922 -0.699672 -21.685007
v -6.310438 1.532720 -21.843451
v -6.160995 0.827596 -21.935438
v -6.197246 1.624769 -21.992018
v -5.988290 0.842529 -21.835688
v -6.024540 1.639702 -21.892269
v -5.988933 0.856660 -21.636189
v -6.025183 1.653833 -21.692770
v -6.162280 0.855857 -21.536440
v -6.198531 1.653030 -21.593019
v -6.334985 0.840923 -21.636189
v -6.371236 1.638096 -21.692770
v -6.334342 0.826793 -21.835688
v -6.370593 1.623966 -21.892269
v -6.105846 -0.701929 -21.296034
v -6.053889 2.170787 -21.480255
v -6.025766 -0.698258 -21.216196
v -5.973809 2.174458 -21.400419
v -6.105661 -0.691693 -21.136360
v -6.053704 2.181023 -21.320581
v -6.185740 -0.695365 -21.216196
v -6.133783 2.177351 -21.400419
v -6.087225 1.467179 -21.482304
v -6.072788 2.265409 -21.533493
v -5.913932 1.470445 -21.382509
v -5.899495 2.268675 -21.433697
v -5.913701 1.483240 -21.182919
v -5.899264 2.281470 -21.234108
v -6.086762 1.492770 -21.083122
v -6.072325 2.291000 -21.134312
v -6.260055 1.489504 -21.182919
v -6.245617 2.287734 -21.234108
v -6.260286 1.476709 -21.382509
v -6.245849 2.274939 -21.433697
v -5.830005 1.512947 -21.993990
v -6.206853 4.739341 -21.882599
v -5.750227 1.519505 -21.914036
v -6.127076 4.745898 -21.802647
v -5.829369 1.507500 -21.834084
v -6.206217 4.733894 -21.722692
v -5.909147 1.500943 -21.914036
v -6.285995 4.727336 -21.802647
v -5.972528 4.058281 -22.071932
v -6.065284 4.852412 -22.044516
v -5.800096 4.074971 -21.971991
v -5.892851 4.869102 -21.944574
v -5.799300 4.068163 -21.772108
v -5.892056 4.862295 -21.744692
v -5.970938 4.044665 -21.672167
v -6.063694 4.838797 -21.644751
v -6.143371 4.027975 -21.772108
v -6.236127 4.822106 -21.744692
v -6.144166 4.034783 -21.971991
v -6.236922 4.828915 -21.944574
vn 0.7086 -0.0178 -0.7053
vn 0.7041 0.0821 0.7053
vn -0.0453 0.9965 -0.0707
vn -0.7086 0.0178 0.7053
vn -0.7041 -0.0821 -0.7053
vn 0.0453 -0.9965 0.0707
vn 0.5023 -0.0385 -0.8639
vn 0.9990 0.0454 -0.0000
vn 0.4967 0.0839 0.8639
vn -0.5023 0.0385 0.8639
vn -0.9990 -0.0454 -0.0000
vn -0.4967 -0.0839 -0.8639
vn 0.7062 -0.0580 -0.7057
vn 0.7078 0.0325 0.7057
vn 0.0180 0.9978 -0.0640
vn -0.7062 0.0580 0.7057
vn -0.7078 -0.0325 -0.7057
vn -0.0180 -0.9978 0.0640
vn 0.4989 -0.0644 -0.8643
vn 0.9998 -0.0181 -0.0000
vn 0.5009 0.0464 0.8643
vn -0.4989 0.0644 0.8643
vn -0.9998 0.0181 -0.0000
vn -0.5009 -0.0464 -0.8643
vn 0.6995 0.1061 -0.7067
vn 0.7051 0.0580 0.7067
vn -0.1159 0.9927 0.0343
vn -0.6995 -0.1061 0.7067
vn -0.7051 -0.0580 -0.7067
vn 0.1159 -0.9927 -0.0343
vn 0.4932 0.0875 -0.8655
vn 0.9932 0.1160 -0.0000
vn 0.5001 0.0285 0.8655
vn -0.4932 -0.0875 0.8655
vn -0.9932 -0.1160 -0.0000
vn -0.5001 -0.0285 -0.8655
vt 0.562500 0.437500
vt 0.437500 0.437500
s 0
usemtl Paleta
f 5131/59/4367 5132/59/4367 5134/59/4367 5133/59/4367
f 5133/59/4368 5134/59/4368 5136/59/4368 5135/59/4368
f 5134/59/4369 5132/59/4369 5138/59/4369 5136/59/4369
f 5135/59/4370 5136/59/4370 5138/59/4370 5137/59/4370
f 5137/59/4371 5138/59/4371 5132/59/4371 5131/59/4371
f 5131/59/4372 5133/59/4372 5135/59/4372 5137/59/4372
f 5139/60/4373 5140/60/4373 5142/60/4373 5141/60/4373
f 5141/60/4374 5142/60/4374 5144/60/4374 5143/60/4374
f 5143/60/4375 5144/60/4375 5146/60/4375 5145/60/4375
f 5145/60/4376 5146/60/4376 5148/60/4376 5147/60/4376
f 5142/60/4369 5140/60/4369 5150/60/4369 5148/60/4369 5146/60/4369 5144/60/4369
f 5147/60/4377 5148/60/4377 5150/60/4377 5149/60/4377
f 5149/60/4378 5150/60/4378 5140/60/4378 5139/60/4378
f 5139/60/4372 5141/60/4372 5143/60/4372 5145/60/4372 5147/60/4372 5149/60/4372
f 5151/59/4379 5152/59/4379 5154/59/4379 5153/59/4379
f 5153/59/4380 5154/59/4380 5156/59/4380 5155/59/4380
f 5154/59/4381 5152/59/4381 5158/59/4381 5156/59/4381
f 5155/59/4382 5156/59/4382 5158/59/4382 5157/59/4382
f 5157/59/4383 5158/59/4383 5152/59/4383 5151/59/4383
f 5151/59/4384 5153/59/4384 5155/59/4384 5157/59/4384
f 5159/60/4385 5160/60/4385 5162/60/4385 5161/60/4385
f 5161/60/4386 5162/60/4386 5164/60/4386 5163/60/4386
f 5163/60/4387 5164/60/4387 5166/60/4387 5165/60/4387
f 5165/60/4388 5166/60/4388 5168/60/4388 5167/60/4388
f 5162/60/4381 5160/60/4381 5170/60/4381 5168/60/4381 5166/60/4381 5164/60/4381
f 5167/60/4389 5168/60/4389 5170/60/4389 5169/60/4389
f 5169/60/4390 5170/60/4390 5160/60/4390 5159/60/4390
f 5159/60/4384 5161/60/4384 5163/60/4384 5165/60/4384 5167/60/4384 5169/60/4384
f 5171/59/4391 5172/59/4391 5174/59/4391 5173/59/4391
f 5173/59/4392 5174/59/4392 5176/59/4392 5175/59/4392
f 5174/59/4393 5172/59/4393 5178/59/4393 5176/59/4393
f 5175/59/4394 5176/59/4394 5178/59/4394 5177/59/4394
f 5177/59/4395 5178/59/4395 5172/59/4395 5171/59/4395
f 5171/59/4396 5173/59/4396 5175/59/4396 5177/59/4396
f 5179/60/4397 5180/60/4397 5182/60/4397 5181/60/4397
f 5181/60/4398 5182/60/4398 5184/60/4398 5183/60/4398
f 5183/60/4399 5184/60/4399 5186/60/4399 5185/60/4399
f 5185/60/4400 5186/60/4400 5188/60/4400 5187/60/4400
f 5182/60/4393 5180/60/4393 5190/60/4393 5188/60/4393 5186/60/4393 5184/60/4393
f 5187/60/4401 5188/60/4401 5190/60/4401 5189/60/4401
f 5189/60/4402 5190/60/4402 5180/60/4402 5179/60/4402
f 5179/60/4396 5181/60/4396 5183/60/4396 5185/60/4396 5187/60/4396 5189/60/4396
o Palki4
v -16.854139 -0.699716 -15.730515
v -16.712486 2.677723 -15.985906
v -16.773958 -0.697047 -15.650743
v -16.632303 2.680392 -15.906133
v -16.853634 -0.687673 -15.570970
v -16.711981 2.689766 -15.826360
v -16.933817 -0.690342 -15.650743
v -16.792162 2.687097 -15.906133
v -16.800406 1.976479 -15.947735
v -16.766977 2.773505 -16.008003
v -16.627037 1.976748 -15.848020
v -16.593609 2.773774 -15.908288
v -16.626406 1.991802 -15.648587
v -16.592978 2.788828 -15.708856
v -16.799143 2.006587 -15.548872
v -16.765715 2.803613 -15.609140
v -16.972511 2.006318 -15.648587
v -16.939083 2.803344 -15.708856
v -16.973143 1.991264 -15.848020
v -16.939714 2.788290 -15.908288
v -18.272640 -0.103294 -16.597837
v -18.274500 2.720991 -16.633606
v -18.192640 -0.102228 -16.517843
v -18.194500 2.722057 -16.553614
v -18.272642 -0.101267 -16.437851
v -18.274502 2.723018 -16.473619
v -18.352642 -0.102333 -16.517843
v -18.354502 2.721952 -16.553614
v -18.273306 2.019617 -16.730646
v -18.273832 2.819553 -16.740778
v -18.100101 2.020998 -16.630655
v -18.100628 2.820934 -16.640785
v -18.100103 2.023530 -16.430672
v -18.100630 2.823466 -16.440802
v -18.273310 2.024683 -16.330679
v -18.273836 2.824619 -16.340811
v -18.446514 2.023303 -16.430672
v -18.447041 2.823238 -16.440802
v -18.446512 2.020770 -16.630655
v -18.447039 2.820705 -16.640785
v -17.490387 -0.558350 -15.720065
v -17.883419 2.584269 -15.607608
v -17.410652 -0.551239 -15.640116
v -17.803684 2.591380 -15.527658
v -17.489681 -0.563984 -15.560166
v -17.882713 2.578635 -15.447709
v -17.569416 -0.571095 -15.640116
v -17.962448 2.571524 -15.527658
v -17.637823 1.905075 -15.797956
v -17.737040 2.698391 -15.769567
v -17.465517 1.923049 -15.698018
v -17.564732 2.716365 -15.669630
v -17.464636 1.916007 -15.498144
v -17.563852 2.709322 -15.469756
v -17.636061 1.890991 -15.398208
v -17.735277 2.684307 -15.369819
v -17.808369 1.873018 -15.498144
v -17.907583 2.666333 -15.469756
v -17.809248 1.880060 -15.698018
v -17.908464 2.673376 -15.669630
v -17.877989 -0.120861 -16.711563
v -17.821476 2.470228 -16.861212
v -17.797907 -0.117995 -16.631697
v -17.741394 2.473094 -16.781343
v -17.877789 -0.111640 -16.551828
v -17.821276 2.479449 -16.701477
v -17.957870 -0.114506 -16.631697
v -17.901358 2.476583 -16.781343
v -17.858591 1.766538 -16.883129
v -17.841175 2.565018 -16.929245
v -17.685301 1.768525 -16.783297
v -17.667887 2.567005 -16.829412
v -17.685051 1.780051 -16.583628
v -17.667635 2.578531 -16.629744
v -17.858089 1.789591 -16.483795
v -17.840673 2.588071 -16.529911
v -18.031378 1.787605 -16.583628
v -18.013964 2.586084 -16.629744
v -18.031630 1.776078 -16.783297
v -18.014214 2.574558 -16.829412
vn 0.7043 -0.0829 -0.7051
vn 0.7087 0.0236 0.7051
vn 0.0418 0.9963 -0.0753
vn -0.7043 0.0829 0.7051
vn -0.7087 -0.0236 -0.7051
vn -0.0418 -0.9963 0.0753
vn 0.4968 -0.0861 -0.8636
vn 0.9991 -0.0419 -0.0000
vn 0.5023 0.0442 0.8636
vn -0.4968 0.0861 0.8636
vn -0.9991 0.0419 -0.0000
vn -0.5023 -0.0442 -0.8636
vn 0.7071 -0.0085 -0.7070
vn 0.7071 0.0094 0.7070
vn -0.0007 0.9999 -0.0127
vn -0.7071 0.0085 0.7071
vn -0.7071 -0.0094 -0.7071
vn 0.0007 -0.9999 0.0127
vn 0.5000 -0.0106 -0.8660
vn 1.0000 0.0007 -0.0000
vn 0.5000 0.0113 0.8660
vn -0.5000 0.0106 0.8660
vn -1.0000 -0.0007 -0.0000
vn -0.5000 -0.0113 -0.8660
vn 0.6985 0.1126 -0.7067
vn 0.7048 0.0629 0.7067
vn -0.1240 0.9916 0.0355
vn -0.6985 -0.1126 0.7067
vn -0.7048 -0.0629 -0.7067
vn 0.1240 -0.9916 -0.0355
vn 0.4923 0.0925 -0.8655
vn 0.9923 0.1241 -0.0000
vn 0.4999 0.0316 0.8655
vn -0.4923 -0.0925 0.8655
vn -0.9923 -0.1241 -0.0000
vn -0.4999 -0.0316 -0.8655
vn 0.7060 -0.0562 -0.7059
vn 0.7078 0.0253 0.7059
vn 0.0218 0.9981 -0.0576
vn -0.7060 0.0562 0.7059
vn -0.7078 -0.0253 -0.7059
vn -0.0218 -0.9981 0.0576
vn 0.4988 -0.0608 -0.8646
vn 0.9998 -0.0218 -0.0000
vn 0.5010 0.0390 0.8646
vn -0.4988 0.0608 0.8646
vn -0.9998 0.0218 -0.0000
vn -0.5010 -0.0390 -0.8646
vt 0.562500 0.437500
vt 0.437500 0.437500
s 0
usemtl Paleta
f 5191/61/4403 5192/61/4403 5194/61/4403 5193/61/4403
f 5193/61/4404 5194/61/4404 5196/61/4404 5195/61/4404
f 5194/61/4405 5192/61/4405 5198/61/4405 5196/61/4405
f 5195/61/4406 5196/61/4406 5198/61/4406 5197/61/4406
f 5197/61/4407 5198/61/4407 5192/61/4407 5191/61/4407
f 5191/61/4408 5193/61/4408 5195/61/4408 5197/61/4408
f 5199/62/4409 5200/62/4409 5202/62/4409 5201/62/4409
f 5201/62/4410 5202/62/4410 5204/62/4410 5203/62/4410
f 5203/62/4411 5204/62/4411 5206/62/4411 5205/62/4411
f 5205/62/4412 5206/62/4412 5208/62/4412 5207/62/4412
f 5202/62/4405 5200/62/4405 5210/62/4405 5208/62/4405 5206/62/4405 5204/62/4405
f 5207/62/4413 5208/62/4413 5210/62/4413 5209/62/4413
f 5209/62/4414 5210/62/4414 5200/62/4414 5199/62/4414
f 5199/62/4408 5201/62/4408 5203/62/4408 5205/62/4408 5207/62/4408 5209/62/4408
f 5211/61/4415 5212/61/4415 5214/61/4415 5213/61/4415
f 5213/61/4416 5214/61/4416 5216/61/4416 5215/61/4416
f 5214/61/4417 5212/61/4417 5218/61/4417 5216/61/4417
f 5215/61/4418 5216/61/4418 5218/61/4418 5217/61/4418
f 5217/61/4419 5218/61/4419 5212/61/4419 5211/61/4419
f 5211/61/4420 5213/61/4420 5215/61/4420 5217/61/4420
f 5219/62/4421 5220/62/4421 5222/62/4421 5221/62/4421
f 5221/62/4422 5222/62/4422 5224/62/4422 5223/62/4422
f 5223/62/4423 5224/62/4423 5226/62/4423 5225/62/4423
f 5225/62/4424 5226/62/4424 5228/62/4424 5227/62/4424
f 5222/62/4417 5220/62/4417 5230/62/4417 5228/62/4417 5226/62/4417 5224/62/4417
f 5227/62/4425 5228/62/4425 5230/62/4425 5229/62/4425
f 5229/62/4426 5230/62/4426 5220/62/4426 5219/62/4426
f 5219/62/4420 5221/62/4420 5223/62/4420 5225/62/4420 5227/62/4420 5229/62/4420
f 5231/61/4427 5232/61/4427 5234/61/4427 5233/61/4427
f 5233/61/4428 5234/61/4428 5236/61/4428 5235/61/4428
f 5234/61/4429 5232/61/4429 5238/61/4429 5236/61/4429
f 5235/61/4430 5236/61/4430 5238/61/4430 5237/61/4430
f 5237/61/4431 5238/61/4431 5232/61/4431 5231/61/4431
f 5231/61/4432 5233/61/4432 5235/61/4432 5237/61/4432
f 5239/62/4433 5240/62/4433 5242/62/4433 5241/62/4433
f 5241/62/4434 5242/62/4434 5244/62/4434 5243/62/4434
f 5243/62/4435 5244/62/4435 5246/62/4435 5245/62/4435
f 5245/62/4436 5246/62/4436 5248/62/4436 5247/62/4436
f 5242/62/4429 5240/62/4429 5250/62/4429 5248/62/4429 5246/62/4429 5244/62/4429
f 5247/62/4437 5248/62/4437 5250/62/4437 5249/62/4437
f 5249/62/4438 5250/62/4438 5240/62/4438 5239/62/4438
f 5239/62/4432 5241/62/4432 5243/62/4432 5245/62/4432 5247/62/4432 5249/62/4432
f 5251/61/4439 5252/61/4439 5254/61/4439 5253/61/4439
f 5253/61/4440 5254/61/4440 5256/61/4440 5255/61/4440
f 5254/61/4441 5252/61/4441 5258/61/4441 5256/61/4441
f 5255/61/4442 5256/61/4442 5258/61/4442 5257/61/4442
f 5257/61/4443 5258/61/4443 5252/61/4443 5251/61/4443
f 5251/61/4444 5253/61/4444 5255/61/4444 5257/61/4444
f 5259/62/4445 5260/62/4445 5262/62/4445 5261/62/4445
f 5261/62/4446 5262/62/4446 5264/62/4446 5263/62/4446
f 5263/62/4447 5264/62/4447 5266/62/4447 5265/62/4447
f 5265/62/4448 5266/62/4448 5268/62/4448 5267/62/4448
f 5262/62/4441 5260/62/4441 5270/62/4441 5268/62/4441 5266/62/4441 5264/62/4441
f 5267/62/4449 5268/62/4449 5270/62/4449 5269/62/4449
f 5269/62/4450 5270/62/4450 5260/62/4450 5259/62/4450
f 5259/62/4444 5261/62/4444 5263/62/4444 5265/62/4444 5267/62/4444 5269/62/4444
o Palki5
v -24.297537 -0.033157 -6.907417
v -24.444635 2.401498 -6.945056
v -24.217756 -0.027100 -6.827427
v -24.364855 2.407555 -6.865066
v -24.297686 -0.030693 -6.747436
v -24.444784 2.403963 -6.785075
v -24.377466 -0.036750 -6.827427
v -24.524565 2.397906 -6.865066
v -24.346853 1.702791 -7.040051
v -24.395096 2.501240 -7.052394
v -24.174057 1.714777 -6.940063
v -24.222298 2.513226 -6.952406
v -24.174244 1.717857 -6.740086
v -24.222485 2.516306 -6.752430
v -24.347225 1.708952 -6.640098
v -24.395468 2.507400 -6.652442
v -24.520023 1.696966 -6.740086
v -24.568264 2.495414 -6.752430
v -24.519836 1.693885 -6.940063
v -24.568077 2.492334 -6.952406
v -23.374353 -0.153992 -7.830810
v -23.620823 2.112505 -8.134247
v -23.295963 -0.134851 -7.751509
v -23.542433 2.131647 -8.054946
v -23.376637 -0.133007 -7.672208
v -23.623106 2.133491 -7.975645
v -23.455027 -0.152148 -7.751509
v -23.701496 2.114349 -8.054946
v -23.453012 1.419320 -8.048707
v -23.538742 2.207679 -8.154251
v -23.282249 1.451160 -7.949581
v -23.367979 2.239520 -8.055126
v -23.285101 1.477392 -7.751329
v -23.370831 2.265751 -7.856874
v -23.458717 1.471783 -7.652203
v -23.544447 2.260142 -7.757748
v -23.629480 1.439942 -7.751329
v -23.715210 2.228302 -7.856874
v -23.626629 1.413711 -7.949581
v -23.712358 2.202070 -8.055126
v -24.170918 -0.095812 -6.727025
v -23.993124 2.701048 -6.833876
v -24.090885 -0.097845 -6.647083
v -23.913092 2.699015 -6.753934
v -24.170530 -0.089728 -6.567141
v -23.992737 2.707131 -6.673992
v -24.250563 -0.087695 -6.647083
v -24.072769 2.709165 -6.753934
v -24.107668 2.001422 -6.885124
v -24.056953 2.799231 -6.915603
v -23.934570 1.994236 -6.785196
v -23.883856 2.792045 -6.815676
v -23.934088 2.001840 -6.585341
v -23.883371 2.799649 -6.615821
v -24.106701 2.016631 -6.485414
v -24.055986 2.814440 -6.515893
v -24.279799 2.023817 -6.585341
v -24.229084 2.821625 -6.615821
v -24.280283 2.016212 -6.785196
v -24.229567 2.814021 -6.815676
v -22.888029 -0.307451 -8.186108
v -23.173704 2.464380 -8.074623
v -22.808123 -0.302431 -8.106172
v -23.093798 2.469400 -7.994687
v -22.887373 -0.313813 -8.026236
v -23.173048 2.458017 -7.914751
v -22.967279 -0.318834 -8.106172
v -23.252954 2.452997 -7.994687
v -22.990383 1.780033 -8.266260
v -23.072334 2.575181 -8.234279
v -22.817680 1.793813 -8.166340
v -22.899632 2.588962 -8.134358
v -22.816860 1.785860 -7.966500
v -22.898811 2.581009 -7.934519
v -22.988743 1.764126 -7.866580
v -23.070694 2.559275 -7.834599
v -23.161446 1.750346 -7.966500
v -23.243397 2.545495 -7.934519
v -23.162266 1.758299 -8.166340
v -23.244217 2.553448 -8.134358
vn 0.7065 0.0318 -0.7070
vn 0.7052 0.0535 0.7070
vn -0.0603 0.9981 -0.0154
vn -0.7065 -0.0318 0.7070
vn -0.7052 -0.0535 -0.7070
vn 0.0603 -0.9981 0.0154
vn 0.4999 0.0168 -0.8659
vn 0.9982 0.0603 -0.0000
vn 0.4983 0.0435 0.8659
vn -0.4999 -0.0168 0.8659
vn -0.9982 -0.0603 -0.0000
vn -0.4983 -0.0435 -0.8659
vn 0.7130 -0.0163 -0.7009
vn 0.6929 0.1692 0.7009
vn -0.1072 0.9854 -0.1319
vn -0.7130 0.0163 0.7009
vn -0.6929 -0.1692 -0.7009
vn 0.1072 -0.9854 0.1319
vn 0.5094 -0.0595 -0.8585
vn 0.9941 0.1081 -0.0000
vn 0.4847 0.1676 0.8585
vn -0.5094 0.0595 0.8585
vn -0.9941 -0.1081 -0.0000
vn -0.4847 -0.1676 -0.8585
vn 0.7040 -0.0717 -0.7066
vn 0.7074 -0.0180 0.7066
vn 0.0634 0.9973 -0.0381
vn -0.7040 0.0717 0.7066
vn -0.7074 0.0180 -0.7066
vn -0.0634 -0.9973 0.0381
vn 0.4969 -0.0646 -0.8654
vn 0.9980 -0.0634 -0.0000
vn 0.5011 0.0012 0.8654
vn -0.4969 0.0646 0.8654
vn -0.9980 0.0634 -0.0000
vn -0.5011 -0.0012 -0.8654
vn 0.7005 0.1006 -0.7065
vn 0.7063 0.0444 0.7065
vn -0.1024 0.9939 0.0400
vn -0.7005 -0.1006 0.7065
vn -0.7063 -0.0444 -0.7065
vn 0.1024 -0.9939 -0.0400
vn 0.4938 0.0857 -0.8653
vn 0.9947 0.1025 -0.0000
vn 0.5009 0.0168 0.8653
vn -0.4938 -0.0857 0.8653
vn -0.9947 -0.1025 -0.0000
vn -0.5009 -0.0168 -0.8653
vt 0.562500 0.437500
vt 0.437500 0.437500
s 0
usemtl Paleta
f 5271/63/4451 5272/63/4451 5274/63/4451 5273/63/4451
f 5273/63/4452 5274/63/4452 5276/63/4452 5275/63/4452
f 5274/63/4453 5272/63/4453 5278/63/4453 5276/63/4453
f 5275/63/4454 5276/63/4454 5278/63/4454 5277/63/4454
f 5277/63/4455 5278/63/4455 5272/63/4455 5271/63/4455
f 5271/63/4456 5273/63/4456 5275/63/4456 5277/63/4456
f 5279/64/4457 5280/64/4457 5282/64/4457 5281/64/4457
f 5281/64/4458 5282/64/4458 5284/64/4458 5283/64/4458
f 5283/64/4459 5284/64/4459 5286/64/4459 5285/64/4459
f 5285/64/4460 5286/64/4460 5288/64/4460 5287/64/4460
f 5282/64/4453 5280/64/4453 5290/64/4453 5288/64/4453 5286/64/4453 5284/64/4453
f 5287/64/4461 5288/64/4461 5290/64/4461 5289/64/4461
f 5289/64/4462 5290/64/4462 5280/64/4462 5279/64/4462
f 5279/64/4456 5281/64/4456 5283/64/4456 5285/64/4456 5287/64/4456 5289/64/4456
f 5291/63/4463 5292/63/4463 5294/63/4463 5293/63/4463
f 5293/63/4464 5294/63/4464 5296/63/4464 5295/63/4464
f 5294/63/4465 5292/63/4465 5298/63/4465 5296/63/4465
f 5295/63/4466 5296/63/4466 5298/63/4466 5297/63/4466
f 5297/63/4467 5298/63/4467 5292/63/4467 5291/63/4467
f 5291/63/4468 5293/63/4468 5295/63/4468 5297/63/4468
f 5299/64/4469 5300/64/4469 5302/64/4469 5301/64/4469
f 5301/64/4470 5302/64/4470 5304/64/4470 5303/64/4470
f 5303/64/4471 5304/64/4471 5306/64/4471 5305/64/4471
f 5305/64/4472 5306/64/4472 5308/64/4472 5307/64/4472
f 5302/64/4465 5300/64/4465 5310/64/4465 5308/64/4465 5306/64/4465 5304/64/4465
f 5307/64/4473 5308/64/4473 5310/64/4473 5309/64/4473
f 5309/64/4474 5310/64/4474 5300/64/4474 5299/64/4474
f 5299/64/4468 5301/64/4468 5303/64/4468 5305/64/4468 5307/64/4468 5309/64/4468
f 5311/63/4475 5312/63/4475 5314/63/4475 5313/63/4475
f 5313/63/4476 5314/63/4476 5316/63/4476 5315/63/4476
f 5314/63/4477 5312/63/4477 5318/63/4477 5316/63/4477
f 5315/63/4478 5316/63/4478 5318/63/4478 5317/63/4478
f 5317/63/4479 5318/63/4479 5312/63/4479 5311/63/4479
f 5311/63/4480 5313/63/4480 5315/63/4480 5317/63/4480
f 5319/64/4481 5320/64/4481 5322/64/4481 5321/64/4481
f 5321/64/4482 5322/64/4482 5324/64/4482 5323/64/4482
f 5323/64/4483 5324/64/4483 5326/64/4483 5325/64/4483
f 5325/64/4484 5326/64/4484 5328/64/4484 5327/64/4484
f 5322/64/4477 5320/64/4477 5330/64/4477 5328/64/4477 5326/64/4477 5324/64/4477
f 5327/64/4485 5328/64/4485 5330/64/4485 5329/64/4485
f 5329/64/4486 5330/64/4486 5320/64/4486 5319/64/4486
f 5319/64/4480 5321/64/4480 5323/64/4480 5325/64/4480 5327/64/4480 5329/64/4480
f 5331/63/4487 5332/63/4487 5334/63/4487 5333/63/4487
f 5333/63/4488 5334/63/4488 5336/63/4488 5335/63/4488
f 5334/63/4489 5332/63/4489 5338/63/4489 5336/63/4489
f 5335/63/4490 5336/63/4490 5338/63/4490 5337/63/4490
f 5337/63/4491 5338/63/4491 5332/63/4491 5331/63/4491
f 5331/63/4492 5333/63/4492 5335/63/4492 5337/63/4492
f 5339/64/4493 5340/64/4493 5342/64/4493 5341/64/4493
f 5341/64/4494 5342/64/4494 5344/64/4494 5343/64/4494
f 5343/64/4495 5344/64/4495 5346/64/4495 5345/64/4495
f 5345/64/4496 5346/64/4496 5348/64/4496 5347/64/4496
f 5342/64/4489 5340/64/4489 5350/64/4489 5348/64/4489 5346/64/4489 5344/64/4489
f 5347/64/4497 5348/64/4497 5350/64/4497 5349/64/4497
f 5349/64/4498 5350/64/4498 5340/64/4498 5339/64/4498
f 5339/64/4492 5341/64/4492 5343/64/4492 5345/64/4492 5347/64/4492 5349/64/4492
o Palki6
v -24.360369 -0.039119 7.487438
v -24.107225 3.408917 7.678149
v -24.280905 -0.049371 7.567316
v -24.027763 3.398665 7.758028
v -24.361013 -0.047908 7.647195
v -24.107870 3.400128 7.837906
v -24.440475 -0.037656 7.567316
v -24.187334 3.410380 7.758028
v -24.262556 2.724456 7.440944
v -24.204069 3.521097 7.485007
v -24.090219 2.706281 7.540792
v -24.031733 3.502922 7.584855
v -24.091026 2.695295 7.740489
v -24.032539 3.491936 7.784552
v -24.264170 2.702484 7.840337
v -24.205683 3.499125 7.884400
v -24.436506 2.720659 7.740489
v -24.378019 3.517300 7.784552
v -24.435699 2.731645 7.540792
v -24.377213 3.528286 7.584855
v -24.441719 -0.146397 6.785220
v -24.258675 2.073215 6.932699
v -24.362425 -0.158240 6.865046
v -24.179380 2.061372 7.012524
v -24.442589 -0.156933 6.944870
v -24.259544 2.062679 7.092349
v -24.521883 -0.145090 6.865046
v -24.338839 2.074522 7.012524
v -24.382349 1.389547 6.712792
v -24.316742 2.185098 6.765651
v -24.210274 1.368727 6.812573
v -24.144667 2.164278 6.865433
v -24.211359 1.355557 7.012136
v -24.145752 2.151108 7.064996
v -24.384521 1.363207 7.111918
v -24.318914 2.158758 7.164777
v -24.556597 1.384027 7.012136
v -24.490990 2.179579 7.064996
v -24.555511 1.397197 6.812573
v -24.489904 2.192749 6.865433
v -23.996502 -0.050477 7.620829
v -23.888977 3.142629 8.068345
v -23.916922 -0.064260 7.700056
v -23.809397 3.128845 8.147572
v -23.997250 -0.072659 7.779282
v -23.889725 3.120446 8.226798
v -24.076830 -0.058876 7.700056
v -23.969305 3.134230 8.147572
v -23.955511 2.479856 7.670260
v -23.928848 3.271673 7.781234
v -23.782871 2.460164 7.769293
v -23.756208 3.251980 7.880267
v -23.783806 2.432436 7.967360
v -23.757141 3.224253 8.078333
v -23.957378 2.424401 8.066393
v -23.930716 3.216218 8.177366
v -24.130018 2.444094 7.967360
v -24.103355 3.235911 8.078333
v -24.129086 2.471822 7.769293
v -24.102421 3.263639 7.880267
v -23.810743 -0.190989 7.104992
v -23.935392 3.114787 7.540447
v -23.730408 -0.198408 7.184308
v -23.855057 3.107368 7.619763
v -23.809958 -0.211856 7.263623
v -23.934607 3.093921 7.699079
v -23.890293 -0.204437 7.184308
v -24.014942 3.101339 7.619763
v -23.858715 2.449582 7.151543
v -23.888601 3.242177 7.255948
v -23.685143 2.443067 7.250688
v -23.715027 3.235662 7.355093
v -23.684158 2.416984 7.448977
v -23.714045 3.209579 7.553382
v -23.856749 2.397417 7.548122
v -23.886635 3.190011 7.652527
v -24.030323 2.403932 7.448977
v -24.060207 3.196526 7.553382
v -24.031305 2.430014 7.250688
v -24.061192 3.222609 7.355093
vn 0.7081 -0.0129 -0.7060
vn 0.7024 -0.0906 0.7060
vn 0.0731 0.9958 0.0551
vn -0.7081 0.0129 0.7060
vn -0.7024 0.0906 -0.7060
vn -0.0731 -0.9958 -0.0551
vn 0.5022 0.0110 -0.8647
vn 0.9973 -0.0732 -0.0000
vn 0.4952 -0.0842 0.8647
vn -0.5022 -0.0110 0.8647
vn -0.9973 0.0732 -0.0000
vn -0.4952 0.0842 -0.8647
vn 0.7086 -0.0116 -0.7056
vn 0.7009 -0.1047 0.7056
vn 0.0820 0.9944 0.0661
vn -0.7086 0.0116 0.7056
vn -0.7009 0.1047 -0.7056
vn -0.0820 -0.9944 -0.0661
vn 0.5030 0.0159 -0.8641
vn 0.9966 -0.0822 -0.0000
vn 0.4936 -0.0981 0.8641
vn -0.5030 -0.0159 0.8641
vn -0.9966 0.0822 -0.0000
vn -0.4936 0.0981 -0.8641
vn 0.7100 0.0742 -0.7003
vn 0.7034 -0.1218 0.7003
vn 0.0333 0.9898 0.1387
vn -0.7100 -0.0742 0.7003
vn -0.7034 0.1218 -0.7003
vn -0.0333 -0.9898 -0.1387
vn 0.5038 0.1032 -0.8577
vn 0.9994 -0.0337 -0.0000
vn 0.4957 -0.1369 0.8577
vn -0.5038 -0.1032 0.8577
vn -0.9994 0.0337 -0.0000
vn -0.4957 0.1369 -0.8577
vn 0.7031 0.1189 -0.7011
vn 0.7101 -0.0656 0.7011
vn -0.0374 0.9907 0.1305
vn -0.7031 -0.1189 0.7011
vn -0.7101 0.0656 -0.7011
vn 0.0374 -0.9907 -0.1305
vn 0.4954 0.1318 -0.8586
vn 0.9993 0.0377 -0.0000
vn 0.5039 -0.0941 0.8586
vn -0.4954 -0.1318 0.8586
vn -0.9993 -0.0377 -0.0000
vn -0.5039 0.0941 -0.8586
vt 0.562500 0.437500
vt 0.437500 0.437500
s 0
usemtl Paleta
f 5351/65/4499 5352/65/4499 5354/65/4499 5353/65/4499
f 5353/65/4500 5354/65/4500 5356/65/4500 5355/65/4500
f 5354/65/4501 5352/65/4501 5358/65/4501 5356/65/4501
f 5355/65/4502 5356/65/4502 5358/65/4502 5357/65/4502
f 5357/65/4503 5358/65/4503 5352/65/4503 5351/65/4503
f 5351/65/4504 5353/65/4504 5355/65/4504 5357/65/4504
f 5359/66/4505 5360/66/4505 5362/66/4505 5361/66/4505
f 5361/66/4506 5362/66/4506 5364/66/4506 5363/66/4506
f 5363/66/4507 5364/66/4507 5366/66/4507 5365/66/4507
f 5365/66/4508 5366/66/4508 5368/66/4508 5367/66/4508
f 5362/66/4501 5360/66/4501 5370/66/4501 5368/66/4501 5366/66/4501 5364/66/4501
f 5367/66/4509 5368/66/4509 5370/66/4509 5369/66/4509
f 5369/66/4510 5370/66/4510 5360/66/4510 5359/66/4510
f 5359/66/4504 5361/66/4504 5363/66/4504 5365/66/4504 5367/66/4504 5369/66/4504
f 5371/65/4511 5372/65/4511 5374/65/4511 5373/65/4511
f 5373/65/4512 5374/65/4512 5376/65/4512 5375/65/4512
f 5374/65/4513 5372/65/4513 5378/65/4513 5376/65/4513
f 5375/65/4514 5376/65/4514 5378/65/4514 5377/65/4514
f 5377/65/4515 5378/65/4515 5372/65/4515 5371/65/4515
f 5371/65/4516 5373/65/4516 5375/65/4516 5377/65/4516
f 5379/66/4517 5380/66/4517 5382/66/4517 5381/66/4517
f 5381/66/4518 5382/66/4518 5384/66/4518 5383/66/4518
f 5383/66/4519 5384/66/4519 5386/66/4519 5385/66/4519
f 5385/66/4520 5386/66/4520 5388/66/4520 5387/66/4520
f 5382/66/4513 5380/66/4513 5390/66/4513 5388/66/4513 5386/66/4513 5384/66/4513
f 5387/66/4521 5388/66/4521 5390/66/4521 5389/66/4521
f 5389/66/4522 5390/66/4522 5380/66/4522 5379/66/4522
f 5379/66/4516 5381/66/4516 5383/66/4516 5385/66/4516 5387/66/4516 5389/66/4516
f 5391/65/4523 5392/65/4523 5394/65/4523 5393/65/4523
f 5393/65/4524 5394/65/4524 5396/65/4524 5395/65/4524
f 5394/65/4525 5392/65/4525 5398/65/4525 5396/65/4525
f 5395/65/4526 5396/65/4526 5398/65/4526 5397/65/4526
f 5397/65/4527 5398/65/4527 5392/65/4527 5391/65/4527
f 5391/65/4528 5393/65/4528 5395/65/4528 5397/65/4528
f 5399/66/4529 5400/66/4529 5402/66/4529 5401/66/4529
f 5401/66/4530 5402/66/4530 5404/66/4530 5403/66/4530
f 5403/66/4531 5404/66/4531 5406/66/4531 5405/66/4531
f 5405/66/4532 5406/66/4532 5408/66/4532 5407/66/4532
f 5402/66/4525 5400/66/4525 5410/66/4525 5408/66/4525 5406/66/4525 5404/66/4525
f 5407/66/4533 5408/66/4533 5410/66/4533 5409/66/4533
f 5409/66/4534 5410/66/4534 5400/66/4534 5399/66/4534
f 5399/66/4528 5401/66/4528 5403/66/4528 5405/66/4528 5407/66/4528 5409/66/4528
f 5411/65/4535 5412/65/4535 5414/65/4535 5413/65/4535
f 5413/65/4536 5414/65/4536 5416/65/4536 5415/65/4536
f 5414/65/4537 5412/65/4537 5418/65/4537 5416/65/4537
f 5415/65/4538 5416/65/4538 5418/65/4538 5417/65/4538
f 5417/65/4539 5418/65/4539 5412/65/4539 5411/65/4539
f 5411/65/4540 5413/65/4540 5415/65/4540 5417/65/4540
f 5419/66/4541 5420/66/4541 5422/66/4541 5421/66/4541
f 5421/66/4542 5422/66/4542 5424/66/4542 5423/66/4542
f 5423/66/4543 5424/66/4543 5426/66/4543 5425/66/4543
f 5425/66/4544 5426/66/4544 5428/66/4544 5427/66/4544
f 5422/66/4537 5420/66/4537 5430/66/4537 5428/66/4537 5426/66/4537 5424/66/4537
f 5427/66/4545 5428/66/4545 5430/66/4545 5429/66/4545
f 5429/66/4546 5430/66/4546 5420/66/4546 5419/66/4546
f 5419/66/4540 5421/66/4540 5423/66/4540 5425/66/4540 5427/66/4540 5429/66/4540
o Palki7
v -19.003809 0.068706 16.372166
v -18.689901 3.368008 16.047651
v -18.923431 0.068890 16.451786
v -18.609522 3.368192 16.127270
v -19.002333 0.084228 16.531404
v -18.688425 3.383530 16.206890
v -19.082712 0.084044 16.451786
v -18.768803 3.383347 16.127270
v -18.885670 2.675435 16.129459
v -18.810257 3.468048 16.051500
v -18.712320 2.668731 16.228985
v -18.636908 3.461344 16.151024
v -18.710474 2.688133 16.428032
v -18.635061 3.480746 16.350071
v -18.881977 2.714240 16.527555
v -18.806564 3.506853 16.449596
v -19.055326 2.720944 16.428032
v -18.979914 3.513557 16.350071
v -19.057173 2.701541 16.228985
v -18.981760 3.494154 16.151024
v -19.560265 0.129061 16.731644
v -19.318882 2.681240 16.889194
v -19.481081 0.116643 16.811493
v -19.239698 2.668822 16.969044
v -19.561188 0.119290 16.891342
v -19.319805 2.671469 17.048893
v -19.640371 0.131708 16.811493
v -19.398989 2.683887 16.969044
v -19.476473 1.999208 16.666107
v -19.401287 2.794154 16.715181
v -19.304615 1.976793 16.765921
v -19.229429 2.771739 16.814993
v -19.305769 1.964579 16.965544
v -19.230585 2.759525 17.014616
v -19.478783 1.974780 17.065355
v -19.403597 2.769726 17.114429
v -19.650640 1.997196 16.965544
v -19.575455 2.792142 17.014616
v -19.649485 2.009410 16.765921
v -19.574301 2.804356 16.814993
v -19.434404 0.107296 16.532593
v -19.002142 3.424457 16.196560
v -19.354040 0.104888 16.612192
v -18.921780 3.422048 16.276159
v -19.432337 0.123154 16.691792
v -19.000074 3.440314 16.355759
v -19.512699 0.125563 16.612192
v -19.080439 3.442723 16.276159
v -19.271252 2.740344 16.285156
v -19.168394 3.529664 16.205198
v -19.098206 2.727873 16.384657
v -18.995350 3.517194 16.304697
v -19.095623 2.747695 16.583654
v -18.992767 3.537016 16.503695
v -19.266085 2.779988 16.683153
v -19.163227 3.569308 16.603195
v -19.439129 2.792458 16.583654
v -19.336273 3.581779 16.503695
v -19.441711 2.772636 16.384657
v -19.338856 3.561956 16.304697
v -18.562227 0.033503 15.482265
v -18.692129 2.480297 15.374375
v -18.482527 0.041258 15.562188
v -18.612429 2.488052 15.454297
v -18.562601 0.040532 15.642110
v -18.692503 2.487326 15.534220
v -18.642302 0.032776 15.562188
v -18.772203 2.479570 15.454297
v -18.605713 1.778885 15.326033
v -18.648085 2.576987 15.290840
v -18.432985 1.792460 15.425936
v -18.475357 2.590562 15.390743
v -18.433451 1.801246 15.625742
v -18.475822 2.599348 15.590549
v -18.606646 1.796456 15.725645
v -18.649017 2.594558 15.690453
v -18.779373 1.782881 15.625742
v -18.821745 2.580982 15.590549
v -18.778908 1.774095 15.425936
v -18.821280 2.572197 15.390743
vn 0.6974 -0.1356 -0.7037
vn 0.7105 0.0016 0.7037
vn 0.0943 0.9908 -0.0975
vn -0.6974 0.1356 0.7037
vn -0.7105 -0.0016 -0.7037
vn -0.0943 -0.9908 0.0975
vn 0.4898 -0.1314 -0.8619
vn 0.9955 -0.0947 -0.0000
vn 0.5057 0.0367 0.8619
vn -0.4898 0.1314 0.8619
vn -0.9955 0.0947 -0.0000
vn -0.5057 -0.0367 -0.8619
vn 0.7080 -0.0234 -0.7058
vn 0.6999 -0.1098 0.7058
vn 0.0940 0.9937 0.0613
vn -0.7080 0.0234 0.7058
vn -0.6999 0.1098 -0.7058
vn -0.0940 -0.9937 -0.0613
vn 0.5028 0.0058 -0.8644
vn 0.9956 -0.0942 -0.0000
vn 0.4928 -0.1000 0.8644
vn -0.5028 -0.0058 0.8644
vn -0.9956 0.0942 -0.0000
vn -0.4928 0.1000 -0.8644
vn 0.6920 -0.1615 -0.7036
vn 0.7103 -0.0213 0.7036
vn 0.1286 0.9867 -0.0999
vn -0.6920 0.1615 0.7036
vn -0.7103 0.0213 -0.7036
vn -0.1286 -0.9867 0.0999
vn 0.4846 -0.1504 -0.8617
vn 0.9916 -0.1292 -0.0000
vn 0.5070 0.0212 0.8617
vn -0.4846 0.1504 0.8617
vn -0.9916 0.1292 -0.0000
vn -0.5070 -0.0212 -0.8617
vn 0.7078 0.0064 -0.7064
vn 0.7045 0.0685 0.7064
vn -0.0530 0.9976 -0.0440
vn -0.7078 -0.0064 0.7064
vn -0.7045 -0.0685 -0.7064
vn 0.0530 -0.9976 0.0440
vn 0.5013 -0.0115 -0.8652
vn 0.9986 0.0530 -0.0000
vn 0.4973 0.0646 0.8652
vn -0.5013 0.0115 0.8652
vn -0.9986 -0.0530 -0.0000
vn -0.4973 -0.0646 -0.8652
vt 0.562500 0.437500
vt 0.437500 0.437500
s 0
usemtl Paleta
f 5431/67/4547 5432/67/4547 5434/67/4547 5433/67/4547
f 5433/67/4548 5434/67/4548 5436/67/4548 5435/67/4548
f 5434/67/4549 5432/67/4549 5438/67/4549 5436/67/4549
f 5435/67/4550 5436/67/4550 5438/67/4550 5437/67/4550
f 5437/67/4551 5438/67/4551 5432/67/4551 5431/67/4551
f 5431/67/4552 5433/67/4552 5435/67/4552 5437/67/4552
f 5439/68/4553 5440/68/4553 5442/68/4553 5441/68/4553
f 5441/68/4554 5442/68/4554 5444/68/4554 5443/68/4554
f 5443/68/4555 5444/68/4555 5446/68/4555 5445/68/4555
f 5445/68/4556 5446/68/4556 5448/68/4556 5447/68/4556
f 5442/68/4549 5440/68/4549 5450/68/4549 5448/68/4549 5446/68/4549 5444/68/4549
f 5447/68/4557 5448/68/4557 5450/68/4557 5449/68/4557
f 5449/68/4558 5450/68/4558 5440/68/4558 5439/68/4558
f 5439/68/4552 5441/68/4552 5443/68/4552 5445/68/4552 5447/68/4552 5449/68/4552
f 5451/67/4559 5452/67/4559 5454/67/4559 5453/67/4559
f 5453/67/4560 5454/67/4560 5456/67/4560 5455/67/4560
f 5454/67/4561 5452/67/4561 5458/67/4561 5456/67/4561
f 5455/67/4562 5456/67/4562 5458/67/4562 5457/67/4562
f 5457/67/4563 5458/67/4563 5452/67/4563 5451/67/4563
f 5451/67/4564 5453/67/4564 5455/67/4564 5457/67/4564
f 5459/68/4565 5460/68/4565 5462/68/4565 5461/68/4565
f 5461/68/4566 5462/68/4566 5464/68/4566 5463/68/4566
f 5463/68/4567 5464/68/4567 5466/68/4567 5465/68/4567
f 5465/68/4568 5466/68/4568 5468/68/4568 5467/68/4568
f 5462/68/4561 5460/68/4561 5470/68/4561 5468/68/4561 5466/68/4561 5464/68/4561
f 5467/68/4569 5468/68/4569 5470/68/4569 5469/68/4569
f 5469/68/4570 5470/68/4570 5460/68/4570 5459/68/4570
f 5459/68/4564 5461/68/4564 5463/68/4564 5465/68/4564 5467/68/4564 5469/68/4564
f 5471/67/4571 5472/67/4571 5474/67/4571 5473/67/4571
f 5473/67/4572 5474/67/4572 5476/67/4572 5475/67/4572
f 5474/67/4573 5472/67/4573 5478/67/4573 5476/67/4573
f 5475/67/4574 5476/67/4574 5478/67/4574 5477/67/4574
f 5477/67/4575 5478/67/4575 5472/67/4575 5471/67/4575
f 5471/67/4576 5473/67/4576 5475/67/4576 5477/67/4576
f 5479/68/4577 5480/68/4577 5482/68/4577 5481/68/4577
f 5481/68/4578 5482/68/4578 5484/68/4578 5483/68/4578
f 5483/68/4579 5484/68/4579 5486/68/4579 5485/68/4579
f 5485/68/4580 5486/68/4580 5488/68/4580 5487/68/4580
f 5482/68/4573 5480/68/4573 5490/68/4573 5488/68/4573 5486/68/4573 5484/68/4573
f 5487/68/4581 5488/68/4581 5490/68/4581 5489/68/4581
f 5489/68/4582 5490/68/4582 5480/68/4582 5479/68/4582
f 5479/68/4576 5481/68/4576 5483/68/4576 5485/68/4576 5487/68/4576 5489/68/4576
f 5491/67/4583 5492/67/4583 5494/67/4583 5493/67/4583
f 5493/67/4584 5494/67/4584 5496/67/4584 5495/67/4584
f 5494/67/4585 5492/67/4585 5498/67/4585 5496/67/4585
f 5495/67/4586 5496/67/4586 5498/67/4586 5497/67/4586
f 5497/67/4587 5498/67/4587 5492/67/4587 5491/67/4587
f 5491/67/4588 5493/67/4588 5495/67/4588 5497/67/4588
f 5499/68/4589 5500/68/4589 5502/68/4589 5501/68/4589
f 5501/68/4590 5502/68/4590 5504/68/4590 5503/68/4590
f 5503/68/4591 5504/68/4591 5506/68/4591 5505/68/4591
f 5505/68/4592 5506/68/4592 5508/68/4592 5507/68/4592
f 5502/68/4585 5500/68/4585 5510/68/4585 5508/68/4585 5506/68/4585 5504/68/4585
f 5507/68/4593 5508/68/4593 5510/68/4593 5509/68/4593
f 5509/68/4594 5510/68/4594 5500/68/4594 5499/68/4594
f 5499/68/4588 5501/68/4588 5503/68/4588 5505/68/4588 5507/68/4588 5509/68/4588
o Palki8
v -4.594465 -0.698791 21.772860
v -4.418730 1.514565 21.685905
v -4.514468 -0.702002 21.852798
v -4.338733 1.511354 21.765842
v -4.593969 -0.692549 21.932735
v -4.418234 1.520806 21.845781
v -4.673966 -0.689338 21.852798
v -4.498231 1.524017 21.765842
v -4.538604 0.815778 21.625128
v -4.475334 1.612657 21.593821
v -4.365633 0.805970 21.725050
v -4.302362 1.602849 21.693745
v -4.365013 0.813772 21.924896
v -4.301743 1.610651 21.893591
v -4.537365 0.831382 22.024820
v -4.474095 1.628261 21.993513
v -4.710337 0.841190 21.924896
v -4.647067 1.638069 21.893591
v -4.710956 0.833387 21.725050
v -4.647686 1.630267 21.693745
v -4.054493 -0.693567 22.308569
v -3.789829 2.158875 21.980211
v -3.973993 -0.691887 22.388048
v -3.709330 2.160555 22.059690
v -4.052809 -0.675424 22.467527
v -3.788146 2.177018 22.139170
v -4.133309 -0.677104 22.388048
v -3.868645 2.175338 22.059690
v -3.960138 1.465075 22.070721
v -3.886708 2.256471 21.979620
v -3.786622 1.460411 22.170071
v -3.713192 2.251808 22.078970
v -3.784518 1.483089 22.368769
v -3.711088 2.274486 22.277668
v -3.955930 1.510430 22.468119
v -3.882500 2.301827 22.377018
v -4.129447 1.515094 22.368769
v -4.056016 2.306490 22.277668
v -4.131550 1.492416 22.170071
v -4.058121 2.283812 22.078970
v -3.778064 -0.687840 22.329767
v -3.782727 2.288246 22.582926
v -3.698054 -0.694495 22.409479
v -3.702717 2.281591 22.662638
v -3.778043 -0.701401 22.489191
v -3.782706 2.274685 22.742350
v -3.858054 -0.694746 22.409479
v -3.862717 2.281340 22.662638
v -3.779787 1.605233 22.302876
v -3.781036 2.402353 22.370682
v -3.606569 1.597028 22.402515
v -3.607818 2.394149 22.470322
v -3.606543 1.580077 22.601795
v -3.607792 2.377197 22.669601
v -3.779734 1.571329 22.701435
v -3.780983 2.368450 22.769241
v -3.952952 1.579534 22.601795
v -3.954201 2.376654 22.669601
v -3.952979 1.596486 22.402515
v -3.954228 2.393606 22.470322
vn 0.7027 -0.0836 -0.7066
vn 0.7071 -0.0284 0.7066
vn 0.0791 0.9961 -0.0391
vn -0.7027 0.0836 0.7066
vn -0.7071 0.0284 -0.7066
vn -0.0791 -0.9961 0.0391
vn 0.4957 -0.0734 -0.8654
vn 0.9969 -0.0791 -0.0000
vn 0.5011 -0.0058 0.8654
vn -0.4957 0.0734 0.8654
vn -0.9969 0.0791 -0.0000
vn -0.5011 0.0058 -0.8654
vn 0.6966 -0.1455 -0.7025
vn 0.7115 0.0149 0.7025
vn 0.0918 0.9892 -0.1139
vn -0.6966 0.1455 0.7025
vn -0.7115 -0.0149 -0.7025
vn -0.0918 -0.9892 0.1139
vn 0.4888 -0.1444 -0.8604
vn 0.9957 -0.0924 -0.0000
vn 0.5070 0.0520 0.8604
vn -0.4888 0.1444 0.8604
vn -0.9957 0.0924 -0.0000
vn -0.5070 -0.0520 -0.8604
vn 0.7070 0.0610 -0.7046
vn 0.7072 -0.0588 0.7046
vn -0.0016 0.9964 0.0848
vn -0.7070 -0.0610 0.7046
vn -0.7072 0.0588 -0.7046
vn 0.0016 -0.9964 -0.0848
vn 0.4999 0.0742 -0.8629
vn 1.0000 0.0016 -0.0000
vn 0.5001 -0.0726 0.8629
vn -0.4999 -0.0742 0.8629
vn -1.0000 -0.0016 -0.0000
vn -0.5001 0.0726 -0.8629
vt 0.562500 0.437500
vt 0.437500 0.437500
s 0
usemtl Paleta
f 5511/69/4595 5512/69/4595 5514/69/4595 5513/69/4595
f 5513/69/4596 5514/69/4596 5516/69/4596 5515/69/4596
f 5514/69/4597 5512/69/4597 5518/69/4597 5516/69/4597
f 5515/69/4598 5516/69/4598 5518/69/4598 5517/69/4598
f 5517/69/4599 5518/69/4599 5512/69/4599 5511/69/4599
f 5511/69/4600 5513/69/4600 5515/69/4600 5517/69/4600
f 5519/70/4601 5520/70/4601 5522/70/4601 5521/70/4601
f 5521/70/4602 5522/70/4602 5524/70/4602 5523/70/4602
f 5523/70/4603 5524/70/4603 5526/70/4603 5525/70/4603
f 5525/70/4604 5526/70/4604 5528/70/4604 5527/70/4604
f 5522/70/4597 5520/70/4597 5530/70/4597 5528/70/4597 5526/70/4597 5524/70/4597
f 5527/70/4605 5528/70/4605 5530/70/4605 5529/70/4605
f 5529/70/4606 5530/70/4606 5520/70/4606 5519/70/4606
f 5519/70/4600 5521/70/4600 5523/70/4600 5525/70/4600 5527/70/4600 5529/70/4600
f 5531/69/4607 5532/69/4607 5534/69/4607 5533/69/4607
f 5533/69/4608 5534/69/4608 5536/69/4608 5535/69/4608
f 5534/69/4609 5532/69/4609 5538/69/4609 5536/69/4609
f 5535/69/4610 5536/69/4610 5538/69/4610 5537/69/4610
f 5537/69/4611 5538/69/4611 5532/69/4611 5531/69/4611
f 5531/69/4612 5533/69/4612 5535/69/4612 5537/69/4612
f 5539/70/4613 5540/70/4613 5542/70/4613 5541/70/4613
f 5541/70/4614 5542/70/4614 5544/70/4614 5543/70/4614
f 5543/70/4615 5544/70/4615 5546/70/4615 5545/70/4615
f 5545/70/4616 5546/70/4616 5548/70/4616 5547/70/4616
f 5542/70/4609 5540/70/4609 5550/70/4609 5548/70/4609 5546/70/4609 5544/70/4609
f 5547/70/4617 5548/70/4617 5550/70/4617 5549/70/4617
f 5549/70/4618 5550/70/4618 5540/70/4618 5539/70/4618
f 5539/70/4612 5541/70/4612 5543/70/4612 5545/70/4612 5547/70/4612 5549/70/4612
f 5551/69/4619 5552/69/4619 5554/69/4619 5553/69/4619
f 5553/69/4620 5554/69/4620 5556/69/4620 5555/69/4620
f 5554/69/4621 5552/69/4621 5558/69/4621 5556/69/4621
f 5555/69/4622 5556/69/4622 5558/69/4622 5557/69/4622
f 5557/69/4623 5558/69/4623 5552/69/4623 5551/69/4623
f 5551/69/4624 5553/69/4624 5555/69/4624 5557/69/4624
f 5559/70/4625 5560/70/4625 5562/70/4625 5561/70/4625
f 5561/70/4626 5562/70/4626 5564/70/4626 5563/70/4626
f 5563/70/4627 5564/70/4627 5566/70/4627 5565/70/4627
f 5565/70/4628 5566/70/4628 5568/70/4628 5567/70/4628
f 5562/70/4621 5560/70/4621 5570/70/4621 5568/70/4621 5566/70/4621 5564/70/4621
f 5567/70/4629 5568/70/4629 5570/70/4629 5569/70/4629
f 5569/70/4630 5570/70/4630 5560/70/4630 5559/70/4630
f 5559/70/4624 5561/70/4624 5563/70/4624 5565/70/4624 5567/70/4624 5569/70/4624
o Palki9
v 6.535127 -0.691212 23.021271
v 6.687027 2.313319 22.777451
v 6.615351 -0.688797 23.101009
v 6.767251 2.315734 22.857189
v 6.535779 -0.678303 23.180748
v 6.687679 2.326228 22.936928
v 6.455555 -0.680718 23.101009
v 6.607455 2.323813 22.857189
v 6.590456 1.612305 22.812065
v 6.630718 2.408673 22.747440
v 6.763848 1.611627 22.911739
v 6.804110 2.407995 22.847113
v 6.764664 1.627763 23.111086
v 6.804926 2.424131 23.046459
v 6.592088 1.644577 23.210758
v 6.632349 2.440945 23.146133
v 6.418696 1.645254 23.111086
v 6.458958 2.441622 23.046459
v 6.417880 1.629118 22.911739
v 6.458142 2.425486 22.847113
v 6.674288 -0.459247 23.547836
v 6.327633 2.687721 23.763676
v 6.754403 -0.455897 23.627651
v 6.407748 2.691072 23.843491
v 6.675479 -0.470065 23.707466
v 6.328825 2.676904 23.923306
v 6.595365 -0.473415 23.627651
v 6.248710 2.673553 23.843491
v 6.543763 2.012352 23.508827
v 6.456371 2.805701 23.563240
v 6.716671 2.024556 23.608597
v 6.629280 2.817905 23.663010
v 6.718161 2.011035 23.808132
v 6.630769 2.804383 23.862545
v 6.546741 1.985309 23.907902
v 6.459350 2.778658 23.962315
v 6.373833 1.973105 23.808132
v 6.286442 2.766454 23.862545
v 6.372344 1.986627 23.608597
v 6.284952 2.779975 23.663010
v 6.579241 -0.693697 22.256361
v 6.825279 2.747141 22.324320
v 6.658925 -0.700975 22.336346
v 6.904963 2.739864 22.404305
v 6.579016 -0.696840 22.416330
v 6.825054 2.743998 22.484289
v 6.499332 -0.689563 22.336346
v 6.745370 2.751275 22.404305
v 6.673905 2.055322 22.162485
v 6.730952 2.853130 22.178242
v 6.846529 2.041004 22.262466
v 6.903575 2.838812 22.278223
v 6.846247 2.037075 22.462427
v 6.903295 2.834882 22.478184
v 6.673343 2.047464 22.562408
v 6.730390 2.845271 22.578165
v 6.500720 2.061782 22.462427
v 6.557766 2.859590 22.478184
v 6.501000 2.065711 22.262466
v 6.558048 2.863519 22.278223
v 5.773083 -0.634277 22.692724
v 5.495193 2.839172 22.979963
v 5.853352 -0.634448 22.772453
v 5.575462 2.839001 23.059692
v 5.774131 -0.647379 22.852182
v 5.496242 2.826069 23.139421
v 5.693862 -0.647208 22.772453
v 5.415972 2.826241 23.059692
v 5.665143 2.163080 22.683887
v 5.601560 2.957836 22.749611
v 5.838452 2.168704 22.783550
v 5.774868 2.963460 22.849272
v 5.839763 2.152325 22.982874
v 5.776179 2.947082 23.048595
v 5.667764 2.130323 23.082535
v 5.604181 2.925079 23.148258
v 5.494456 2.124699 22.982874
v 5.430872 2.919456 23.048595
v 5.493145 2.141078 22.783550
v 5.429562 2.935834 22.849272
v 5.721549 -0.617299 23.034016
v 5.796489 1.642939 23.001572
v 5.801542 -0.618804 23.114008
v 5.876483 1.641435 23.081564
v 5.721624 -0.615006 23.194000
v 5.796565 1.645233 23.161556
v 5.641630 -0.613502 23.114008
v 5.716571 1.646737 23.081564
v 5.745708 0.942217 22.903543
v 5.772215 1.741695 22.892069
v 5.918865 0.937911 23.003534
v 5.945373 1.737390 22.992058
v 5.918961 0.940778 23.203514
v 5.945468 1.740257 23.192038
v 5.745898 0.947952 23.303503
v 5.772406 1.747430 23.292027
v 5.572741 0.952258 23.203514
v 5.599248 1.751736 23.192038
v 5.572645 0.949390 23.003534
v 5.599153 1.748869 22.992058
vn 0.7033 -0.0928 -0.7048
vn 0.7091 0.0213 0.7048
vn 0.0503 0.9955 -0.0808
vn -0.7033 0.0928 0.7048
vn -0.7091 -0.0213 -0.7048
vn -0.0503 -0.9955 0.0808
vn 0.4958 -0.0951 -0.8632
vn 0.9987 -0.0505 -0.0000
vn 0.5029 0.0446 0.8632
vn -0.4958 0.0951 0.8632
vn -0.9987 0.0505 -0.0000
vn -0.5029 -0.0446 -0.8632
vn 0.6976 0.1252 -0.7055
vn 0.7081 0.0296 0.7055
vn -0.1092 0.9917 0.0680
vn -0.6976 -0.1252 0.7055
vn -0.7081 -0.0296 -0.7055
vn 0.1092 -0.9917 -0.0680
vn 0.4905 0.1133 -0.8640
vn 0.9940 0.1095 -0.0000
vn 0.5034 -0.0038 0.8640
vn -0.4905 -0.1133 0.8640
vn -0.9940 -0.1095 -0.0000
vn -0.5034 0.0038 -0.8640
vn 0.7063 -0.0365 -0.7070
vn 0.7043 -0.0643 0.7070
vn 0.0713 0.9973 0.0197
vn -0.7063 0.0365 0.7070
vn -0.7043 0.0643 -0.7070
vn -0.0713 -0.9973 -0.0197
vn 0.4999 -0.0186 -0.8659
vn 0.9975 -0.0713 -0.0000
vn 0.4975 -0.0527 0.8659
vn -0.4999 0.0186 0.8659
vn -0.9975 0.0713 -0.0000
vn -0.4975 0.0527 -0.8659
vn 0.7002 0.1143 -0.7047
vn 0.7095 -0.0015 0.7047
vn -0.0795 0.9934 0.0822
vn -0.7002 -0.1143 0.7047
vn -0.7095 0.0015 -0.7047
vn 0.0795 -0.9934 -0.0822
vn 0.4927 0.1108 -0.8631
vn 0.9968 0.0797 -0.0000
vn 0.5041 -0.0310 0.8631
vn -0.4927 -0.1108 0.8631
vn -0.9968 -0.0797 -0.0000
vn -0.5041 0.0310 -0.8631
vn 0.7064 -0.0336 -0.7070
vn 0.7071 -0.0133 0.7070
vn 0.0331 0.9993 -0.0143
vn -0.7064 0.0336 0.7070
vn -0.7071 0.0133 -0.7070
vn -0.0331 -0.9993 0.0143
vn 0.4993 -0.0290 -0.8659
vn 0.9995 -0.0331 -0.0000
vn 0.5001 -0.0042 0.8659
vn -0.4993 0.0290 0.8659
vn -0.9995 0.0331 -0.0000
vn -0.5001 0.0042 -0.8659
vt 0.562500 0.437500
vt 0.437500 0.437500
s 0
usemtl Paleta
f 5571/71/4631 5572/71/4631 5574/71/4631 5573/71/4631
f 5573/71/4632 5574/71/4632 5576/71/4632 5575/71/4632
f 5574/71/4633 5572/71/4633 5578/71/4633 5576/71/4633
f 5575/71/4634 5576/71/4634 5578/71/4634 5577/71/4634
f 5577/71/4635 5578/71/4635 5572/71/4635 5571/71/4635
f 5571/71/4636 5573/71/4636 5575/71/4636 5577/71/4636
f 5579/72/4637 5580/72/4637 5582/72/4637 5581/72/4637
f 5581/72/4638 5582/72/4638 5584/72/4638 5583/72/4638
f 5583/72/4639 5584/72/4639 5586/72/4639 5585/72/4639
f 5585/72/4640 5586/72/4640 5588/72/4640 5587/72/4640
f 5582/72/4633 5580/72/4633 5590/72/4633 5588/72/4633 5586/72/4633 5584/72/4633
f 5587/72/4641 5588/72/4641 5590/72/4641 5589/72/4641
f 5589/72/4642 5590/72/4642 5580/72/4642 5579/72/4642
f 5579/72/4636 5581/72/4636 5583/72/4636 5585/72/4636 5587/72/4636 5589/72/4636
f 5591/71/4643 5592/71/4643 5594/71/4643 5593/71/4643
f 5593/71/4644 5594/71/4644 5596/71/4644 5595/71/4644
f 5594/71/4645 5592/71/4645 5598/71/4645 5596/71/4645
f 5595/71/4646 5596/71/4646 5598/71/4646 5597/71/4646
f 5597/71/4647 5598/71/4647 5592/71/4647 5591/71/4647
f 5591/71/4648 5593/71/4648 5595/71/4648 5597/71/4648
f 5599/72/4649 5600/72/4649 5602/72/4649 5601/72/4649
f 5601/72/4650 5602/72/4650 5604/72/4650 5603/72/4650
f 5603/72/4651 5604/72/4651 5606/72/4651 5605/72/4651
f 5605/72/4652 5606/72/4652 5608/72/4652 5607/72/4652
f 5602/72/4645 5600/72/4645 5610/72/4645 5608/72/4645 5606/72/4645 5604/72/4645
f 5607/72/4653 5608/72/4653 5610/72/4653 5609/72/4653
f 5609/72/4654 5610/72/4654 5600/72/4654 5599/72/4654
f 5599/72/4648 5601/72/4648 5603/72/4648 5605/72/4648 5607/72/4648 5609/72/4648
f 5611/71/4655 5612/71/4655 5614/71/4655 5613/71/4655
f 5613/71/4656 5614/71/4656 5616/71/4656 5615/71/4656
f 5614/71/4657 5612/71/4657 5618/71/4657 5616/71/4657
f 5615/71/4658 5616/71/4658 5618/71/4658 5617/71/4658
f 5617/71/4659 5618/71/4659 5612/71/4659 5611/71/4659
f 5611/71/4660 5613/71/4660 5615/71/4660 5617/71/4660
f 5619/72/4661 5620/72/4661 5622/72/4661 5621/72/4661
f 5621/72/4662 5622/72/4662 5624/72/4662 5623/72/4662
f 5623/72/4663 5624/72/4663 5626/72/4663 5625/72/4663
f 5625/72/4664 5626/72/4664 5628/72/4664 5627/72/4664
f 5622/72/4657 5620/72/4657 5630/72/4657 5628/72/4657 5626/72/4657 5624/72/4657
f 5627/72/4665 5628/72/4665 5630/72/4665 5629/72/4665
f 5629/72/4666 5630/72/4666 5620/72/4666 5619/72/4666
f 5619/72/4660 5621/72/4660 5623/72/4660 5625/72/4660 5627/72/4660 5629/72/4660
f 5631/71/4667 5632/71/4667 5634/71/4667 5633/71/4667
f 5633/71/4668 5634/71/4668 5636/71/4668 5635/71/4668
f 5634/71/4669 5632/71/4669 5638/71/4669 5636/71/4669
f 5635/71/4670 5636/71/4670 5638/71/4670 5637/71/4670
f 5637/71/4671 5638/71/4671 5632/71/4671 5631/71/4671
f 5631/71/4672 5633/71/4672 5635/71/4672 5637/71/4672
f 5639/72/4673 5640/72/4673 5642/72/4673 5641/72/4673
f 5641/72/4674 5642/72/4674 5644/72/4674 5643/72/4674
f 5643/72/4675 5644/72/4675 5646/72/4675 5645/72/4675
f 5645/72/4676 5646/72/4676 5648/72/4676 5647/72/4676
f 5642/72/4669 5640/72/4669 5650/72/4669 5648/72/4669 5646/72/4669 5644/72/4669
f 5647/72/4677 5648/72/4677 5650/72/4677 5649/72/4677
f 5649/72/4678 5650/72/4678 5640/72/4678 5639/72/4678
f 5639/72/4672 5641/72/4672 5643/72/4672 5645/72/4672 5647/72/4672 5649/72/4672
f 5651/71/4679 5652/71/4679 5654/71/4679 5653/71/4679
f 5653/71/4680 5654/71/4680 5656/71/4680 5655/71/4680
f 5654/71/4681 5652/71/4681 5658/71/4681 5656/71/4681
f 5655/71/4682 5656/71/4682 5658/71/4682 5657/71/4682
f 5657/71/4683 5658/71/4683 5652/71/4683 5651/71/4683
f 5651/71/4684 5653/71/4684 5655/71/4684 5657/71/4684
f 5659/72/4685 5660/72/4685 5662/72/4685 5661/72/4685
f 5661/72/4686 5662/72/4686 5664/72/4686 5663/72/4686
f 5663/72/4687 5664/72/4687 5666/72/4687 5665/72/4687
f 5665/72/4688 5666/72/4688 5668/72/4688 5667/72/4688
f 5662/72/4681 5660/72/4681 5670/72/4681 5668/72/4681 5666/72/4681 5664/72/4681
f 5667/72/4689 5668/72/4689 5670/72/4689 5669/72/4689
f 5669/72/4690 5670/72/4690 5660/72/4690 5659/72/4690
f 5659/72/4684 5661/72/4684 5663/72/4684 5665/72/4684 5667/72/4684 5669/72/4684
o Palki10
v 15.784039 -0.195565 18.614157
v 15.673989 2.701477 18.625898
v 15.863994 -0.192852 18.694157
v 15.753944 2.704190 18.705898
v 15.784064 -0.196212 18.774157
v 15.674014 2.700830 18.785898
v 15.704109 -0.198925 18.694157
v 15.594060 2.698116 18.705898
v 15.744180 2.003311 18.498409
v 15.713813 2.802728 18.501650
v 15.917275 2.009481 18.598408
v 15.886908 2.808898 18.601648
v 15.917306 2.008671 18.798407
v 15.886939 2.808088 18.801647
v 15.744241 2.001692 18.898405
v 15.713874 2.801109 18.901646
v 15.571146 1.995522 18.798407
v 15.540778 2.794939 18.801647
v 15.571115 1.996331 18.598408
v 15.540748 2.795748 18.601648
v 15.121718 -0.442310 18.172897
v 15.595275 3.096680 18.299500
v 15.200636 -0.455730 18.252848
v 15.674192 3.083260 18.379450
v 15.120967 -0.447930 18.332798
v 15.594523 3.091060 18.459400
v 15.042049 -0.434510 18.252848
v 15.515606 3.104481 18.379450
v 15.306043 2.421571 18.102100
v 15.412079 3.214005 18.130449
v 15.477247 2.395086 18.202038
v 15.583284 3.187521 18.230385
v 15.476308 2.388062 18.401913
v 15.582344 3.180497 18.430260
v 15.304163 2.407522 18.501848
v 15.410199 3.199956 18.530197
v 15.132957 2.434006 18.401913
v 15.238995 3.226441 18.430260
v 15.133898 2.441031 18.202038
v 15.239934 3.233465 18.230385
v 15.983704 -0.089878 18.738783
v 16.072834 3.186885 18.629929
v 16.063745 -0.089400 18.818739
v 16.152878 3.187364 18.709883
v 15.983848 -0.084570 18.898693
v 16.072979 3.192194 18.789839
v 15.903806 -0.085049 18.818739
v 15.992936 3.191715 18.709883
v 16.017290 2.484782 18.577698
v 16.039032 3.284045 18.551146
v 16.190521 2.483390 18.677641
v 16.212263 3.282653 18.651091
v 16.190702 2.490025 18.877531
v 16.212442 3.289289 18.850981
v 16.017651 2.498053 18.977476
v 16.039392 3.297316 18.950924
v 15.844420 2.499444 18.877531
v 15.866161 3.298708 18.850981
v 15.844239 2.492809 18.677641
v 15.865980 3.292073 18.651091
vn 0.7065 0.0297 -0.7071
vn 0.7067 0.0240 0.7071
vn -0.0380 0.9993 0.0041
vn -0.7065 -0.0297 0.7071
vn -0.7067 -0.0240 -0.7071
vn 0.0380 -0.9993 -0.0041
vn 0.4995 0.0225 -0.8660
vn 0.9993 0.0380 -0.0000
vn 0.4998 0.0155 0.8660
vn -0.4995 -0.0225 0.8660
vn -0.0380 0.9993 0.0040
vn -0.9993 -0.0380 -0.0000
vn -0.4998 -0.0155 -0.8660
vn 0.0380 -0.9993 -0.0040
vn 0.7042 -0.0689 -0.7067
vn 0.6975 -0.1186 0.7067
vn 0.1325 0.9905 0.0354
vn -0.7042 0.0689 0.7067
vn -0.6975 0.1186 -0.7067
vn -0.1325 -0.9905 -0.0354
vn 0.4997 -0.0359 -0.8655
vn 0.9912 -0.1326 -0.0000
vn 0.4915 -0.0967 0.8655
vn -0.4997 0.0359 0.8655
vn -0.9912 0.1326 -0.0000
vn -0.4915 0.0967 -0.8655
vn 0.7062 -0.0427 -0.7067
vn 0.7075 0.0042 0.7067
vn 0.0272 0.9991 -0.0332
vn -0.7062 0.0427 0.7067
vn -0.7075 -0.0042 -0.7067
vn -0.0272 -0.9991 0.0332
vn 0.4990 -0.0423 -0.8655
vn 0.9996 -0.0272 -0.0000
vn 0.5006 0.0151 0.8655
vn -0.4990 0.0423 0.8655
vn -0.9996 0.0272 -0.0000
vn -0.5006 -0.0151 -0.8655
vt 0.562500 0.437500
vt 0.437500 0.437500
s 0
usemtl Paleta
f 5671/73/4691 5672/73/4691 5674/73/4691 5673/73/4691
f 5673/73/4692 5674/73/4692 5676/73/4692 5675/73/4692
f 5674/73/4693 5672/73/4693 5678/73/4693 5676/73/4693
f 5675/73/4694 5676/73/4694 5678/73/4694 5677/73/4694
f 5677/73/4695 5678/73/4695 5672/73/4695 5671/73/4695
f 5671/73/4696 5673/73/4696 5675/73/4696 5677/73/4696
f 5679/74/4697 5680/74/4697 5682/74/4697 5681/74/4697
f 5681/74/4698 5682/74/4698 5684/74/4698 5683/74/4698
f 5683/74/4699 5684/74/4699 5686/74/4699 5685/74/4699
f 5685/74/4700 5686/74/4700 5688/74/4700 5687/74/4700
f 5682/74/4701 5680/74/4701 5690/74/4701 5688/74/4701 5686/74/4701 5684/74/4701
f 5687/74/4702 5688/74/4702 5690/74/4702 5689/74/4702
f 5689/74/4703 5690/74/4703 5680/74/4703 5679/74/4703
f 5679/74/4704 5681/74/4704 5683/74/4704 5685/74/4704 5687/74/4704 5689/74/4704
f 5691/73/4705 5692/73/4705 5694/73/4705 5693/73/4705
f 5693/73/4706 5694/73/4706 5696/73/4706 5695/73/4706
f 5694/73/4707 5692/73/4707 5698/73/4707 5696/73/4707
f 5695/73/4708 5696/73/4708 5698/73/4708 5697/73/4708
f 5697/73/4709 5698/73/4709 5692/73/4709 5691/73/4709
f 5691/73/4710 5693/73/4710 5695/73/4710 5697/73/4710
f 5699/74/4711 5700/74/4711 5702/74/4711 5701/74/4711
f 5701/74/4712 5702/74/4712 5704/74/4712 5703/74/4712
f 5703/74/4713 5704/74/4713 5706/74/4713 5705/74/4713
f 5705/74/4714 5706/74/4714 5708/74/4714 5707/74/4714
f 5702/74/4707 5700/74/4707 5710/74/4707 5708/74/4707 5706/74/4707 5704/74/4707
f 5707/74/4715 5708/74/4715 5710/74/4715 5709/74/4715
f 5709/74/4716 5710/74/4716 5700/74/4716 5699/74/4716
f 5699/74/4710 5701/74/4710 5703/74/4710 5705/74/4710 5707/74/4710 5709/74/4710
f 5711/73/4717 5712/73/4717 5714/73/4717 5713/73/4717
f 5713/73/4718 5714/73/4718 5716/73/4718 5715/73/4718
f 5714/73/4719 5712/73/4719 5718/73/4719 5716/73/4719
f 5715/73/4720 5716/73/4720 5718/73/4720 5717/73/4720
f 5717/73/4721 5718/73/4721 5712/73/4721 5711/73/4721
f 5711/73/4722 5713/73/4722 5715/73/4722 5717/73/4722
f 5719/74/4723 5720/74/4723 5722/74/4723 5721/74/4723
f 5721/74/4724 5722/74/4724 5724/74/4724 5723/74/4724
f 5723/74/4725 5724/74/4725 5726/74/4725 5725/74/4725
f 5725/74/4726 5726/74/4726 5728/74/4726 5727/74/4726
f 5722/74/4719 5720/74/4719 5730/74/4719 5728/74/4719 5726/74/4719 5724/74/4719
f 5727/74/4727 5728/74/4727 5730/74/4727 5729/74/4727
f 5729/74/4728 5730/74/4728 5720/74/4728 5719/74/4728
f 5719/74/4722 5721/74/4722 5723/74/4722 5725/74/4722 5727/74/4722 5729/74/4722
o Palki11
v 23.745113 -0.023403 6.132711
v 23.825333 3.331873 6.457809
v 23.824905 -0.033026 6.212339
v 23.905125 3.322250 6.537436
v 23.744743 -0.038825 6.291966
v 23.824963 3.316451 6.617064
v 23.664951 -0.029202 6.212339
v 23.745171 3.326074 6.537436
v 23.775982 2.653750 6.137254
v 23.795015 3.449796 6.214384
v 23.948908 2.639971 6.236788
v 23.967939 3.436017 6.313918
v 23.948446 2.620695 6.435857
v 23.967480 3.416740 6.512987
v 23.775061 2.615196 6.535391
v 23.794094 3.411242 6.612521
v 23.602137 2.628974 6.435857
v 23.621168 3.425020 6.512987
v 23.602596 2.648251 6.236788
v 23.621630 3.444297 6.313918
v 24.185671 0.042583 6.505941
v 23.850033 2.538422 6.372266
v 24.264393 0.057448 6.585828
v 23.928753 2.553287 6.452154
v 24.184540 0.050988 6.665716
v 23.848902 2.546827 6.532041
v 24.105820 0.036123 6.585828
v 23.770180 2.531962 6.452154
v 24.071936 1.849250 6.340475
v 23.965462 2.640998 6.298069
v 24.242889 1.877588 6.440334
v 24.136415 2.669336 6.397929
v 24.241476 1.888095 6.640053
v 24.135002 2.679843 6.597648
v 24.069111 1.870263 6.739913
v 23.962637 2.662012 6.697507
v 23.898157 1.841925 6.640053
v 23.791683 2.633673 6.597648
v 23.899570 1.831419 6.440334
v 23.793097 2.623167 6.397929
v 22.954216 -0.410972 6.174818
v 22.942842 2.859186 6.324727
v 23.034227 -0.414358 6.254734
v 23.022854 2.855801 6.404643
v 22.954241 -0.418299 6.334650
v 22.942867 2.851859 6.484559
v 22.874229 -0.414914 6.254734
v 22.862856 2.855244 6.404643
v 22.949900 2.166830 6.111581
v 22.947121 2.965986 6.148216
v 23.123119 2.162853 6.211476
v 23.120340 2.962009 6.248111
v 23.123152 2.153695 6.411266
v 23.120373 2.952851 6.447901
v 22.949963 2.148513 6.511161
v 22.947184 2.947669 6.547796
v 22.776743 2.152490 6.411266
v 22.773964 2.951646 6.447901
v 22.776711 2.161649 6.211476
v 22.773932 2.960804 6.248111
v 23.300627 -0.178511 6.017385
v 23.600582 3.315455 5.767037
v 23.380819 -0.179678 6.097182
v 23.680777 3.314288 5.846834
v 23.301601 -0.167159 6.176979
v 23.601557 3.326807 5.926631
v 23.221407 -0.165992 6.097182
v 23.521364 3.327974 5.846834
v 23.415747 2.620308 5.800999
v 23.484001 3.415352 5.744033
v 23.588926 2.612587 5.900745
v 23.657181 3.407632 5.843779
v 23.590143 2.626776 6.100237
v 23.658398 3.421821 6.043271
v 23.418182 2.648686 6.199984
v 23.486437 3.443731 6.143017
v 23.245003 2.656407 6.100237
v 23.313257 3.451452 6.043271
v 23.243786 2.642217 5.900745
v 23.312040 3.437262 5.843779
vn 0.7085 0.0513 -0.7038
vn 0.7053 -0.0851 0.7038
vn 0.0238 0.9951 0.0964
vn -0.7085 -0.0513 0.7038
vn -0.7053 0.0851 -0.7038
vn -0.0238 -0.9951 -0.0964
vn 0.5019 0.0715 -0.8620
vn 0.9997 -0.0239 -0.0000
vn 0.4979 -0.0954 0.8620
vn -0.5019 -0.0715 0.8620
vn -0.9997 0.0239 -0.0000
vn -0.4979 0.0954 -0.8620
vn 0.7058 0.0571 -0.7061
vn 0.6958 0.1314 0.7061
vn -0.1331 0.9897 -0.0530
vn -0.7058 -0.0571 0.7061
vn -0.6958 -0.1314 -0.7061
vn 0.1331 -0.9897 0.0530
vn 0.5017 0.0211 -0.8648
vn 0.9911 0.1333 -0.0000
vn 0.4894 0.1121 0.8648
vn -0.5017 -0.0211 0.8648
vn -0.9911 -0.1333 -0.0000
vn -0.4894 -0.1121 -0.8648
vn 0.7070 0.0348 -0.7064
vn 0.7072 -0.0299 0.7064
vn -0.0035 0.9989 0.0458
vn -0.7070 -0.0348 0.7064
vn -0.7072 0.0299 -0.7064
vn 0.0035 -0.9989 -0.0458
vn 0.4999 0.0414 -0.8651
vn 1.0000 0.0035 -0.0000
vn 0.5001 -0.0379 0.8651
vn -0.4999 -0.0414 0.8651
vn -1.0000 -0.0035 -0.0000
vn -0.5001 0.0379 -0.8651
vn 0.7002 -0.1106 -0.7053
vn 0.7088 -0.0103 0.7053
vn 0.0853 0.9938 -0.0712
vn -0.7002 0.1106 0.7053
vn -0.7088 0.0103 -0.7053
vn -0.0853 -0.9938 0.0712
vn 0.4929 -0.1042 -0.8638
vn 0.9963 -0.0855 -0.0000
vn 0.5034 0.0187 0.8638
vn -0.4929 0.1042 0.8638
vn -0.9963 0.0855 -0.0000
vn -0.5034 -0.0187 -0.8638
vt 0.562500 0.437500
vt 0.437500 0.437500
s 0
usemtl Paleta
f 5731/75/4729 5732/75/4729 5734/75/4729 5733/75/4729
f 5733/75/4730 5734/75/4730 5736/75/4730 5735/75/4730
f 5734/75/4731 5732/75/4731 5738/75/4731 5736/75/4731
f 5735/75/4732 5736/75/4732 5738/75/4732 5737/75/4732
f 5737/75/4733 5738/75/4733 5732/75/4733 5731/75/4733
f 5731/75/4734 5733/75/4734 5735/75/4734 5737/75/4734
f 5739/76/4735 5740/76/4735 5742/76/4735 5741/76/4735
f 5741/76/4736 5742/76/4736 5744/76/4736 5743/76/4736
f 5743/76/4737 5744/76/4737 5746/76/4737 5745/76/4737
f 5745/76/4738 5746/76/4738 5748/76/4738 5747/76/4738
f 5742/76/4731 5740/76/4731 5750/76/4731 5748/76/4731 5746/76/4731 5744/76/4731
f 5747/76/4739 5748/76/4739 5750/76/4739 5749/76/4739
f 5749/76/4740 5750/76/4740 5740/76/4740 5739/76/4740
f 5739/76/4734 5741/76/4734 5743/76/4734 5745/76/4734 5747/76/4734 5749/76/4734
f 5751/75/4741 5752/75/4741 5754/75/4741 5753/75/4741
f 5753/75/4742 5754/75/4742 5756/75/4742 5755/75/4742
f 5754/75/4743 5752/75/4743 5758/75/4743 5756/75/4743
f 5755/75/4744 5756/75/4744 5758/75/4744 5757/75/4744
f 5757/75/4745 5758/75/4745 5752/75/4745 5751/75/4745
f 5751/75/4746 5753/75/4746 5755/75/4746 5757/75/4746
f 5759/76/4747 5760/76/4747 5762/76/4747 5761/76/4747
f 5761/76/4748 5762/76/4748 5764/76/4748 5763/76/4748
f 5763/76/4749 5764/76/4749 5766/76/4749 5765/76/4749
f 5765/76/4750 5766/76/4750 5768/76/4750 5767/76/4750
f 5762/76/4743 5760/76/4743 5770/76/4743 5768/76/4743 5766/76/4743 5764/76/4743
f 5767/76/4751 5768/76/4751 5770/76/4751 5769/76/4751
f 5769/76/4752 5770/76/4752 5760/76/4752 5759/76/4752
f 5759/76/4746 5761/76/4746 5763/76/4746 5765/76/4746 5767/76/4746 5769/76/4746
f 5771/75/4753 5772/75/4753 5774/75/4753 5773/75/4753
f 5773/75/4754 5774/75/4754 5776/75/4754 5775/75/4754
f 5774/75/4755 5772/75/4755 5778/75/4755 5776/75/4755
f 5775/75/4756 5776/75/4756 5778/75/4756 5777/75/4756
f 5777/75/4757 5778/75/4757 5772/75/4757 5771/75/4757
f 5771/75/4758 5773/75/4758 5775/75/4758 5777/75/4758
f 5779/76/4759 5780/76/4759 5782/76/4759 5781/76/4759
f 5781/76/4760 5782/76/4760 5784/76/4760 5783/76/4760
f 5783/76/4761 5784/76/4761 5786/76/4761 5785/76/4761
f 5785/76/4762 5786/76/4762 5788/76/4762 5787/76/4762
f 5782/76/4755 5780/76/4755 5790/76/4755 5788/76/4755 5786/76/4755 5784/76/4755
f 5787/76/4763 5788/76/4763 5790/76/4763 5789/76/4763
f 5789/76/4764 5790/76/4764 5780/76/4764 5779/76/4764
f 5779/76/4758 5781/76/4758 5783/76/4758 5785/76/4758 5787/76/4758 5789/76/4758
f 5791/75/4765 5792/75/4765 5794/75/4765 5793/75/4765
f 5793/75/4766 5794/75/4766 5796/75/4766 5795/75/4766
f 5794/75/4767 5792/75/4767 5798/75/4767 5796/75/4767
f 5795/75/4768 5796/75/4768 5798/75/4768 5797/75/4768
f 5797/75/4769 5798/75/4769 5792/75/4769 5791/75/4769
f 5791/75/4770 5793/75/4770 5795/75/4770 5797/75/4770
f 5799/76/4771 5800/76/4771 5802/76/4771 5801/76/4771
f 5801/76/4772 5802/76/4772 5804/76/4772 5803/76/4772
f 5803/76/4773 5804/76/4773 5806/76/4773 5805/76/4773
f 5805/76/4774 5806/76/4774 5808/76/4774 5807/76/4774
f 5802/76/4767 5800/76/4767 5810/76/4767 5808/76/4767 5806/76/4767 5804/76/4767
f 5807/76/4775 5808/76/4775 5810/76/4775 5809/76/4775
f 5809/76/4776 5810/76/4776 5800/76/4776 5799/76/4776
f 5799/76/4770 5801/76/4770 5803/76/4770 5805/76/4770 5807/76/4770 5809/76/4770
o Drzewo1
v -15.997055 1.081451 -65.016380
v -15.997055 4.989028 -65.016380
v -15.531747 1.081451 -64.747734
v -15.531747 4.989028 -64.747734
v -15.531747 1.081451 -64.210442
v -15.531747 4.989028 -64.210442
v -15.997055 1.081451 -63.941795
v -15.997055 4.989028 -63.941795
v -16.462364 1.081451 -64.210442
v -16.462364 4.989028 -64.210442
v -16.462364 1.081451 -64.747734
v -16.462364 4.989028 -64.747734
v -18.421974 2.839860 -66.451912
v -15.966554 2.839860 -67.605003
v -13.534101 2.839860 -66.404213
v -12.956303 2.839860 -63.753769
v -14.668253 2.839860 -61.649506
v -17.380817 2.839860 -61.675972
v -19.051382 2.839860 -63.813244
v -15.997055 6.356679 -64.479088
v -16.152008 4.891338 -66.916405
v -14.188097 4.891338 -66.119873
v -13.586369 4.891338 -64.087799
v -14.799936 4.891338 -62.350372
v -16.914959 4.891338 -62.215912
v -18.338781 4.891338 -63.785667
v -17.999235 4.891338 -65.877579
v -15.997055 8.017400 -64.479088
v -17.425886 6.942816 -65.325508
v -16.226156 6.942816 -66.123932
v -14.853909 6.942816 -65.683746
v -14.342473 6.942816 -64.336433
v -15.076971 6.942816 -63.096542
v -16.504311 6.942816 -62.897732
v -17.549677 6.942816 -63.889717
v -15.997055 9.678120 -64.479088
vn 0.5000 -0.0000 -0.8660
vn 1.0000 -0.0000 -0.0000
vn 0.5000 -0.0000 0.8660
vn -0.5000 -0.0000 0.8660
vn -0.0000 1.0000 -0.0000
vn -1.0000 -0.0000 -0.0000
vn -0.5000 -0.0000 -0.8660
vn -0.0000 -1.0000 -0.0000
vn -0.3318 0.6251 -0.7065
vn 0.3455 0.6251 -0.6999
vn 0.7626 0.6251 -0.1663
vn 0.6055 0.6251 0.4926
vn -0.0076 0.6251 0.7805
vn -0.6150 0.6251 0.4807
vn -0.7592 0.6251 -0.1811
vn 0.3073 0.5756 -0.7578
vn 0.7841 0.5756 -0.2322
vn 0.6704 0.5756 0.4683
vn 0.0519 0.5756 0.8161
vn -0.6057 0.5756 0.5494
vn -0.8072 0.5756 -0.1310
vn -0.4008 0.5756 -0.7128
vn -0.4861 0.4799 -0.7304
vn 0.2680 0.4799 -0.8354
vn 0.8202 0.4799 -0.3113
vn 0.7548 0.4799 0.4471
vn 0.1210 0.4799 0.8689
vn -0.6039 0.4799 0.6364
vn -0.8741 0.4799 -0.0754
vt 0.687500 0.312500
vt 0.812500 0.312500
vt 0.937500 0.312500
s 0
usemtl Paleta
f 5811/77/4777 5812/77/4777 5814/77/4777 5813/77/4777
f 5813/77/4778 5814/77/4778 5816/77/4778 5815/77/4778
f 5815/77/4779 5816/77/4779 5818/77/4779 5817/77/4779
f 5817/77/4780 5818/77/4780 5820/77/4780 5819/77/4780
f 5814/77/4781 5812/77/4781 5822/77/4781 5820/77/4781 5818/77/4781 5816/77/4781
f 5819/77/4782 5820/77/4782 5822/77/4782 5821/77/4782
f 5821/77/4783 5822/77/4783 5812/77/4783 5811/77/4783
f 5811/77/4784 5813/77/4784 5815/77/4784 5817/77/4784 5819/77/4784 5821/77/4784
f 5823/78/4785 5830/78/4785 5824/78/4785
f 5824/78/4786 5830/78/4786 5825/78/4786
f 5825/78/4787 5830/78/4787 5826/78/4787
f 5826/78/4788 5830/78/4788 5827/78/4788
f 5827/78/4789 5830/78/4789 5828/78/4789
f 5823/78/4784 5824/78/4784 5825/78/4784 5826/78/4784 5827/78/4784 5828/78/4784 5829/78/4784
f 5828/78/4790 5830/78/4790 5829/78/4790
f 5829/78/4791 5830/78/4791 5823/78/4791
f 5831/79/4792 5838/79/4792 5832/79/4792
f 5832/79/4793 5838/79/4793 5833/79/4793
f 5833/79/4794 5838/79/4794 5834/79/4794
f 5834/79/4795 5838/79/4795 5835/79/4795
f 5835/79/4796 5838/79/4796 5836/79/4796
f 5831/79/4784 5832/79/4784 5833/79/4784 5834/79/4784 5835/79/4784 5836/79/4784 5837/79/4784
f 5836/79/4797 5838/79/4797 5837/79/4797
f 5837/79/4798 5838/79/4798 5831/79/4798
f 5839/78/4799 5846/78/4799 5840/78/4799
f 5840/78/4800 5846/78/4800 5841/78/4800
f 5841/78/4801 5846/78/4801 5842/78/4801
f 5842/78/4802 5846/78/4802 5843/78/4802
f 5843/78/4803 5846/78/4803 5844/78/4803
f 5839/78/4784 5840/78/4784 5841/78/4784 5842/78/4784 5843/78/4784 5844/78/4784 5845/78/4784
f 5844/78/4804 5846/78/4804 5845/78/4804
f 5845/78/4805 5846/78/4805 5839/78/4805
o Drzewo2
v 14.934669 -0.106549 56.602478
v 14.934669 4.777911 56.602478
v 15.516304 -0.106549 56.938282
v 15.516304 4.777911 56.938282
v 15.516304 -0.106549 57.609898
v 15.516304 4.777911 57.609898
v 14.934669 -0.106549 57.945702
v 14.934669 4.777911 57.945702
v 14.353035 -0.106549 57.609898
v 14.353035 4.777911 57.609898
v 14.353035 -0.106549 56.938282
v 14.353035 4.777911 56.938282
vn 0.5000 -0.0000 -0.8660
vn 1.0000 -0.0000 -0.0000
vn 0.5000 -0.0000 0.8660
vn -0.5000 -0.0000 0.8660
vn -0.0000 1.0000 -0.0000
vn -1.0000 -0.0000 -0.0000
vn -0.5000 -0.0000 -0.8660
vn -0.0000 -1.0000 -0.0000
vt 0.687500 0.312500
s 0
usemtl Paleta
f 5847/80/4806 5848/80/4806 5850/80/4806 5849/80/4806
f 5849/80/4807 5850/80/4807 5852/80/4807 5851/80/4807
f 5851/80/4808 5852/80/4808 5854/80/4808 5853/80/4808
f 5853/80/4809 5854/80/4809 5856/80/4809 5855/80/4809
f 5850/80/4810 5848/80/4810 5858/80/4810 5856/80/4810 5854/80/4810 5852/80/4810
f 5855/80/4811 5856/80/4811 5858/80/4811 5857/80/4811
f 5857/80/4812 5858/80/4812 5848/80/4812 5847/80/4812
f 5847/80/4813 5849/80/4813 5851/80/4813 5853/80/4813 5855/80/4813 5857/80/4813
o Drzewo3
v -63.487686 0.921619 -4.637253
v -63.487686 5.577052 -4.637253
v -62.933323 0.921619 -4.317192
v -62.933323 5.577052 -4.317192
v -62.933323 0.921619 -3.677070
v -62.933323 5.577052 -3.677070
v -63.487686 0.921619 -3.357009
v -63.487686 5.577052 -3.357009
v -64.042046 0.921619 -3.677070
v -64.042046 5.577052 -3.677070
v -64.042046 0.921619 -4.317192
v -64.042046 5.577052 -4.317192
vn 0.5000 -0.0000 -0.8660
vn 1.0000 -0.0000 -0.0000
vn 0.5000 -0.0000 0.8660
vn -0.5000 -0.0000 0.8660
vn -0.0000 1.0000 -0.0000
vn -1.0000 -0.0000 -0.0000
vn -0.5000 -0.0000 -0.8660
vn -0.0000 -1.0000 -0.0000
vt 0.687500 0.312500
s 0
usemtl Paleta
f 5859/81/4814 5860/81/4814 5862/81/4814 5861/81/4814
f 5861/81/4815 5862/81/4815 5864/81/4815 5863/81/4815
f 5863/81/4816 5864/81/4816 5866/81/4816 5865/81/4816
f 5865/81/4817 5866/81/4817 5868/81/4817 5867/81/4817
f 5862/81/4818 5860/81/4818 5870/81/4818 5868/81/4818 5866/81/4818 5864/81/4818
f 5867/81/4819 5868/81/4819 5870/81/4819 5869/81/4819
f 5869/81/4820 5870/81/4820 5860/81/4820 5859/81/4820
f 5859/81/4821 5861/81/4821 5863/81/4821 5865/81/4821 5867/81/4821 5869/81/4821
o Drzewo4
v -10.093593 -0.252858 -49.856316
v -10.093593 5.265162 -49.856316
v -9.436515 -0.252858 -49.476952
v -9.436515 5.265162 -49.476952
v -9.436515 -0.252858 -48.718224
v -9.436515 5.265162 -48.718224
v -10.093593 -0.252858 -48.338860
v -10.093593 5.265162 -48.338860
v -10.750670 -0.252858 -48.718224
v -10.750670 5.265162 -48.718224
v -10.750670 -0.252858 -49.476952
v -10.750670 5.265162 -49.476952
v -13.142471 2.230251 -52.289986
v -9.498621 2.230251 -53.471725
v -6.302795 2.230251 -51.359650
v -5.961518 2.230251 -47.544197
v -8.731777 2.230251 -44.898476
v -12.527512 2.230251 -45.414776
v -14.490455 2.230251 -48.704308
v -10.093593 7.196469 -49.097588
v -12.278229 5.127212 -51.766171
v -9.369310 5.127212 -52.469437
v -7.005790 5.127212 -50.633636
v -6.967449 5.127212 -47.641155
v -9.283157 5.127212 -45.745399
v -12.209141 5.127212 -46.373909
v -13.542072 5.127212 -49.053406
v -10.093593 9.541628 -49.097588
v -10.150609 8.024173 -51.442055
v -8.296165 8.024173 -50.603916
v -7.795221 8.024173 -48.631481
v -9.024998 8.024173 -47.010036
v -11.059448 8.024173 -46.960560
v -12.366590 8.024173 -48.520309
v -11.962118 8.024173 -50.514763
v -10.093593 11.886786 -49.097588
vn 0.5000 -0.0000 -0.8660
vn 1.0000 -0.0000 -0.0000
vn 0.5000 -0.0000 0.8660
vn -0.5000 -0.0000 0.8660
vn -0.0000 1.0000 -0.0000
vn -1.0000 -0.0000 -0.0000
vn -0.5000 -0.0000 -0.8660
vn -0.0000 -1.0000 -0.0000
vn -0.2408 0.6251 -0.7425
vn 0.4304 0.6251 -0.6512
vn 0.7774 0.6251 -0.0695
vn 0.5391 0.6251 0.5645
vn -0.1052 0.6251 0.7734
vn -0.6703 0.6251 0.4000
vn -0.7306 0.6251 -0.2747
vn -0.1922 0.5756 -0.7948
vn 0.5016 0.5756 -0.6458
vn 0.8177 0.5756 -0.0105
vn 0.5180 0.5756 0.6327
vn -0.1717 0.5756 0.7995
vn -0.7322 0.5756 0.3642
vn -0.7412 0.5756 -0.3453
vn 0.3613 0.4799 -0.7995
vn 0.8503 0.4799 -0.2160
vn 0.6990 0.4799 0.5302
vn 0.0213 0.4799 0.8771
vn -0.6724 0.4799 0.5635
vn -0.8598 0.4799 -0.1744
vn -0.3998 0.4799 -0.7809
vt 0.687500 0.312500
vt 0.812500 0.312500
vt 0.937500 0.312500
s 0
usemtl Paleta
f 5871/82/4822 5872/82/4822 5874/82/4822 5873/82/4822
f 5873/82/4823 5874/82/4823 5876/82/4823 5875/82/4823
f 5875/82/4824 5876/82/4824 5878/82/4824 5877/82/4824
f 5877/82/4825 5878/82/4825 5880/82/4825 5879/82/4825
f 5874/82/4826 5872/82/4826 5882/82/4826 5880/82/4826 5878/82/4826 5876/82/4826
f 5879/82/4827 5880/82/4827 5882/82/4827 5881/82/4827
f 5881/82/4828 5882/82/4828 5872/82/4828 5871/82/4828
f 5871/82/4829 5873/82/4829 5875/82/4829 5877/82/4829 5879/82/4829 5881/82/4829
f 5883/83/4830 5890/83/4830 5884/83/4830
f 5884/83/4831 5890/83/4831 5885/83/4831
f 5885/83/4832 5890/83/4832 5886/83/4832
f 5886/83/4833 5890/83/4833 5887/83/4833
f 5887/83/4834 5890/83/4834 5888/83/4834
f 5883/83/4829 5884/83/4829 5885/83/4829 5886/83/4829 5887/83/4829 5888/83/4829 5889/83/4829
f 5888/83/4835 5890/83/4835 5889/83/4835
f 5889/83/4836 5890/83/4836 5883/83/4836
f 5891/84/4837 5898/84/4837 5892/84/4837
f 5892/84/4838 5898/84/4838 5893/84/4838
f 5893/84/4839 5898/84/4839 5894/84/4839
f 5894/84/4840 5898/84/4840 5895/84/4840
f 5895/84/4841 5898/84/4841 5896/84/4841
f 5891/84/4829 5892/84/4829 5893/84/4829 5894/84/4829 5895/84/4829 5896/84/4829 5897/84/4829
f 5896/84/4842 5898/84/4842 5897/84/4842
f 5897/84/4843 5898/84/4843 5891/84/4843
f 5899/83/4844 5906/83/4844 5900/83/4844
f 5900/83/4845 5906/83/4845 5901/83/4845
f 5901/83/4846 5906/83/4846 5902/83/4846
f 5902/83/4847 5906/83/4847 5903/83/4847
f 5903/83/4848 5906/83/4848 5904/83/4848
f 5899/83/4829 5900/83/4829 5901/83/4829 5902/83/4829 5903/83/4829 5904/83/4829 5905/83/4829
f 5904/83/4849 5906/83/4849 5905/83/4849
f 5905/83/4850 5906/83/4850 5899/83/4850
o Drzewo5
v -23.986275 -0.533391 57.960304
v -23.986275 3.453921 57.960304
v -23.511471 -0.533391 58.234432
v -23.511471 3.453921 58.234432
v -23.511471 -0.533391 58.782688
v -23.511471 3.453921 58.782688
v -23.986275 -0.533391 59.056816
v -23.986275 3.453921 59.056816
v -24.461079 -0.533391 58.782688
v -24.461079 3.453921 58.782688
v -24.461079 -0.533391 58.234432
v -24.461079 3.453921 58.234432
v -25.278694 1.260900 55.592262
v -22.512032 1.260900 55.679825
v -20.855505 1.260900 57.897484
v -21.556511 1.260900 60.575294
v -24.087179 1.260900 61.696812
v -26.541864 1.260900 60.417511
v -27.072138 1.260900 57.700733
v -23.986275 4.849480 58.508560
v -24.771027 3.354238 56.143276
v -22.626305 3.354238 56.420284
v -21.505669 3.354238 58.269810
v -22.252979 3.354238 60.299118
v -24.305496 3.354238 60.980099
v -26.117634 3.354238 59.799961
v -26.324814 3.354238 57.647373
v -23.986275 6.544087 58.508560
v -25.292149 5.447577 57.428566
v -23.956099 5.447577 56.814220
v -22.642773 5.447577 57.475750
v -22.341131 5.447577 58.915005
v -23.278316 5.447577 60.048199
v -24.748608 5.447577 60.022015
v -25.644848 5.447577 58.856167
v -23.986275 8.238695 58.508560
vn 0.5000 -0.0000 -0.8660
vn 1.0000 -0.0000 -0.0000
vn 0.5000 -0.0000 0.8660
vn -0.5000 -0.0000 0.8660
vn -0.0000 1.0000 -0.0000
vn -1.0000 -0.0000 -0.0000
vn -0.5000 -0.0000 -0.8660
vn -0.0000 -1.0000 -0.0000
vn 0.0247 0.6251 -0.7802
vn 0.6253 0.6251 -0.4671
vn 0.7551 0.6251 0.1977
vn 0.3162 0.6251 0.7136
vn -0.3607 0.6251 0.6922
vn -0.7661 0.6251 0.1495
vn -0.5946 0.6251 -0.5057
vn 0.1047 0.5756 -0.8110
vn 0.6994 0.5756 -0.4238
vn 0.7674 0.5756 0.2826
vn 0.2575 0.5756 0.7761
vn -0.4463 0.5756 0.6852
vn -0.8140 0.5756 0.0783
vn -0.5688 0.5756 -0.5875
vn -0.3665 0.4799 -0.7971
vn 0.3947 0.4799 -0.7835
vn 0.8587 0.4799 -0.1800
vn 0.6761 0.4799 0.5591
vn -0.0156 0.4799 0.8772
vn -0.6955 0.4799 0.5347
vn -0.8517 0.4799 -0.2104
vt 0.687500 0.312500
vt 0.812500 0.312500
vt 0.937500 0.312500
s 0
usemtl Paleta
f 5907/85/4851 5908/85/4851 5910/85/4851 5909/85/4851
f 5909/85/4852 5910/85/4852 5912/85/4852 5911/85/4852
f 5911/85/4853 5912/85/4853 5914/85/4853 5913/85/4853
f 5913/85/4854 5914/85/4854 5916/85/4854 5915/85/4854
f 5910/85/4855 5908/85/4855 5918/85/4855 5916/85/4855 5914/85/4855 5912/85/4855
f 5915/85/4856 5916/85/4856 5918/85/4856 5917/85/4856
f 5917/85/4857 5918/85/4857 5908/85/4857 5907/85/4857
f 5907/85/4858 5909/85/4858 5911/85/4858 5913/85/4858 5915/85/4858 5917/85/4858
f 5919/86/4859 5926/86/4859 5920/86/4859
f 5920/86/4860 5926/86/4860 5921/86/4860
f 5921/86/4861 5926/86/4861 5922/86/4861
f 5922/86/4862 5926/86/4862 5923/86/4862
f 5923/86/4863 5926/86/4863 5924/86/4863
f 5919/86/4858 5920/86/4858 5921/86/4858 5922/86/4858 5923/86/4858 5924/86/4858 5925/86/4858
f 5924/86/4864 5926/86/4864 5925/86/4864
f 5925/86/4865 5926/86/4865 5919/86/4865
f 5927/87/4866 5934/87/4866 5928/87/4866
f 5928/87/4867 5934/87/4867 5929/87/4867
f 5929/87/4868 5934/87/4868 5930/87/4868
f 5930/87/4869 5934/87/4869 5931/87/4869
f 5931/87/4870 5934/87/4870 5932/87/4870
f 5927/87/4858 5928/87/4858 5929/87/4858 5930/87/4858 5931/87/4858 5932/87/4858 5933/87/4858
f 5932/87/4871 5934/87/4871 5933/87/4871
f 5933/87/4872 5934/87/4872 5927/87/4872
f 5935/86/4873 5942/86/4873 5936/86/4873
f 5936/86/4874 5942/86/4874 5937/86/4874
f 5937/86/4875 5942/86/4875 5938/86/4875
f 5938/86/4876 5942/86/4876 5939/86/4876
f 5939/86/4877 5942/86/4877 5940/86/4877
f 5935/86/4858 5936/86/4858 5937/86/4858 5938/86/4858 5939/86/4858 5940/86/4858 5941/86/4858
f 5940/86/4878 5942/86/4878 5941/86/4878
f 5941/86/4879 5942/86/4879 5935/86/4879
o Drzewo6
v -21.987337 -0.364503 -51.648331
v -21.987337 3.658710 -51.648331
v -21.508259 -0.364503 -51.371735
v -21.508259 3.658710 -51.371735
v -21.508259 -0.364503 -50.818542
v -21.508259 3.658710 -50.818542
v -21.987337 -0.364503 -50.541946
v -21.987337 3.658710 -50.541946
v -22.466415 -0.364503 -50.818542
v -22.466415 3.658710 -50.818542
v -22.466415 -0.364503 -51.371735
v -22.466415 3.658710 -51.371735
vn 0.5000 -0.0000 -0.8660
vn 1.0000 -0.0000 -0.0000
vn 0.5000 -0.0000 0.8660
vn -0.5000 -0.0000 0.8660
vn -0.0000 1.0000 -0.0000
vn -1.0000 -0.0000 -0.0000
vn -0.5000 -0.0000 -0.8660
vn -0.0000 -1.0000 -0.0000
vt 0.687500 0.312500
s 0
usemtl Paleta
f 5943/88/4880 5944/88/4880 5946/88/4880 5945/88/4880
f 5945/88/4881 5946/88/4881 5948/88/4881 5947/88/4881
f 5947/88/4882 5948/88/4882 5950/88/4882 5949/88/4882
f 5949/88/4883 5950/88/4883 5952/88/4883 5951/88/4883
f 5946/88/4884 5944/88/4884 5954/88/4884 5952/88/4884 5950/88/4884 5948/88/4884
f 5951/88/4885 5952/88/4885 5954/88/4885 5953/88/4885
f 5953/88/4886 5954/88/4886 5944/88/4886 5943/88/4886
f 5943/88/4887 5945/88/4887 5947/88/4887 5949/88/4887 5951/88/4887 5953/88/4887
o Drzewo7
v 18.533537 -0.176602 -51.872540
v 18.533537 4.864968 -51.872540
v 19.133879 -0.176602 -51.525932
v 19.133879 4.864968 -51.525932
v 19.133879 -0.176602 -50.832718
v 19.133879 4.864968 -50.832718
v 18.533537 -0.176602 -50.486111
v 18.533537 4.864968 -50.486111
v 17.933195 -0.176602 -50.832718
v 17.933195 4.864968 -50.832718
v 17.933195 -0.176602 -51.525932
v 17.933195 4.864968 -51.525932
v 16.197182 2.092104 -54.466969
v 19.647226 2.092104 -55.055775
v 22.258640 2.092104 -52.725533
v 22.064976 2.092104 -49.230965
v 19.212065 2.092104 -47.203552
v 15.848209 2.092104 -48.169979
v 14.506460 2.092104 -51.402504
v 18.533537 6.629518 -51.179325
v 16.422087 4.738929 -53.518227
v 19.045696 4.738929 -54.288406
v 21.283640 4.738929 -52.717381
v 21.450699 4.738929 -49.988171
v 19.421076 4.738929 -48.155922
v 16.723118 4.738929 -48.600357
v 15.388442 4.738929 -50.986809
v 18.533537 8.772184 -51.179325
v 17.485991 7.385754 -53.048462
v 19.341751 7.385754 -53.163715
v 20.588911 7.385754 -51.784687
v 20.288332 7.385754 -49.949806
v 18.666355 7.385754 -49.040779
v 16.944365 7.385754 -49.742123
v 16.419052 7.385754 -51.525707
v 18.533537 10.914852 -51.179325
vn 0.5000 -0.0000 -0.8660
vn 1.0000 -0.0000 -0.0000
vn 0.5000 -0.0000 0.8660
vn -0.5000 -0.0000 0.8660
vn -0.0000 1.0000 -0.0000
vn -1.0000 -0.0000 -0.0000
vn -0.5000 -0.0000 -0.8660
vn -0.0000 -1.0000 -0.0000
vn -0.1313 0.6251 -0.7694
vn 0.5197 0.6251 -0.5824
vn 0.7793 0.6251 0.0432
vn 0.4521 0.6251 0.6362
vn -0.2155 0.6251 0.7502
vn -0.7209 0.6251 0.2992
vn -0.6834 0.6251 -0.3771
vn -0.2303 0.5756 -0.7846
vn 0.4698 0.5756 -0.6693
vn 0.8162 0.5756 -0.0500
vn 0.5480 0.5756 0.6070
vn -0.1329 0.5756 0.8069
vn -0.7137 0.5756 0.3992
vn -0.7571 0.5756 -0.3091
vn -0.0544 0.4799 -0.8756
vn 0.6507 0.4799 -0.5885
vn 0.8658 0.4799 0.1418
vn 0.4289 0.4799 0.7653
vn -0.3309 0.4799 0.8125
vn -0.8416 0.4799 0.2479
vn -0.7185 0.4799 -0.5034
vt 0.687500 0.312500
vt 0.812500 0.312500
vt 0.937500 0.312500
s 0
usemtl Paleta
f 5955/89/4888 5956/89/4888 5958/89/4888 5957/89/4888
f 5957/89/4889 5958/89/4889 5960/89/4889 5959/89/4889
f 5959/89/4890 5960/89/4890 5962/89/4890 5961/89/4890
f 5961/89/4891 5962/89/4891 5964/89/4891 5963/89/4891
f 5958/89/4892 5956/89/4892 5966/89/4892 5964/89/4892 5962/89/4892 5960/89/4892
f 5963/89/4893 5964/89/4893 5966/89/4893 5965/89/4893
f 5965/89/4894 5966/89/4894 5956/89/4894 5955/89/4894
f 5955/89/4895 5957/89/4895 5959/89/4895 5961/89/4895 5963/89/4895 5965/89/4895
f 5967/90/4896 5974/90/4896 5968/90/4896
f 5968/90/4897 5974/90/4897 5969/90/4897
f 5969/90/4898 5974/90/4898 5970/90/4898
f 5970/90/4899 5974/90/4899 5971/90/4899
f 5971/90/4900 5974/90/4900 5972/90/4900
f 5967/90/4895 5968/90/4895 5969/90/4895 5970/90/4895 5971/90/4895 5972/90/4895 5973/90/4895
f 5972/90/4901 5974/90/4901 5973/90/4901
f 5973/90/4902 5974/90/4902 5967/90/4902
f 5975/91/4903 5982/91/4903 5976/91/4903
f 5976/91/4904 5982/91/4904 5977/91/4904
f 5977/91/4905 5982/91/4905 5978/91/4905
f 5978/91/4906 5982/91/4906 5979/91/4906
f 5979/91/4907 5982/91/4907 5980/91/4907
f 5975/91/4895 5976/91/4895 5977/91/4895 5978/91/4895 5979/91/4895 5980/91/4895 5981/91/4895
f 5980/91/4908 5982/91/4908 5981/91/4908
f 5981/91/4909 5982/91/4909 5975/91/4909
f 5983/90/4910 5990/90/4910 5984/90/4910
f 5984/90/4911 5990/90/4911 5985/90/4911
f 5985/90/4912 5990/90/4912 5986/90/4912
f 5986/90/4913 5990/90/4913 5987/90/4913
f 5987/90/4914 5990/90/4914 5988/90/4914
f 5983/90/4895 5984/90/4895 5985/90/4895 5986/90/4895 5987/90/4895 5988/90/4895 5989/90/4895
f 5988/90/4915 5990/90/4915 5989/90/4915
f 5989/90/4916 5990/90/4916 5983/90/4916
o Drzewo8
v -49.045692 -0.796807 -40.348412
v -49.045692 4.022170 -40.348412
v -48.471855 -0.796807 -40.017109
v -48.471855 4.022170 -40.017109
v -48.471855 -0.796807 -39.354496
v -48.471855 4.022170 -39.354496
v -49.045692 -0.796807 -39.023193
v -49.045692 4.022170 -39.023193
v -49.619530 -0.796807 -39.354496
v -49.619530 4.022170 -39.354496
v -49.619530 -0.796807 -40.017109
v -49.619530 4.022170 -40.017109
vn 0.5000 -0.0000 -0.8660
vn 1.0000 -0.0000 -0.0000
vn 0.5000 -0.0000 0.8660
vn -0.5000 -0.0000 0.8660
vn -0.0000 1.0000 -0.0000
vn -1.0000 -0.0000 -0.0000
vn -0.5000 -0.0000 -0.8660
vn -0.0000 -1.0000 -0.0000
vt 0.687500 0.312500
s 0
usemtl Paleta
f 5991/92/4917 5992/92/4917 5994/92/4917 5993/92/4917
f 5993/92/4918 5994/92/4918 5996/92/4918 5995/92/4918
f 5995/92/4919 5996/92/4919 5998/92/4919 5997/92/4919
f 5997/92/4920 5998/92/4920 6000/92/4920 5999/92/4920
f 5994/92/4921 5992/92/4921 6002/92/4921 6000/92/4921 5998/92/4921 5996/92/4921
f 5999/92/4922 6000/92/4922 6002/92/4922 6001/92/4922
f 6001/92/4923 6002/92/4923 5992/92/4923 5991/92/4923
f 5991/92/4924 5993/92/4924 5995/92/4924 5997/92/4924 5999/92/4924 6001/92/4924
o Drzewo9
v -52.727772 -0.371991 0.624353
v -52.727772 4.086430 0.624353
v -52.196869 -0.371991 0.930869
v -52.196869 4.086430 0.930869
v -52.196869 -0.371991 1.543902
v -52.196869 4.086430 1.543902
v -52.727772 -0.371991 1.850419
v -52.727772 4.086430 1.850419
v -53.258675 -0.371991 1.543902
v -53.258675 4.086430 1.543902
v -53.258675 -0.371991 0.930869
v -53.258675 4.086430 0.930869
v -52.936459 1.634299 -2.323241
v -50.074078 1.634299 -1.145787
v -49.209980 1.634299 1.826246
v -50.994854 1.634299 4.354854
v -54.084648 1.634299 4.535945
v -56.152687 1.634299 2.233154
v -55.641697 1.634299 -0.819471
v -52.727772 5.646878 1.237386
v -53.723591 3.974969 -1.365113
v -51.313938 3.974969 -1.163808
v -49.968933 3.974969 0.845646
v -50.701389 3.974969 3.150087
v -52.959755 3.974969 4.014225
v -55.043430 3.974969 2.787347
v -55.383369 3.974969 0.393315
v -52.727772 7.541706 1.237386
v -53.793224 6.315641 -0.329518
v -52.167015 6.315641 -0.572567
v -50.963066 6.315641 0.547316
v -51.087978 6.315641 2.186835
v -52.447685 6.315641 3.111400
v -54.018303 6.315641 2.624794
v -54.617126 6.315641 1.093441
v -52.727772 9.436535 1.237386
vn 0.5000 -0.0000 -0.8660
vn 1.0000 -0.0000 -0.0000
vn 0.5000 -0.0000 0.8660
vn -0.5000 -0.0000 0.8660
vn -0.0000 1.0000 -0.0000
vn -1.0000 -0.0000 -0.0000
vn -0.5000 -0.0000 -0.8660
vn -0.0000 -1.0000 -0.0000
vn 0.2969 0.6251 -0.7219
vn 0.7495 0.6251 -0.2179
vn 0.6377 0.6251 0.4501
vn 0.0457 0.6251 0.7792
vn -0.5807 0.6251 0.5215
vn -0.7698 0.6251 -0.1289
vn -0.3792 0.6251 -0.6822
vn 0.0681 0.5756 -0.8149
vn 0.6796 0.5756 -0.4549
vn 0.7793 0.5756 0.2477
vn 0.2922 0.5756 0.7637
vn -0.4149 0.5756 0.7047
vn -0.8096 0.5756 0.1150
vn -0.5947 0.5756 -0.5613
vn -0.1297 0.4799 -0.8677
vn 0.5975 0.4799 -0.6424
vn 0.8748 0.4799 0.0666
vn 0.4933 0.4799 0.7255
vn -0.2596 0.4799 0.8380
vn -0.8171 0.4799 0.3195
vn -0.7592 0.4799 -0.4396
vt 0.687500 0.312500
vt 0.812500 0.312500
vt 0.937500 0.312500
s 0
usemtl Paleta
f 6003/93/4925 6004/93/4925 6006/93/4925 6005/93/4925
f 6005/93/4926 6006/93/4926 6008/93/4926 6007/93/4926
f 6007/93/4927 6008/93/4927 6010/93/4927 6009/93/4927
f 6009/93/4928 6010/93/4928 6012/93/4928 6011/93/4928
f 6006/93/4929 6004/93/4929 6014/93/4929 6012/93/4929 6010/93/4929 6008/93/4929
f 6011/93/4930 6012/93/4930 6014/93/4930 6013/93/4930
f 6013/93/4931 6014/93/4931 6004/93/4931 6003/93/4931
f 6003/93/4932 6005/93/4932 6007/93/4932 6009/93/4932 6011/93/4932 6013/93/4932
f 6015/94/4933 6022/94/4933 6016/94/4933
f 6016/94/4934 6022/94/4934 6017/94/4934
f 6017/94/4935 6022/94/4935 6018/94/4935
f 6018/94/4936 6022/94/4936 6019/94/4936
f 6019/94/4937 6022/94/4937 6020/94/4937
f 6015/94/4932 6016/94/4932 6017/94/4932 6018/94/4932 6019/94/4932 6020/94/4932 6021/94/4932
f 6020/94/4938 6022/94/4938 6021/94/4938
f 6021/94/4939 6022/94/4939 6015/94/4939
f 6023/95/4940 6030/95/4940 6024/95/4940
f 6024/95/4941 6030/95/4941 6025/95/4941
f 6025/95/4942 6030/95/4942 6026/95/4942
f 6026/95/4943 6030/95/4943 6027/95/4943
f 6027/95/4944 6030/95/4944 6028/95/4944
f 6023/95/4932 6024/95/4932 6025/95/4932 6026/95/4932 6027/95/4932 6028/95/4932 6029/95/4932
f 6028/95/4945 6030/95/4945 6029/95/4945
f 6029/95/4946 6030/95/4946 6023/95/4946
f 6031/94/4947 6038/94/4947 6032/94/4947
f 6032/94/4948 6038/94/4948 6033/94/4948
f 6033/94/4949 6038/94/4949 6034/94/4949
f 6034/94/4950 6038/94/4950 6035/94/4950
f 6035/94/4951 6038/94/4951 6036/94/4951
f 6031/94/4932 6032/94/4932 6033/94/4932 6034/94/4932 6035/94/4932 6036/94/4932 6037/94/4932
f 6036/94/4952 6038/94/4952 6037/94/4952
f 6037/94/4953 6038/94/4953 6031/94/4953
o Drzewo10
v 6.394968 -0.150811 -56.034149
v 6.394968 4.568281 -56.034149
v 6.956911 -0.150811 -55.709709
v 6.956911 4.568281 -55.709709
v 6.956911 -0.150811 -55.060837
v 6.956911 4.568281 -55.060837
v 6.394968 -0.150811 -54.736397
v 6.394968 4.568281 -54.736397
v 5.833025 -0.150811 -55.060837
v 5.833025 4.568281 -55.060837
v 5.833025 -0.150811 -55.709709
v 5.833025 4.568281 -55.709709
vn 0.5000 -0.0000 -0.8660
vn 1.0000 -0.0000 -0.0000
vn 0.5000 -0.0000 0.8660
vn -0.5000 -0.0000 0.8660
vn -0.0000 1.0000 -0.0000
vn -1.0000 -0.0000 -0.0000
vn -0.5000 -0.0000 -0.8660
vn -0.0000 -1.0000 -0.0000
vt 0.687500 0.312500
s 0
usemtl Paleta
f 6039/96/4954 6040/96/4954 6042/96/4954 6041/96/4954
f 6041/96/4955 6042/96/4955 6044/96/4955 6043/96/4955
f 6043/96/4956 6044/96/4956 6046/96/4956 6045/96/4956
f 6045/96/4957 6046/96/4957 6048/96/4957 6047/96/4957
f 6042/96/4958 6040/96/4958 6050/96/4958 6048/96/4958 6046/96/4958 6044/96/4958
f 6047/96/4959 6048/96/4959 6050/96/4959 6049/96/4959
f 6049/96/4960 6050/96/4960 6040/96/4960 6039/96/4960
f 6039/96/4961 6041/96/4961 6043/96/4961 6045/96/4961 6047/96/4961 6049/96/4961
o Drzewo11
v 28.277084 -0.214940 -48.366974
v 28.277084 3.787182 -48.366974
v 28.753651 -0.214940 -48.091827
v 28.753651 3.787182 -48.091827
v 28.753651 -0.214940 -47.541534
v 28.753651 3.787182 -47.541534
v 28.277084 -0.214940 -47.266388
v 28.277084 3.787182 -47.266388
v 27.800518 -0.214940 -47.541534
v 27.800518 3.787182 -47.541534
v 27.800518 -0.214940 -48.091827
v 27.800518 3.787182 -48.091827
v 25.627314 1.586015 -49.613785
v 28.030012 1.586015 -51.008831
v 30.618761 1.586015 -50.000122
v 31.444180 1.586015 -47.347237
v 29.884710 1.586015 -45.047852
v 27.114666 1.586015 -44.833454
v 25.219946 1.586015 -46.865482
v 28.277084 5.187925 -47.816681
v 26.616068 3.687129 -49.686882
v 28.703640 3.687129 -50.281368
v 30.470009 3.687129 -49.019894
v 30.585060 3.687129 -46.852375
v 28.962158 3.687129 -45.410999
v 26.823383 3.687129 -45.781151
v 25.779274 3.687129 -47.684097
v 28.277084 6.888827 -47.816681
v 26.984556 5.788243 -48.922318
v 28.335629 5.788243 -49.516575
v 29.642616 5.788243 -48.830776
v 29.921331 5.788243 -47.381344
v 28.961895 5.788243 -46.259727
v 27.486782 5.788243 -46.310532
v 26.606783 5.788243 -47.495495
v 28.277084 8.589729 -47.816681
vn 0.5000 -0.0000 -0.8660
vn 1.0000 -0.0000 -0.0000
vn 0.5000 -0.0000 0.8660
vn -0.5000 -0.0000 0.8660
vn -0.0000 1.0000 -0.0000
vn -1.0000 -0.0000 -0.0000
vn -0.5000 -0.0000 -0.8660
vn -0.0000 -1.0000 -0.0000
vn -0.3919 0.6251 -0.6750
vn 0.2834 0.6251 -0.7273
vn 0.7453 0.6251 -0.2319
vn 0.6460 0.6251 0.4381
vn 0.0602 0.6251 0.7782
vn -0.5709 0.6251 0.5323
vn -0.7721 0.6251 -0.1144
vn -0.2240 0.5756 -0.7865
vn 0.4752 0.5756 -0.6655
vn 0.8166 0.5756 -0.0433
vn 0.5430 0.5756 0.6114
vn -0.1395 0.5756 0.8058
vn -0.7169 0.5756 0.3934
vn -0.7545 0.5756 -0.3153
vn -0.3532 0.4799 -0.8031
vn 0.4076 0.4799 -0.7769
vn 0.8615 0.4799 -0.1657
vn 0.6667 0.4799 0.5703
vn -0.0302 0.4799 0.8768
vn -0.7043 0.4799 0.5231
vn -0.8481 0.4799 -0.2245
vt 0.687500 0.312500
vt 0.812500 0.312500
vt 0.937500 0.312500
s 0
usemtl Paleta
f 6051/97/4962 6052/97/4962 6054/97/4962 6053/97/4962
f 6053/97/4963 6054/97/4963 6056/97/4963 6055/97/4963
f 6055/97/4964 6056/97/4964 6058/97/4964 6057/97/4964
f 6057/97/4965 6058/97/4965 6060/97/4965 6059/97/4965
f 6054/97/4966 6052/97/4966 6062/97/4966 6060/97/4966 6058/97/4966 6056/97/4966
f 6059/97/4967 6060/97/4967 6062/97/4967 6061/97/4967
f 6061/97/4968 6062/97/4968 6052/97/4968 6051/97/4968
f 6051/97/4969 6053/97/4969 6055/97/4969 6057/97/4969 6059/97/4969 6061/97/4969
f 6063/98/4970 6070/98/4970 6064/98/4970
f 6064/98/4971 6070/98/4971 6065/98/4971
f 6065/98/4972 6070/98/4972 6066/98/4972
f 6066/98/4973 6070/98/4973 6067/98/4973
f 6067/98/4974 6070/98/4974 6068/98/4974
f 6063/98/4969 6064/98/4969 6065/98/4969 6066/98/4969 6067/98/4969 6068/98/4969 6069/98/4969
f 6068/98/4975 6070/98/4975 6069/98/4975
f 6069/98/4976 6070/98/4976 6063/98/4976
f 6071/99/4977 6078/99/4977 6072/99/4977
f 6072/99/4978 6078/99/4978 6073/99/4978
f 6073/99/4979 6078/99/4979 6074/99/4979
f 6074/99/4980 6078/99/4980 6075/99/4980
f 6075/99/4981 6078/99/4981 6076/99/4981
f 6071/99/4969 6072/99/4969 6073/99/4969 6074/99/4969 6075/99/4969 6076/99/4969 6077/99/4969
f 6076/99/4982 6078/99/4982 6077/99/4982
f 6077/99/4983 6078/99/4983 6071/99/4983
f 6079/98/4984 6086/98/4984 6080/98/4984
f 6080/98/4985 6086/98/4985 6081/98/4985
f 6081/98/4986 6086/98/4986 6082/98/4986
f 6082/98/4987 6086/98/4987 6083/98/4987
f 6083/98/4988 6086/98/4988 6084/98/4988
f 6079/98/4969 6080/98/4969 6081/98/4969 6082/98/4969 6083/98/4969 6084/98/4969 6085/98/4969
f 6084/98/4989 6086/98/4989 6085/98/4989
f 6085/98/4990 6086/98/4990 6079/98/4990
o Drzewo12
v -55.179920 -0.970040 23.951054
v -55.179920 2.909851 23.951054
v -54.717907 -0.970040 24.217796
v -54.717907 2.909851 24.217796
v -54.717907 -0.970040 24.751282
v -54.717907 2.909851 24.751282
v -55.179920 -0.970040 25.018024
v -55.179920 2.909851 25.018024
v -55.641933 -0.970040 24.751282
v -55.641933 2.909851 24.751282
v -55.641933 -0.970040 24.217796
v -55.641933 2.909851 24.217796
v -56.151127 0.775911 21.536484
v -53.480576 0.775911 21.887136
v -52.089664 0.775911 24.193687
v -53.025780 0.775911 26.719254
v -55.584007 0.775911 27.562037
v -57.837948 0.775911 26.087400
v -58.090340 0.775911 23.405777
v -55.179920 4.267812 24.484539
v -56.917809 2.812853 22.793375
v -54.941273 2.812853 22.071379
v -53.144440 2.812853 23.166542
v -52.880367 2.812853 25.254183
v -54.347904 2.812853 26.762266
v -56.441967 2.812853 26.555176
v -57.585682 2.812853 24.788853
v -55.179920 5.916766 24.484539
v -56.044682 4.849796 23.080532
v -54.621395 4.849796 22.933056
v -53.618687 4.849796 23.953878
v -53.791622 4.849796 25.374298
v -55.009972 4.849796 26.124712
v -56.356297 4.849796 25.640041
v -56.816788 4.849796 24.285254
v -55.179920 7.565720 24.484539
vn 0.5000 -0.0000 -0.8660
vn 1.0000 -0.0000 -0.0000
vn 0.5000 -0.0000 0.8660
vn -0.5000 -0.0000 0.8660
vn -0.0000 1.0000 -0.0000
vn -1.0000 -0.0000 -0.0000
vn -0.5000 -0.0000 -0.8660
vn -0.0000 -1.0000 -0.0000
vn 0.1016 0.6251 -0.7739
vn 0.6684 0.6251 -0.4031
vn 0.7319 0.6251 0.2713
vn 0.2442 0.6251 0.7413
vn -0.4273 0.6251 0.6532
vn -0.7771 0.6251 0.0731
vn -0.5417 0.6251 -0.5620
vn -0.2806 0.5756 -0.7681
vn 0.4256 0.5756 -0.6983
vn 0.8113 0.5756 -0.1026
vn 0.5861 0.5756 0.5703
vn -0.0805 0.5756 0.8138
vn -0.6864 0.5756 0.4445
vn -0.7755 0.5756 -0.2595
vn -0.0904 0.4799 -0.8726
vn 0.6259 0.4799 -0.6148
vn 0.8709 0.4799 0.1060
vn 0.4601 0.4799 0.7470
vn -0.2972 0.4799 0.8255
vn -0.8306 0.4799 0.2823
vn -0.7386 0.4799 -0.4734
vt 0.687500 0.312500
vt 0.812500 0.312500
vt 0.937500 0.312500
s 0
usemtl Paleta
f 6087/100/4991 6088/100/4991 6090/100/4991 6089/100/4991
f 6089/100/4992 6090/100/4992 6092/100/4992 6091/100/4992
f 6091/100/4993 6092/100/4993 6094/100/4993 6093/100/4993
f 6093/100/4994 6094/100/4994 6096/100/4994 6095/100/4994
f 6090/100/4995 6088/100/4995 6098/100/4995 6096/100/4995 6094/100/4995 6092/100/4995
f 6095/100/4996 6096/100/4996 6098/100/4996 6097/100/4996
f 6097/100/4997 6098/100/4997 6088/100/4997 6087/100/4997
f 6087/100/4998 6089/100/4998 6091/100/4998 6093/100/4998 6095/100/4998 6097/100/4998
f 6099/101/4999 6106/101/4999 6100/101/4999
f 6100/101/5000 6106/101/5000 6101/101/5000
f 6101/101/5001 6106/101/5001 6102/101/5001
f 6102/101/5002 6106/101/5002 6103/101/5002
f 6103/101/5003 6106/101/5003 6104/101/5003
f 6099/101/4998 6100/101/4998 6101/101/4998 6102/101/4998 6103/101/4998 6104/101/4998 6105/101/4998
f 6104/101/5004 6106/101/5004 6105/101/5004
f 6105/101/5005 6106/101/5005 6099/101/5005
f 6107/102/5006 6114/102/5006 6108/102/5006
f 6108/102/5007 6114/102/5007 6109/102/5007
f 6109/102/5008 6114/102/5008 6110/102/5008
f 6110/102/5009 6114/102/5009 6111/102/5009
f 6111/102/5010 6114/102/5010 6112/102/5010
f 6107/102/4998 6108/102/4998 6109/102/4998 6110/102/4998 6111/102/4998 6112/102/4998 6113/102/4998
f 6112/102/5011 6114/102/5011 6113/102/5011
f 6113/102/5012 6114/102/5012 6107/102/5012
f 6115/101/5013 6122/101/5013 6116/101/5013
f 6116/101/5014 6122/101/5014 6117/101/5014
f 6117/101/5015 6122/101/5015 6118/101/5015
f 6118/101/5016 6122/101/5016 6119/101/5016
f 6119/101/5017 6122/101/5017 6120/101/5017
f 6115/101/4998 6116/101/4998 6117/101/4998 6118/101/4998 6119/101/4998 6120/101/4998 6121/101/4998
f 6120/101/5018 6122/101/5018 6121/101/5018
f 6121/101/5019 6122/101/5019 6115/101/5019
o Drzewo13
v -29.043547 0.406245 -62.012154
v -29.043547 5.551008 -62.012154
v -28.430916 0.406245 -61.658451
v -28.430916 5.551008 -61.658451
v -28.430916 0.406245 -60.951046
v -28.430916 5.551008 -60.951046
v -29.043547 0.406245 -60.597343
v -29.043547 5.551008 -60.597343
v -29.656178 0.406245 -60.951046
v -29.656178 5.551008 -60.951046
v -29.656178 0.406245 -61.658451
v -29.656178 5.551008 -61.658451
v -32.214432 2.721389 -63.928749
v -28.969036 2.721389 -65.419884
v -25.779747 2.721389 -63.812237
v -25.048166 2.721389 -60.316402
v -27.325190 2.721389 -57.564812
v -30.896170 2.721389 -57.629471
v -33.072086 2.721389 -60.461689
v -29.043547 7.351675 -61.304749
v -31.185421 5.422389 -63.703011
v -28.503946 5.422389 -64.474625
v -26.228802 5.422389 -62.859257
v -26.073217 5.422389 -60.073315
v -28.154350 5.422389 -58.214664
v -30.905067 5.422389 -58.682911
v -32.254021 5.422389 -61.125454
v -29.043547 9.538198 -61.304749
v -29.900715 8.123389 -63.316254
v -28.005323 8.123389 -63.229061
v -26.891737 8.123389 -61.692822
v -27.398506 8.123389 -59.864357
v -29.144024 8.123389 -59.120533
v -30.813881 8.123389 -60.021469
v -31.150639 8.123389 -61.888741
v -29.043547 11.724724 -61.304749
vn 0.5000 -0.0000 -0.8660
vn 1.0000 -0.0000 -0.0000
vn 0.5000 -0.0000 0.8660
vn -0.5000 -0.0000 0.8660
vn -0.0000 1.0000 -0.0000
vn -1.0000 -0.0000 -0.0000
vn -0.5000 -0.0000 -0.8660
vn -0.0000 -1.0000 -0.0000
vn -0.3259 0.6251 -0.7093
vn 0.3513 0.6251 -0.6970
vn 0.7640 0.6251 -0.1599
vn 0.6013 0.6251 0.4976
vn -0.0141 0.6251 0.7804
vn -0.6190 0.6251 0.4755
vn -0.7577 0.6251 -0.1874
vn -0.2261 0.5756 -0.7858
vn 0.4734 0.5756 -0.6668
vn 0.8165 0.5756 -0.0456
vn 0.5447 0.5756 0.6099
vn -0.1372 0.5756 0.8061
vn -0.7158 0.5756 0.3953
vn -0.7554 0.5756 -0.3132
vn 0.0403 0.4799 -0.8764
vn 0.7103 0.4799 -0.5149
vn 0.8454 0.4799 0.2343
vn 0.3439 0.4799 0.8071
vn -0.4166 0.4799 0.7721
vn -0.8634 0.4799 0.1557
vn -0.6601 0.4799 -0.5779
vt 0.687500 0.312500
vt 0.812500 0.312500
vt 0.937500 0.312500
s 0
usemtl Paleta
f 6123/103/5020 6124/103/5020 6126/103/5020 6125/103/5020
f 6125/103/5021 6126/103/5021 6128/103/5021 6127/103/5021
f 6127/103/5022 6128/103/5022 6130/103/5022 6129/103/5022
f 6129/103/5023 6130/103/5023 6132/103/5023 6131/103/5023
f 6126/103/5024 6124/103/5024 6134/103/5024 6132/103/5024 6130/103/5024 6128/103/5024
f 6131/103/5025 6132/103/5025 6134/103/5025 6133/103/5025
f 6133/103/5026 6134/103/5026 6124/103/5026 6123/103/5026
f 6123/103/5027 6125/103/5027 6127/103/5027 6129/103/5027 6131/103/5027 6133/103/5027
f 6135/104/5028 6142/104/5028 6136/104/5028
f 6136/104/5029 6142/104/5029 6137/104/5029
f 6137/104/5030 6142/104/5030 6138/104/5030
f 6138/104/5031 6142/104/5031 6139/104/5031
f 6139/104/5032 6142/104/5032 6140/104/5032
f 6135/104/5027 6136/104/5027 6137/104/5027 6138/104/5027 6139/104/5027 6140/104/5027 6141/104/5027
f 6140/104/5033 6142/104/5033 6141/104/5033
f 6141/104/5034 6142/104/5034 6135/104/5034
f 6143/105/5035 6150/105/5035 6144/105/5035
f 6144/105/5036 6150/105/5036 6145/105/5036
f 6145/105/5037 6150/105/5037 6146/105/5037
f 6146/105/5038 6150/105/5038 6147/105/5038
f 6147/105/5039 6150/105/5039 6148/105/5039
f 6143/105/5027 6144/105/5027 6145/105/5027 6146/105/5027 6147/105/5027 6148/105/5027 6149/105/5027
f 6148/105/5040 6150/105/5040 6149/105/5040
f 6149/105/5041 6150/105/5041 6143/105/5041
f 6151/104/5042 6158/104/5042 6152/104/5042
f 6152/104/5043 6158/104/5043 6153/104/5043
f 6153/104/5044 6158/104/5044 6154/104/5044
f 6154/104/5045 6158/104/5045 6155/104/5045
f 6155/104/5046 6158/104/5046 6156/104/5046
f 6151/104/5027 6152/104/5027 6153/104/5027 6154/104/5027 6155/104/5027 6156/104/5027 6157/104/5027
f 6156/104/5047 6158/104/5047 6157/104/5047
f 6157/104/5048 6158/104/5048 6151/104/5048
o Drzewo14
v 63.532482 1.225448 17.621563
v 63.532482 6.168081 17.621563
v 64.121040 1.225448 17.961369
v 64.121040 6.168081 17.961369
v 64.121040 1.225448 18.640980
v 64.121040 6.168081 18.640980
v 63.532482 1.225448 18.980785
v 63.532482 6.168081 18.980785
v 62.943920 1.225448 18.640980
v 62.943920 6.168081 18.640980
v 62.943920 1.225448 17.961369
v 62.943920 6.168081 17.961369
vn 0.5000 -0.0000 -0.8660
vn 1.0000 -0.0000 -0.0000
vn 0.5000 -0.0000 0.8660
vn -0.5000 -0.0000 0.8660
vn -0.0000 1.0000 -0.0000
vn -1.0000 -0.0000 -0.0000
vn -0.5000 -0.0000 -0.8660
vn -0.0000 -1.0000 -0.0000
vt 0.687500 0.312500
s 0
usemtl Paleta
f 6159/106/5049 6160/106/5049 6162/106/5049 6161/106/5049
f 6161/106/5050 6162/106/5050 6164/106/5050 6163/106/5050
f 6163/106/5051 6164/106/5051 6166/106/5051 6165/106/5051
f 6165/106/5052 6166/106/5052 6168/106/5052 6167/106/5052
f 6162/106/5053 6160/106/5053 6170/106/5053 6168/106/5053 6166/106/5053 6164/106/5053
f 6167/106/5054 6168/106/5054 6170/106/5054 6169/106/5054
f 6169/106/5055 6170/106/5055 6160/106/5055 6159/106/5055
f 6159/106/5056 6161/106/5056 6163/106/5056 6165/106/5056 6167/106/5056 6169/106/5056
o Drzewo15
v 0.572625 0.758468 61.144516
v 0.572625 4.577701 61.144516
v 1.027413 0.758468 61.407085
v 1.027413 4.577701 61.407085
v 1.027413 0.758468 61.932232
v 1.027413 4.577701 61.932232
v 0.572625 0.758468 62.194801
v 0.572625 4.577701 62.194801
v 0.117836 0.758468 61.932232
v 0.117836 4.577701 61.932232
v 0.117836 0.758468 61.407085
v 0.117836 4.577701 61.407085
vn 0.5000 -0.0000 -0.8660
vn 1.0000 -0.0000 -0.0000
vn 0.5000 -0.0000 0.8660
vn -0.5000 -0.0000 0.8660
vn -0.0000 1.0000 -0.0000
vn -1.0000 -0.0000 -0.0000
vn -0.5000 -0.0000 -0.8660
vn -0.0000 -1.0000 -0.0000
vt 0.687500 0.312500
s 0
usemtl Paleta
f 6171/107/5057 6172/107/5057 6174/107/5057 6173/107/5057
f 6173/107/5058 6174/107/5058 6176/107/5058 6175/107/5058
f 6175/107/5059 6176/107/5059 6178/107/5059 6177/107/5059
f 6177/107/5060 6178/107/5060 6180/107/5060 6179/107/5060
f 6174/107/5061 6172/107/5061 6182/107/5061 6180/107/5061 6178/107/5061 6176/107/5061
f 6179/107/5062 6180/107/5062 6182/107/5062 6181/107/5062
f 6181/107/5063 6182/107/5063 6172/107/5063 6171/107/5063
f 6171/107/5064 6173/107/5064 6175/107/5064 6177/107/5064 6179/107/5064 6181/107/5064
o Drzewo16
v -2.881155 0.009300 50.966663
v -2.881155 3.749650 50.966663
v -2.435760 0.009300 51.223812
v -2.435760 3.749650 51.223812
v -2.435760 0.009300 51.738110
v -2.435760 3.749650 51.738110
v -2.881155 0.009300 51.995258
v -2.881155 3.749650 51.995258
v -3.326551 0.009300 51.738110
v -3.326551 3.749650 51.738110
v -3.326551 0.009300 51.223812
v -3.326551 3.749650 51.223812
v -5.186937 1.692457 49.573841
v -2.827740 1.692457 48.489159
v -0.508765 1.692457 49.657364
v 0.023751 1.692457 52.198776
v -1.631187 1.692457 54.199657
v -4.227376 1.692457 54.153305
v -5.809834 1.692457 52.094624
v -2.881155 5.058773 51.480961
v -3.716089 3.656141 49.297428
v -1.694573 3.656141 49.466774
v -0.566578 3.656141 51.152843
v -1.181507 3.656141 53.085991
v -3.076306 3.656141 53.810520
v -4.824152 3.656141 52.780842
v -5.108883 3.656141 50.772327
v -2.881155 6.648421 51.480961
v -3.027898 5.619825 49.898098
v -1.735117 5.619825 50.379333
v -1.305326 5.619825 51.690117
v -2.062167 5.619825 52.843399
v -3.435723 5.619825 52.970737
v -4.391678 5.619825 51.976246
v -4.210179 5.619825 50.608791
v -2.881155 8.238070 51.480961
vn 0.5000 -0.0000 -0.8660
vn 1.0000 -0.0000 -0.0000
vn 0.5000 -0.0000 0.8660
vn -0.5000 -0.0000 0.8660
vn -0.0000 1.0000 -0.0000
vn -1.0000 -0.0000 -0.0000
vn -0.5000 -0.0000 -0.8660
vn -0.0000 -1.0000 -0.0000
vn -0.3261 0.6251 -0.7092
vn 0.3512 0.6251 -0.6971
vn 0.7640 0.6251 -0.1601
vn 0.6015 0.6251 0.4975
vn -0.0139 0.6251 0.7804
vn -0.6188 0.6251 0.4757
vn -0.7577 0.6251 -0.1872
vn 0.0683 0.5756 -0.8149
vn 0.6797 0.5756 -0.4547
vn 0.7793 0.5756 0.2479
vn 0.2921 0.5756 0.7638
vn -0.4151 0.5756 0.7046
vn -0.8096 0.5756 0.1148
vn -0.5945 0.5756 -0.5614
vn 0.3061 0.4799 -0.8222
vn 0.8336 0.4799 -0.2733
vn 0.7335 0.4799 0.4813
vn 0.0810 0.4799 0.8736
vn -0.6325 0.4799 0.6080
vn -0.8697 0.4799 -0.1154
vn -0.4520 0.4799 -0.7519
vt 0.687500 0.312500
vt 0.812500 0.312500
vt 0.937500 0.312500
s 0
usemtl Paleta
f 6183/108/5065 6184/108/5065 6186/108/5065 6185/108/5065
f 6185/108/5066 6186/108/5066 6188/108/5066 6187/108/5066
f 6187/108/5067 6188/108/5067 6190/108/5067 6189/108/5067
f 6189/108/5068 6190/108/5068 6192/108/5068 6191/108/5068
f 6186/108/5069 6184/108/5069 6194/108/5069 6192/108/5069 6190/108/5069 6188/108/5069
f 6191/108/5070 6192/108/5070 6194/108/5070 6193/108/5070
f 6193/108/5071 6194/108/5071 6184/108/5071 6183/108/5071
f 6183/108/5072 6185/108/5072 6187/108/5072 6189/108/5072 6191/108/5072 6193/108/5072
f 6195/109/5073 6202/109/5073 6196/109/5073
f 6196/109/5074 6202/109/5074 6197/109/5074
f 6197/109/5075 6202/109/5075 6198/109/5075
f 6198/109/5076 6202/109/5076 6199/109/5076
f 6199/109/5077 6202/109/5077 6200/109/5077
f 6195/109/5072 6196/109/5072 6197/109/5072 6198/109/5072 6199/109/5072 6200/109/5072 6201/109/5072
f 6200/109/5078 6202/109/5078 6201/109/5078
f 6201/109/5079 6202/109/5079 6195/109/5079
f 6203/110/5080 6210/110/5080 6204/110/5080
f 6204/110/5081 6210/110/5081 6205/110/5081
f 6205/110/5082 6210/110/5082 6206/110/5082
f 6206/110/5083 6210/110/5083 6207/110/5083
f 6207/110/5084 6210/110/5084 6208/110/5084
f 6203/110/5072 6204/110/5072 6205/110/5072 6206/110/5072 6207/110/5072 6208/110/5072 6209/110/5072
f 6208/110/5085 6210/110/5085 6209/110/5085
f 6209/110/5086 6210/110/5086 6203/110/5086
f 6211/109/5087 6218/109/5087 6212/109/5087
f 6212/109/5088 6218/109/5088 6213/109/5088
f 6213/109/5089 6218/109/5089 6214/109/5089
f 6214/109/5090 6218/109/5090 6215/109/5090
f 6215/109/5091 6218/109/5091 6216/109/5091
f 6211/109/5072 6212/109/5072 6213/109/5072 6214/109/5072 6215/109/5072 6216/109/5072 6217/109/5072
f 6216/109/5092 6218/109/5092 6217/109/5092
f 6217/109/5093 6218/109/5093 6211/109/5093
o Drzewo17
v -19.437496 0.086234 47.277107
v -19.437496 4.539928 47.277107
v -18.907158 0.086234 47.583298
v -18.907158 4.539928 47.583298
v -18.907158 0.086234 48.195679
v -18.907158 4.539928 48.195679
v -19.437496 0.086234 48.501869
v -19.437496 4.539928 48.501869
v -19.967834 0.086234 48.195679
v -19.967834 4.539928 48.195679
v -19.967834 0.086234 47.583298
v -19.967834 4.539928 47.583298
v -21.671783 2.090397 45.114132
v -18.660688 2.090397 44.412247
v -16.234547 2.090397 46.328796
v -16.220291 2.090397 49.420578
v -18.628656 2.090397 51.359421
v -21.646095 2.090397 50.685333
v -23.000412 2.090397 47.905914
v -19.437496 6.098721 47.889488
v -20.119732 4.428586 45.190830
v -17.752968 4.428586 45.673508
v -16.654688 4.428586 47.824867
v -17.651920 4.428586 50.024883
v -19.993727 4.428586 50.616905
v -21.916681 4.428586 49.155125
v -21.972759 4.428586 46.740295
v -19.437496 7.991540 47.889488
v -20.653833 6.766774 46.439217
v -19.062002 6.766774 46.034286
v -17.752924 6.766774 47.026363
v -17.712364 6.766774 48.668388
v -18.970863 6.766774 49.723888
v -20.580746 6.766774 49.398045
v -21.329739 6.766774 47.936230
v -19.437496 9.884360 47.889488
vn 0.5000 -0.0000 -0.8660
vn 1.0000 -0.0000 -0.0000
vn 0.5000 -0.0000 0.8660
vn -0.5000 -0.0000 0.8660
vn -0.0000 1.0000 -0.0000
vn -1.0000 -0.0000 -0.0000
vn -0.5000 -0.0000 -0.8660
vn -0.0000 -1.0000 -0.0000
vn -0.1772 0.6251 -0.7602
vn 0.4838 0.6251 -0.6125
vn 0.7805 0.6251 -0.0036
vn 0.4895 0.6251 0.6080
vn -0.1702 0.6251 0.7618
vn -0.7017 0.6251 0.3419
vn -0.7048 0.6251 -0.3354
vn 0.1634 0.5756 -0.8012
vn 0.7283 0.5756 -0.3718
vn 0.7448 0.5756 0.3376
vn 0.2004 0.5756 0.7928
vn -0.4949 0.5756 0.6510
vn -0.8175 0.5756 0.0190
vn -0.5246 0.5756 -0.6273
vn -0.2163 0.4799 -0.8502
vn 0.5299 0.4799 -0.6992
vn 0.8771 0.4799 -0.0217
vn 0.5638 0.4799 0.6722
vn -0.1740 0.4799 0.8599
vn -0.7808 0.4799 0.4001
vn -0.7996 0.4799 -0.3610
vt 0.687500 0.312500
vt 0.812500 0.312500
vt 0.937500 0.312500
s 0
usemtl Paleta
f 6219/111/5094 6220/111/5094 6222/111/5094 6221/111/5094
f 6221/111/5095 6222/111/5095 6224/111/5095 6223/111/5095
f 6223/111/5096 6224/111/5096 6226/111/5096 6225/111/5096
f 6225/111/5097 6226/111/5097 6228/111/5097 6227/111/5097
f 6222/111/5098 6220/111/5098 6230/111/5098 6228/111/5098 6226/111/5098 6224/111/5098
f 6227/111/5099 6228/111/5099 6230/111/5099 6229/111/5099
f 6229/111/5100 6230/111/5100 6220/111/5100 6219/111/5100
f 6219/111/5101 6221/111/5101 6223/111/5101 6225/111/5101 6227/111/5101 6229/111/5101
f 6231/112/5102 6238/112/5102 6232/112/5102
f 6232/112/5103 6238/112/5103 6233/112/5103
f 6233/112/5104 6238/112/5104 6234/112/5104
f 6234/112/5105 6238/112/5105 6235/112/5105
f 6235/112/5106 6238/112/5106 6236/112/5106
f 6231/112/5101 6232/112/5101 6233/112/5101 6234/112/5101 6235/112/5101 6236/112/5101 6237/112/5101
f 6236/112/5107 6238/112/5107 6237/112/5107
f 6237/112/5108 6238/112/5108 6231/112/5108
f 6239/113/5109 6246/113/5109 6240/113/5109
f 6240/113/5110 6246/113/5110 6241/113/5110
f 6241/113/5111 6246/113/5111 6242/113/5111
f 6242/113/5112 6246/113/5112 6243/113/5112
f 6243/113/5113 6246/113/5113 6244/113/5113
f 6239/113/5101 6240/113/5101 6241/113/5101 6242/113/5101 6243/113/5101 6244/113/5101 6245/113/5101
f 6244/113/5114 6246/113/5114 6245/113/5114
f 6245/113/5115 6246/113/5115 6239/113/5115
f 6247/112/5116 6254/112/5116 6248/112/5116
f 6248/112/5117 6254/112/5117 6249/112/5117
f 6249/112/5118 6254/112/5118 6250/112/5118
f 6250/112/5119 6254/112/5119 6251/112/5119
f 6251/112/5120 6254/112/5120 6252/112/5120
f 6247/112/5101 6248/112/5101 6249/112/5101 6250/112/5101 6251/112/5101 6252/112/5101 6253/112/5101
f 6252/112/5121 6254/112/5121 6253/112/5121
f 6253/112/5122 6254/112/5122 6247/112/5122
o Drzewo18
v 43.412868 0.104461 -52.251373
v 43.412868 4.800116 -52.251373
v 43.972019 0.104461 -51.928547
v 43.972019 4.800116 -51.928547
v 43.972019 0.104461 -51.282894
v 43.972019 4.800116 -51.282894
v 43.412868 0.104461 -50.960068
v 43.412868 4.800116 -50.960068
v 42.853718 0.104461 -51.282894
v 42.853718 4.800116 -51.282894
v 42.853718 0.104461 -51.928547
v 42.853718 4.800116 -51.928547
vn 0.5000 -0.0000 -0.8660
vn 1.0000 -0.0000 -0.0000
vn 0.5000 -0.0000 0.8660
vn -0.5000 -0.0000 0.8660
vn -0.0000 1.0000 -0.0000
vn -1.0000 -0.0000 -0.0000
vn -0.5000 -0.0000 -0.8660
vn -0.0000 -1.0000 -0.0000
vt 0.687500 0.312500
s 0
usemtl Paleta
f 6255/114/5123 6256/114/5123 6258/114/5123 6257/114/5123
f 6257/114/5124 6258/114/5124 6260/114/5124 6259/114/5124
f 6259/114/5125 6260/114/5125 6262/114/5125 6261/114/5125
f 6261/114/5126 6262/114/5126 6264/114/5126 6263/114/5126
f 6258/114/5127 6256/114/5127 6266/114/5127 6264/114/5127 6262/114/5127 6260/114/5127
f 6263/114/5128 6264/114/5128 6266/114/5128 6265/114/5128
f 6265/114/5129 6266/114/5129 6256/114/5129 6255/114/5129
f 6255/114/5130 6257/114/5130 6259/114/5130 6261/114/5130 6263/114/5130 6265/114/5130
o Drzewo19
v -46.507320 -1.041272 35.536457
v -46.507320 2.645640 35.536457
v -46.068287 -1.041272 35.789932
v -46.068287 2.645640 35.789932
v -46.068287 -1.041272 36.296883
v -46.068287 2.645640 36.296883
v -46.507320 -1.041272 36.550358
v -46.507320 2.645640 36.550358
v -46.946354 -1.041272 36.296883
v -46.946354 2.645640 36.296883
v -46.946354 -1.041272 35.789932
v -46.946354 2.645640 35.789932
v -47.649658 0.617838 33.324070
v -45.093491 0.617838 33.454815
v -43.601971 0.617838 35.534821
v -44.298237 0.617838 37.997803
v -46.657986 0.617838 38.989086
v -48.904285 0.617838 37.762211
v -49.345619 0.617838 35.241043
v -46.507320 3.936059 36.043407
v -48.296852 2.553467 34.591694
v -46.488083 2.553467 33.739166
v -44.693798 2.553467 34.621780
v -44.265133 2.553467 36.574905
v -45.524883 2.553467 38.127804
v -47.524426 2.553467 38.111107
v -48.758068 2.553467 36.537392
v -46.507320 5.502996 36.043407
v -47.576706 4.489096 34.898109
v -46.278637 4.489096 34.493248
v -45.152775 4.489096 35.255688
v -45.046913 4.489096 36.611298
v -46.040768 4.489096 37.539276
v -47.385944 4.489096 37.340832
v -48.069500 4.489096 36.165401
v -46.507320 7.069934 36.043407
vn 0.5000 -0.0000 -0.8660
vn 1.0000 -0.0000 -0.0000
vn 0.5000 -0.0000 0.8660
vn -0.5000 -0.0000 0.8660
vn -0.0000 1.0000 -0.0000
vn -1.0000 -0.0000 -0.0000
vn -0.5000 -0.0000 -0.8660
vn -0.0000 -1.0000 -0.0000
vn 0.0399 0.6251 -0.7795
vn 0.6343 0.6251 -0.4549
vn 0.7511 0.6251 0.2123
vn 0.3023 0.6251 0.7196
vn -0.3741 0.6251 0.6850
vn -0.7688 0.6251 0.1346
vn -0.5846 0.6251 -0.5172
vn -0.3486 0.5756 -0.7397
vn 0.3609 0.5756 -0.7338
vn 0.7987 0.5756 -0.1753
vn 0.6351 0.5756 0.5152
vn -0.0068 0.5756 0.8177
vn -0.6436 0.5756 0.5045
vn -0.7957 0.5756 -0.1886
vn -0.2612 0.4799 -0.8375
vn 0.4919 0.4799 -0.7264
vn 0.8747 0.4799 -0.0683
vn 0.5987 0.4799 0.6412
vn -0.1280 0.4799 0.8679
vn -0.7584 0.4799 0.4410
vn -0.8177 0.4799 -0.3180
vt 0.687500 0.312500
vt 0.812500 0.312500
vt 0.937500 0.312500
s 0
usemtl Paleta
f 6267/115/5131 6268/115/5131 6270/115/5131 6269/115/5131
f 6269/115/5132 6270/115/5132 6272/115/5132 6271/115/5132
f 6271/115/5133 6272/115/5133 6274/115/5133 6273/115/5133
f 6273/115/5134 6274/115/5134 6276/115/5134 6275/115/5134
f 6270/115/5135 6268/115/5135 6278/115/5135 6276/115/5135 6274/115/5135 6272/115/5135
f 6275/115/5136 6276/115/5136 6278/115/5136 6277/115/5136
f 6277/115/5137 6278/115/5137 6268/115/5137 6267/115/5137
f 6267/115/5138 6269/115/5138 6271/115/5138 6273/115/5138 6275/115/5138 6277/115/5138
f 6279/116/5139 6286/116/5139 6280/116/5139
f 6280/116/5140 6286/116/5140 6281/116/5140
f 6281/116/5141 6286/116/5141 6282/116/5141
f 6282/116/5142 6286/116/5142 6283/116/5142
f 6283/116/5143 6286/116/5143 6284/116/5143
f 6279/116/5138 6280/116/5138 6281/116/5138 6282/116/5138 6283/116/5138 6284/116/5138 6285/116/5138
f 6284/116/5144 6286/116/5144 6285/116/5144
f 6285/116/5145 6286/116/5145 6279/116/5145
f 6287/117/5146 6294/117/5146 6288/117/5146
f 6288/117/5147 6294/117/5147 6289/117/5147
f 6289/117/5148 6294/117/5148 6290/117/5148
f 6290/117/5149 6294/117/5149 6291/117/5149
f 6291/117/5150 6294/117/5150 6292/117/5150
f 6287/117/5138 6288/117/5138 6289/117/5138 6290/117/5138 6291/117/5138 6292/117/5138 6293/117/5138
f 6292/117/5151 6294/117/5151 6293/117/5151
f 6293/117/5152 6294/117/5152 6287/117/5152
f 6295/116/5153 6302/116/5153 6296/116/5153
f 6296/116/5154 6302/116/5154 6297/116/5154
f 6297/116/5155 6302/116/5155 6298/116/5155
f 6298/116/5156 6302/116/5156 6299/116/5156
f 6299/116/5157 6302/116/5157 6300/116/5157
f 6295/116/5138 6296/116/5138 6297/116/5138 6298/116/5138 6299/116/5138 6300/116/5138 6301/116/5138
f 6300/116/5158 6302/116/5158 6301/116/5158
f 6301/116/5159 6302/116/5159 6295/116/5159
o Drzewo20
v 44.132393 -0.142056 -40.703041
v 44.132393 4.664907 -40.703041
v 44.704800 -0.142056 -40.372562
v 44.704800 4.664907 -40.372562
v 44.704800 -0.142056 -39.711605
v 44.704800 4.664907 -39.711605
v 44.132393 -0.142056 -39.381126
v 44.132393 4.664907 -39.381126
v 43.559986 -0.142056 -39.711605
v 43.559986 4.664907 -39.711605
v 43.559986 -0.142056 -40.372562
v 43.559986 4.664907 -40.372562
vn 0.5000 -0.0000 -0.8660
vn 1.0000 -0.0000 -0.0000
vn 0.5000 -0.0000 0.8660
vn -0.5000 -0.0000 0.8660
vn -0.0000 1.0000 -0.0000
vn -1.0000 -0.0000 -0.0000
vn -0.5000 -0.0000 -0.8660
vn -0.0000 -1.0000 -0.0000
vt 0.687500 0.312500
s 0
usemtl Paleta
f 6303/118/5160 6304/118/5160 6306/118/5160 6305/118/5160
f 6305/118/5161 6306/118/5161 6308/118/5161 6307/118/5161
f 6307/118/5162 6308/118/5162 6310/118/5162 6309/118/5162
f 6309/118/5163 6310/118/5163 6312/118/5163 6311/118/5163
f 6306/118/5164 6304/118/5164 6314/118/5164 6312/118/5164 6310/118/5164 6308/118/5164
f 6311/118/5165 6312/118/5165 6314/118/5165 6313/118/5165
f 6313/118/5166 6314/118/5166 6304/118/5166 6303/118/5166
f 6303/118/5167 6305/118/5167 6307/118/5167 6309/118/5167 6311/118/5167 6313/118/5167
o Drzewo21
v -32.571846 -0.459195 -35.840050
v -32.571846 3.159628 -35.840050
v -32.140923 -0.459195 -35.591255
v -32.140923 3.159628 -35.591255
v -32.140923 -0.459195 -35.093666
v -32.140923 3.159628 -35.093666
v -32.571846 -0.459195 -34.844872
v -32.571846 3.159628 -34.844872
v -33.002769 -0.459195 -35.093666
v -33.002769 3.159628 -35.093666
v -33.002769 -0.459195 -35.591255
v -33.002769 3.159628 -35.591255
v -33.122746 1.169276 -38.184620
v -30.693235 1.169276 -37.545227
v -29.678358 1.169276 -35.247108
v -30.842337 1.169276 -33.020790
v -33.308670 1.169276 -32.542736
v -35.220161 1.169276 -34.172935
v -35.137417 1.169276 -36.683807
v -32.571846 4.426217 -35.342461
v -33.533543 3.069158 -37.389587
v -31.570946 3.069158 -37.370705
v -30.362049 3.069158 -35.824516
v -30.817175 3.069158 -33.915329
v -32.593605 3.069158 -33.080799
v -34.353649 3.069158 -33.949348
v -34.771961 3.069158 -35.866940
v -32.571846 5.964217 -35.342461
v -32.879505 4.969040 -36.849377
v -31.585514 4.969040 -36.522541
v -31.034252 4.969040 -35.307083
v -31.640831 4.969040 -34.118263
v -32.948483 4.969040 -33.851292
v -33.972519 4.969040 -34.707195
v -33.941822 4.969040 -36.041470
v -32.571846 7.502217 -35.342461
vn 0.5000 -0.0000 -0.8660
vn 1.0000 -0.0000 -0.0000
vn 0.5000 -0.0000 0.8660
vn -0.5000 -0.0000 0.8660
vn -0.0000 1.0000 -0.0000
vn -1.0000 -0.0000 -0.0000
vn -0.5000 -0.0000 -0.8660
vn -0.0000 -1.0000 -0.0000
vn 0.1987 0.6251 -0.7548
vn 0.7140 0.6251 -0.3153
vn 0.6917 0.6251 0.3616
vn 0.1485 0.6251 0.7663
vn -0.5065 0.6251 0.5939
vn -0.7801 0.6251 -0.0257
vn -0.4663 0.6251 -0.6259
vn 0.0079 0.5756 -0.8177
vn 0.6442 0.5756 -0.5037
vn 0.7954 0.5756 0.1896
vn 0.3477 0.5756 0.7401
vn -0.3619 0.5756 0.7333
vn -0.7989 0.5756 0.1743
vn -0.6344 0.5756 -0.5160
vn 0.2148 0.4799 -0.8506
vn 0.7990 0.4799 -0.3624
vn 0.7815 0.4799 0.3987
vn 0.1755 0.4799 0.8596
vn -0.5626 0.4799 0.6732
vn -0.8771 0.4799 -0.0202
vn -0.5311 0.4799 -0.6983
vt 0.687500 0.312500
vt 0.812500 0.312500
vt 0.937500 0.312500
s 0
usemtl Paleta
f 6315/119/5168 6316/119/5168 6318/119/5168 6317/119/5168
f 6317/119/5169 6318/119/5169 6320/119/5169 6319/119/5169
f 6319/119/5170 6320/119/5170 6322/119/5170 6321/119/5170
f 6321/119/5171 6322/119/5171 6324/119/5171 6323/119/5171
f 6318/119/5172 6316/119/5172 6326/119/5172 6324/119/5172 6322/119/5172 6320/119/5172
f 6323/119/5173 6324/119/5173 6326/119/5173 6325/119/5173
f 6325/119/5174 6326/119/5174 6316/119/5174 6315/119/5174
f 6315/119/5175 6317/119/5175 6319/119/5175 6321/119/5175 6323/119/5175 6325/119/5175
f 6327/120/5176 6334/120/5176 6328/120/5176
f 6328/120/5177 6334/120/5177 6329/120/5177
f 6329/120/5178 6334/120/5178 6330/120/5178
f 6330/120/5179 6334/120/5179 6331/120/5179
f 6331/120/5180 6334/120/5180 6332/120/5180
f 6327/120/5175 6328/120/5175 6329/120/5175 6330/120/5175 6331/120/5175 6332/120/5175 6333/120/5175
f 6332/120/5181 6334/120/5181 6333/120/5181
f 6333/120/5182 6334/120/5182 6327/120/5182
f 6335/121/5183 6342/121/5183 6336/121/5183
f 6336/121/5184 6342/121/5184 6337/121/5184
f 6337/121/5185 6342/121/5185 6338/121/5185
f 6338/121/5186 6342/121/5186 6339/121/5186
f 6339/121/5187 6342/121/5187 6340/121/5187
f 6335/121/5175 6336/121/5175 6337/121/5175 6338/121/5175 6339/121/5175 6340/121/5175 6341/121/5175
f 6340/121/5188 6342/121/5188 6341/121/5188
f 6341/121/5189 6342/121/5189 6335/121/5189
f 6343/120/5190 6350/120/5190 6344/120/5190
f 6344/120/5191 6350/120/5191 6345/120/5191
f 6345/120/5192 6350/120/5192 6346/120/5192
f 6346/120/5193 6350/120/5193 6347/120/5193
f 6347/120/5194 6350/120/5194 6348/120/5194
f 6343/120/5175 6344/120/5175 6345/120/5175 6346/120/5175 6347/120/5175 6348/120/5175 6349/120/5175
f 6348/120/5195 6350/120/5195 6349/120/5195
f 6349/120/5196 6350/120/5196 6343/120/5196
o Drzewo22
v -49.433369 -0.322106 -14.107790
v -49.433369 3.361307 -14.107790
v -48.994755 -0.322106 -13.854555
v -48.994755 3.361307 -13.854555
v -48.994755 -0.322106 -13.348085
v -48.994755 3.361307 -13.348085
v -49.433369 -0.322106 -13.094851
v -49.433369 3.361307 -13.094851
v -49.871983 -0.322106 -13.348085
v -49.871983 3.361307 -13.348085
v -49.871983 -0.322106 -13.854555
v -49.871983 3.361307 -13.854555
vn 0.5000 -0.0000 -0.8660
vn 1.0000 -0.0000 -0.0000
vn 0.5000 -0.0000 0.8660
vn -0.5000 -0.0000 0.8660
vn -0.0000 1.0000 -0.0000
vn -1.0000 -0.0000 -0.0000
vn -0.5000 -0.0000 -0.8660
vn -0.0000 -1.0000 -0.0000
vt 0.687500 0.312500
s 0
usemtl Paleta
f 6351/122/5197 6352/122/5197 6354/122/5197 6353/122/5197
f 6353/122/5198 6354/122/5198 6356/122/5198 6355/122/5198
f 6355/122/5199 6356/122/5199 6358/122/5199 6357/122/5199
f 6357/122/5200 6358/122/5200 6360/122/5200 6359/122/5200
f 6354/122/5201 6352/122/5201 6362/122/5201 6360/122/5201 6358/122/5201 6356/122/5201
f 6359/122/5202 6360/122/5202 6362/122/5202 6361/122/5202
f 6361/122/5203 6362/122/5203 6352/122/5203 6351/122/5203
f 6351/122/5204 6353/122/5204 6355/122/5204 6357/122/5204 6359/122/5204 6361/122/5204
o Drzewo23
v -50.695839 -0.631196 -25.840954
v -50.695839 3.480846 -25.840954
v -50.206184 -0.631196 -25.558252
v -50.206184 3.480846 -25.558252
v -50.206184 -0.631196 -24.992846
v -50.206184 3.480846 -24.992846
v -50.695839 -0.631196 -24.710144
v -50.695839 3.480846 -24.710144
v -51.185493 -0.631196 -24.992846
v -51.185493 3.480846 -24.992846
v -51.185493 -0.631196 -25.558252
v -51.185493 3.480846 -25.558252
vn 0.5000 -0.0000 -0.8660
vn 1.0000 -0.0000 -0.0000
vn 0.5000 -0.0000 0.8660
vn -0.5000 -0.0000 0.8660
vn -0.0000 1.0000 -0.0000
vn -1.0000 -0.0000 -0.0000
vn -0.5000 -0.0000 -0.8660
vn -0.0000 -1.0000 -0.0000
vt 0.687500 0.312500
s 0
usemtl Paleta
f 6363/123/5205 6364/123/5205 6366/123/5205 6365/123/5205
f 6365/123/5206 6366/123/5206 6368/123/5206 6367/123/5206
f 6367/123/5207 6368/123/5207 6370/123/5207 6369/123/5207
f 6369/123/5208 6370/123/5208 6372/123/5208 6371/123/5208
f 6366/123/5209 6364/123/5209 6374/123/5209 6372/123/5209 6370/123/5209 6368/123/5209
f 6371/123/5210 6372/123/5210 6374/123/5210 6373/123/5210
f 6373/123/5211 6374/123/5211 6364/123/5211 6363/123/5211
f 6363/123/5212 6365/123/5212 6367/123/5212 6369/123/5212 6371/123/5212 6373/123/5212
o Drzewo24
v 44.051060 -0.904385 27.916321
v 44.051060 2.771199 27.916321
v 44.488743 -0.904385 28.169016
v 44.488743 2.771199 28.169016
v 44.488743 -0.904385 28.674410
v 44.488743 2.771199 28.674410
v 44.051060 -0.904385 28.927105
v 44.051060 2.771199 28.927105
v 43.613377 -0.904385 28.674410
v 43.613377 2.771199 28.674410
v 43.613377 -0.904385 28.169016
v 43.613377 2.771199 28.169016
vn 0.5000 -0.0000 -0.8660
vn 1.0000 -0.0000 -0.0000
vn 0.5000 -0.0000 0.8660
vn -0.5000 -0.0000 0.8660
vn -0.0000 1.0000 -0.0000
vn -1.0000 -0.0000 -0.0000
vn -0.5000 -0.0000 -0.8660
vn -0.0000 -1.0000 -0.0000
vt 0.687500 0.312500
s 0
usemtl Paleta
f 6375/124/5213 6376/124/5213 6378/124/5213 6377/124/5213
f 6377/124/5214 6378/124/5214 6380/124/5214 6379/124/5214
f 6379/124/5215 6380/124/5215 6382/124/5215 6381/124/5215
f 6381/124/5216 6382/124/5216 6384/124/5216 6383/124/5216
f 6378/124/5217 6376/124/5217 6386/124/5217 6384/124/5217 6382/124/5217 6380/124/5217
f 6383/124/5218 6384/124/5218 6386/124/5218 6385/124/5218
f 6385/124/5219 6386/124/5219 6376/124/5219 6375/124/5219
f 6375/124/5220 6377/124/5220 6379/124/5220 6381/124/5220 6383/124/5220 6385/124/5220
o Drzewo25
v -59.604210 -0.649003 14.367226
v -59.604210 3.609411 14.367226
v -59.097126 -0.649003 14.659992
v -59.097126 3.609411 14.659992
v -59.097126 -0.649003 15.245523
v -59.097126 3.609411 15.245523
v -59.604210 -0.649003 15.538290
v -59.604210 3.609411 15.538290
v -60.111294 -0.649003 15.245523
v -60.111294 3.609411 15.245523
v -60.111294 -0.649003 14.659992
v -60.111294 3.609411 14.659992
vn 0.5000 -0.0000 -0.8660
vn 1.0000 -0.0000 -0.0000
vn 0.5000 -0.0000 0.8660
vn -0.5000 -0.0000 0.8660
vn -0.0000 1.0000 -0.0000
vn -1.0000 -0.0000 -0.0000
vn -0.5000 -0.0000 -0.8660
vn -0.0000 -1.0000 -0.0000
vt 0.687500 0.312500
s 0
usemtl Paleta
f 6387/125/5221 6388/125/5221 6390/125/5221 6389/125/5221
f 6389/125/5222 6390/125/5222 6392/125/5222 6391/125/5222
f 6391/125/5223 6392/125/5223 6394/125/5223 6393/125/5223
f 6393/125/5224 6394/125/5224 6396/125/5224 6395/125/5224
f 6390/125/5225 6388/125/5225 6398/125/5225 6396/125/5225 6394/125/5225 6392/125/5225
f 6395/125/5226 6396/125/5226 6398/125/5226 6397/125/5226
f 6397/125/5227 6398/125/5227 6388/125/5227 6387/125/5227
f 6387/125/5228 6389/125/5228 6391/125/5228 6393/125/5228 6395/125/5228 6397/125/5228
o Drzewo26
v 22.183250 -0.202218 49.196815
v 22.183250 3.812434 49.196815
v 22.661308 -0.202218 49.472820
v 22.661308 3.812434 49.472820
v 22.661308 -0.202218 50.024837
v 22.661308 3.812434 50.024837
v 22.183250 -0.202218 50.300842
v 22.183250 3.812434 50.300842
v 21.705193 -0.202218 50.024837
v 21.705193 3.812434 50.024837
v 21.705193 -0.202218 49.472820
v 21.705193 3.812434 49.472820
vn 0.5000 -0.0000 -0.8660
vn 1.0000 -0.0000 -0.0000
vn 0.5000 -0.0000 0.8660
vn -0.5000 -0.0000 0.8660
vn -0.0000 1.0000 -0.0000
vn -1.0000 -0.0000 -0.0000
vn -0.5000 -0.0000 -0.8660
vn -0.0000 -1.0000 -0.0000
vt 0.687500 0.312500
s 0
usemtl Paleta
f 6399/126/5229 6400/126/5229 6402/126/5229 6401/126/5229
f 6401/126/5230 6402/126/5230 6404/126/5230 6403/126/5230
f 6403/126/5231 6404/126/5231 6406/126/5231 6405/126/5231
f 6405/126/5232 6406/126/5232 6408/126/5232 6407/126/5232
f 6402/126/5233 6400/126/5233 6410/126/5233 6408/126/5233 6406/126/5233 6404/126/5233
f 6407/126/5234 6408/126/5234 6410/126/5234 6409/126/5234
f 6409/126/5235 6410/126/5235 6400/126/5235 6399/126/5235
f 6399/126/5236 6401/126/5236 6403/126/5236 6405/126/5236 6407/126/5236 6409/126/5236
o Kamien1
v 40.833679 -1.457625 8.391246
v 42.484261 -0.687587 6.462526
v 42.126789 -0.717512 9.493610
v 40.481701 -0.877096 11.860633
v 39.179928 -0.921170 9.527857
v 40.560318 -0.637732 6.360095
v 42.616459 0.839495 8.018908
v 41.348682 0.428226 11.561493
v 39.768105 0.613023 10.665127
v 39.937206 0.530474 8.221688
v 41.164883 0.886192 6.282305
v 41.176620 1.667522 8.764836
vn 0.4662 -0.8835 0.0463
vn -0.0041 -0.9275 -0.3738
vn 0.3611 -0.9131 0.1894
vn -0.2174 -0.9660 0.1396
vn -0.4636 -0.8415 -0.2773
vn 0.0512 -0.0712 -0.9962
vn 0.9734 -0.1993 0.1128
vn 0.7672 -0.3934 0.5066
vn -0.8727 -0.0268 0.4875
vn -0.9133 0.1287 -0.3865
vn 0.6711 0.4999 -0.5475
vn 0.9403 0.0258 0.3395
vn -0.4005 0.4490 0.7987
vn -0.9106 0.4060 -0.0767
vn -0.8290 0.3049 -0.4688
vn 0.3648 0.8876 -0.2811
vn 0.5871 0.7529 0.2975
vn -0.1259 0.9041 0.4084
vn -0.6573 0.7503 -0.0708
vn -0.5979 0.7654 -0.2381
vt 0.437500 0.312500
s 0
usemtl Paleta
f 6411/127/5237 6412/127/5237 6413/127/5237
f 6412/127/5238 6411/127/5238 6416/127/5238
f 6411/127/5239 6413/127/5239 6414/127/5239
f 6411/127/5240 6414/127/5240 6415/127/5240
f 6411/127/5241 6415/127/5241 6416/127/5241
f 6412/127/5242 6416/127/5242 6421/127/5242
f 6413/127/5243 6412/127/5243 6417/127/5243
f 6414/127/5244 6413/127/5244 6418/127/5244
f 6415/127/5245 6414/127/5245 6419/127/5245
f 6416/127/5246 6415/127/5246 6420/127/5246
f 6412/127/5247 6421/127/5247 6417/127/5247
f 6413/127/5248 6417/127/5248 6418/127/5248
f 6414/127/5249 6418/127/5249 6419/127/5249
f 6415/127/5250 6419/127/5250 6420/127/5250
f 6416/127/5251 6420/127/5251 6421/127/5251
f 6417/127/5252 6421/127/5252 6422/127/5252
f 6418/127/5253 6417/127/5253 6422/127/5253
f 6419/127/5254 6418/127/5254 6422/127/5254
f 6420/127/5255 6419/127/5255 6422/127/5255
f 6421/127/5256 6420/127/5256 6422/127/5256
o Kamien2
v 51.697712 -0.466182 0.661545
v 52.592628 0.075577 -0.357445
v 52.674648 0.076834 1.494336
v 51.202072 0.170662 2.181955
v 50.453190 0.112067 0.747172
v 51.167797 -0.061994 -0.405393
v 52.992401 0.708866 0.437295
v 51.801445 0.671488 2.015553
v 50.432594 0.756629 1.407627
v 50.527775 0.859997 -0.114564
v 52.064785 0.827857 -0.834096
v 51.508167 1.112041 0.787639
vn 0.4997 -0.8659 -0.0215
vn 0.1014 -0.9126 -0.3961
vn 0.1394 -0.8963 0.4209
vn -0.3950 -0.8861 0.2424
vn -0.4251 -0.8960 -0.1283
vn 0.0769 -0.4946 -0.8657
vn 0.8658 -0.4989 -0.0380
vn 0.4057 -0.1883 0.8944
vn -0.7789 -0.4608 0.4254
vn -0.7989 -0.4183 -0.4322
vn 0.7999 0.2035 -0.5646
vn 0.6707 0.5302 0.5187
vn -0.2936 0.5989 0.7450
vn -0.9977 0.0300 -0.0604
vn -0.4241 -0.0088 -0.9056
vn 0.2422 0.9664 -0.0862
vn 0.3091 0.9162 0.2549
vn -0.1009 0.9285 0.3572
vn -0.2890 0.9562 0.0469
vn -0.0712 0.9780 -0.1958
vt 0.562500 0.312500
s 0
usemtl Paleta
f 6423/128/5257 6424/128/5257 6425/128/5257
f 6424/128/5258 6423/128/5258 6428/128/5258
f 6423/128/5259 6425/128/5259 6426/128/5259
f 6423/128/5260 6426/128/5260 6427/128/5260
f 6423/128/5261 6427/128/5261 6428/128/5261
f 6424/128/5262 6428/128/5262 6433/128/5262
f 6425/128/5263 6424/128/5263 6429/128/5263
f 6426/128/5264 6425/128/5264 6430/128/5264
f 6427/128/5265 6426/128/5265 6431/128/5265
f 6428/128/5266 6427/128/5266 6432/128/5266
f 6424/128/5267 6433/128/5267 6429/128/5267
f 6425/128/5268 6429/128/5268 6430/128/5268
f 6426/128/5269 6430/128/5269 6431/128/5269
f 6427/128/5270 6431/128/5270 6432/128/5270
f 6428/128/5271 6432/128/5271 6433/128/5271
f 6429/128/5272 6433/128/5272 6434/128/5272
f 6430/128/5273 6429/128/5273 6434/128/5273
f 6431/128/5274 6430/128/5274 6434/128/5274
f 6432/128/5275 6431/128/5275 6434/128/5275
f 6433/128/5276 6432/128/5276 6434/128/5276
o Kamien3
v 42.248981 -0.922264 -15.460429
v 43.594604 0.246352 -16.965719
v 44.097610 0.098928 -14.656891
v 42.141354 -0.031576 -12.286703
v 40.724586 0.140226 -14.514854
v 41.373035 0.268258 -17.530193
v 44.057026 1.790684 -15.424874
v 43.422493 1.756146 -13.456938
v 41.003765 1.749122 -13.609994
v 41.003773 1.797807 -15.621322
v 42.773800 1.498141 -18.126047
v 42.199959 2.729628 -15.154065
vn 0.5318 -0.8299 -0.1689
vn 0.1276 -0.8355 -0.5345
vn 0.3768 -0.8884 0.2621
vn -0.4590 -0.8593 0.2256
vn -0.6317 -0.7568 -0.1680
vn 0.1921 -0.5964 -0.7793
vn 0.9733 -0.0751 -0.2168
vn 0.7674 -0.1404 0.6256
vn -0.8397 -0.1481 0.5225
vn -0.9776 0.0250 -0.2092
vn 0.8823 0.1727 -0.4379
vn 0.9385 0.1612 0.3054
vn -0.0534 0.5734 0.8175
vn -0.9857 0.1687 0.0041
vn -0.6739 0.5074 -0.5370
vn 0.3993 0.8717 -0.2841
vn 0.4641 0.8703 0.1649
vn -0.0351 0.8558 0.5162
vn -0.6190 0.7851 0.0190
vn -0.4529 0.7893 -0.4145
vt 0.562500 0.312500
s 0
usemtl Paleta
f 6435/129/5277 6436/129/5277 6437/129/5277
f 6436/129/5278 6435/129/5278 6440/129/5278
f 6435/129/5279 6437/129/5279 6438/129/5279
f 6435/129/5280 6438/129/5280 6439/129/5280
f 6435/129/5281 6439/129/5281 6440/129/5281
f 6436/129/5282 6440/129/5282 6445/129/5282
f 6437/129/5283 6436/129/5283 6441/129/5283
f 6438/129/5284 6437/129/5284 6442/129/5284
f 6439/129/5285 6438/129/5285 6443/129/5285
f 6440/129/5286 6439/129/5286 6444/129/5286
f 6436/129/5287 6445/129/5287 6441/129/5287
f 6437/129/5288 6441/129/5288 6442/129/5288
f 6438/129/5289 6442/129/5289 6443/129/5289
f 6439/129/5290 6443/129/5290 6444/129/5290
f 6440/129/5291 6444/129/5291 6445/129/5291
f 6441/129/5292 6445/129/5292 6446/129/5292
f 6442/129/5293 6441/129/5293 6446/129/5293
f 6443/129/5294 6442/129/5294 6446/129/5294
f 6444/129/5295 6443/129/5295 6446/129/5295
f 6445/129/5296 6444/129/5296 6446/129/5296
o Kamien4
v 24.342516 -0.352754 -25.895325
v 25.246481 -0.068117 -25.574631
v 24.156160 0.099774 -24.673761
v 23.378302 0.067875 -25.736839
v 23.770325 0.027467 -27.287388
v 25.054235 0.024758 -27.052380
v 24.996420 0.560616 -25.319857
v 23.774530 0.632767 -25.286579
v 23.395340 0.618679 -26.418371
v 24.298752 0.577757 -27.510044
v 25.586840 0.764101 -26.548641
v 24.214161 1.177736 -26.122265
vn 0.1597 -0.9175 0.3643
vn 0.3315 -0.9379 -0.1021
vn -0.3450 -0.8961 0.2793
vn -0.4096 -0.9088 -0.0799
vn 0.0496 -0.9581 -0.2821
vn 0.8466 -0.5129 -0.1424
vn 0.6299 -0.0632 0.7741
vn -0.8046 0.0974 0.5858
vn -0.9387 -0.2563 -0.2306
vn 0.1554 -0.4951 -0.8548
vn 0.8776 0.1670 0.4493
vn 0.0628 0.7721 0.6324
vn -0.8767 0.3846 0.2889
vn -0.6895 0.4248 -0.5866
vn 0.5811 0.1289 -0.8036
vn 0.3630 0.8754 0.3194
vn 0.0639 0.8202 0.5685
vn -0.5997 0.7770 0.1912
vn -0.4233 0.8219 -0.3811
vn 0.1550 0.9102 -0.3841
vt 0.562500 0.312500
s 0
usemtl Paleta
f 6447/130/5297 6448/130/5297 6449/130/5297
f 6448/130/5298 6447/130/5298 6452/130/5298
f 6447/130/5299 6449/130/5299 6450/130/5299
f 6447/130/5300 6450/130/5300 6451/130/5300
f 6447/130/5301 6451/130/5301 6452/130/5301
f 6448/130/5302 6452/130/5302 6457/130/5302
f 6449/130/5303 6448/130/5303 6453/130/5303
f 6450/130/5304 6449/130/5304 6454/130/5304
f 6451/130/5305 6450/130/5305 6455/130/5305
f 6452/130/5306 6451/130/5306 6456/130/5306
f 6448/130/5307 6457/130/5307 6453/130/5307
f 6449/130/5308 6453/130/5308 6454/130/5308
f 6450/130/5309 6454/130/5309 6455/130/5309
f 6451/130/5310 6455/130/5310 6456/130/5310
f 6452/130/5311 6456/130/5311 6457/130/5311
f 6453/130/5312 6457/130/5312 6458/130/5312
f 6454/130/5313 6453/130/5313 6458/130/5313
f 6455/130/5314 6454/130/5314 6458/130/5314
f 6456/130/5315 6455/130/5315 6458/130/5315
f 6457/130/5316 6456/130/5316 6458/130/5316
o Kamien5
v 40.728779 -1.352870 36.632469
v 43.229874 -0.814147 35.901718
v 40.945686 -0.842116 37.803440
v 38.668709 -0.887046 37.260109
v 39.244465 -0.590200 35.561085
v 42.080093 -0.747049 33.965744
v 42.486950 0.353867 37.263161
v 39.193306 0.395560 38.094807
v 38.513550 0.411520 36.556339
v 39.958549 0.107190 34.582954
v 42.373798 0.288336 34.959564
v 41.068577 1.207140 36.246811
vn 0.2912 -0.8955 0.3366
vn 0.1707 -0.9760 -0.1352
vn -0.0801 -0.9081 0.4110
vn -0.2873 -0.9223 -0.2585
vn -0.2345 -0.9155 -0.3268
vn 0.8397 0.2327 -0.4906
vn 0.5792 -0.4351 0.6893
vn -0.1950 -0.4777 0.8566
vn -0.8873 -0.2971 -0.3526
vn -0.4307 -0.5560 -0.7109
vn 0.8114 0.5818 -0.0564
vn 0.2445 0.1196 0.9622
vn -0.9088 0.1096 0.4027
vn -0.8070 -0.0020 -0.5906
vn 0.0625 0.6818 -0.7288
vn 0.5411 0.8394 -0.0505
vn 0.1405 0.8461 0.5142
vn -0.2799 0.9507 0.1335
vn -0.3168 0.8747 -0.3669
vn 0.0259 0.8259 -0.5632
vt 0.437500 0.312500
s 0
usemtl Paleta
f 6459/131/5317 6460/131/5317 6461/131/5317
f 6460/131/5318 6459/131/5318 6464/131/5318
f 6459/131/5319 6461/131/5319 6462/131/5319
f 6459/131/5320 6462/131/5320 6463/131/5320
f 6459/131/5321 6463/131/5321 6464/131/5321
f 6460/131/5322 6464/131/5322 6469/131/5322
f 6461/131/5323 6460/131/5323 6465/131/5323
f 6462/131/5324 6461/131/5324 6466/131/5324
f 6463/131/5325 6462/131/5325 6467/131/5325
f 6464/131/5326 6463/131/5326 6468/131/5326
f 6460/131/5327 6469/131/5327 6465/131/5327
f 6461/131/5328 6465/131/5328 6466/131/5328
f 6462/131/5329 6466/131/5329 6467/131/5329
f 6463/131/5330 6467/131/5330 6468/131/5330
f 6464/131/5331 6468/131/5331 6469/131/5331
f 6465/131/5332 6469/131/5332 6470/131/5332
f 6466/131/5333 6465/131/5333 6470/131/5333
f 6467/131/5334 6466/131/5334 6470/131/5334
f 6468/131/5335 6467/131/5335 6470/131/5335
f 6469/131/5336 6468/131/5336 6470/131/5336
o Kamien6
v 32.832348 -0.421909 -36.792377
v 33.803440 -0.158912 -37.438370
v 33.374580 0.071924 -35.759056
v 32.106522 -0.059452 -35.753101
v 31.362377 0.015311 -36.992542
v 32.734352 0.050715 -37.776913
v 33.729362 0.578809 -36.754292
v 32.794323 0.526208 -35.921104
v 31.668602 0.571003 -36.641369
v 32.015572 0.704092 -37.872078
v 33.267025 0.749902 -37.548065
v 32.668488 0.989011 -36.576469
vn 0.3900 -0.8936 0.2224
vn -0.0411 -0.9023 -0.4291
vn 0.0968 -0.9168 0.3874
vn -0.2982 -0.9467 0.1219
vn -0.2093 -0.8895 -0.4062
vn 0.3137 0.0709 -0.9469
vn 0.9530 -0.1490 0.2639
vn -0.0271 0.3049 0.9520
vn -0.8452 0.1398 0.5159
vn -0.4036 -0.5505 -0.7308
vn 0.8156 0.4354 -0.3812
vn 0.4280 0.7345 0.5266
vn -0.3921 0.6478 0.6531
vn -0.8140 0.5556 -0.1694
vn 0.2442 0.1286 -0.9612
vn 0.3594 0.9331 -0.0082
vn 0.3851 0.7871 0.4819
vn -0.3449 0.7342 0.5847
vn -0.3852 0.9228 -0.0088
vn 0.0228 0.9739 -0.2257
vt 0.562500 0.312500
s 0
usemtl Paleta
f 6471/132/5337 6472/132/5337 6473/132/5337
f 6472/132/5338 6471/132/5338 6476/132/5338
f 6471/132/5339 6473/132/5339 6474/132/5339
f 6471/132/5340 6474/132/5340 6475/132/5340
f 6471/132/5341 6475/132/5341 6476/132/5341
f 6472/132/5342 6476/132/5342 6481/132/5342
f 6473/132/5343 6472/132/5343 6477/132/5343
f 6474/132/5344 6473/132/5344 6478/132/5344
f 6475/132/5345 6474/132/5345 6479/132/5345
f 6476/132/5346 6475/132/5346 6480/132/5346
f 6472/132/5347 6481/132/5347 6477/132/5347
f 6473/132/5348 6477/132/5348 6478/132/5348
f 6474/132/5349 6478/132/5349 6479/132/5349
f 6475/132/5350 6479/132/5350 6480/132/5350
f 6476/132/5351 6480/132/5351 6481/132/5351
f 6477/132/5352 6481/132/5352 6482/132/5352
f 6478/132/5353 6477/132/5353 6482/132/5353
f 6479/132/5354 6478/132/5354 6482/132/5354
f 6480/132/5355 6479/132/5355 6482/132/5355
f 6481/132/5356 6480/132/5356 6482/132/5356
o Kamien7
v -28.505636 -0.633828 16.439663
v -26.806122 0.380738 17.599072
v -29.012094 0.089109 18.977688
v -30.382301 0.073866 16.814936
v -29.648975 0.456671 14.525138
v -27.728193 0.301694 14.897067
v -27.501677 1.637506 18.530144
v -29.808531 1.475868 17.808699
v -30.280424 1.364879 15.483547
v -28.802498 1.208327 14.652731
v -27.071598 1.588387 15.987178
v -28.576769 1.993086 16.748154
vn 0.3167 -0.8937 0.3178
vn 0.5914 -0.7863 -0.1788
vn -0.3098 -0.9289 0.2028
vn -0.3866 -0.8815 -0.2712
vn 0.0288 -0.8611 -0.5077
vn 0.9271 -0.2103 -0.3102
vn 0.5343 -0.2920 0.7933
vn -0.8441 -0.0338 0.5350
vn -0.9017 -0.2739 -0.3346
vn 0.1865 -0.0435 -0.9815
vn 0.9074 0.3941 0.1459
vn -0.2885 0.5148 0.8073
vn -0.9485 0.2605 0.1801
vn -0.3674 0.5421 -0.7558
vn 0.5060 0.3925 -0.7681
vn 0.2725 0.9618 0.0275
vn -0.1546 0.9468 0.2822
vn -0.3651 0.9305 0.0297
vn -0.0923 0.9357 -0.3405
vn 0.0703 0.9317 -0.3565
vt 0.562500 0.312500
s 0
usemtl Paleta
f 6483/133/5357 6484/133/5357 6485/133/5357
f 6484/133/5358 6483/133/5358 6488/133/5358
f 6483/133/5359 6485/133/5359 6486/133/5359
f 6483/133/5360 6486/133/5360 6487/133/5360
f 6483/133/5361 6487/133/5361 6488/133/5361
f 6484/133/5362 6488/133/5362 6493/133/5362
f 6485/133/5363 6484/133/5363 6489/133/5363
f 6486/133/5364 6485/133/5364 6490/133/5364
f 6487/133/5365 6486/133/5365 6491/133/5365
f 6488/133/5366 6487/133/5366 6492/133/5366
f 6484/133/5367 6493/133/5367 6489/133/5367
f 6485/133/5368 6489/133/5368 6490/133/5368
f 6486/133/5369 6490/133/5369 6491/133/5369
f 6487/133/5370 6491/133/5370 6492/133/5370
f 6488/133/5371 6492/133/5371 6493/133/5371
f 6489/133/5372 6493/133/5372 6494/133/5372
f 6490/133/5373 6489/133/5373 6494/133/5373
f 6491/133/5374 6490/133/5374 6494/133/5374
f 6492/133/5375 6491/133/5375 6494/133/5375
f 6493/133/5376 6492/133/5376 6494/133/5376
o Kamien8
v 58.818790 -0.626563 -28.636742
v 60.006260 -0.080140 -28.858751
v 59.362453 -0.276337 -27.463793
v 58.210144 -0.023583 -27.364267
v 57.903408 -0.096684 -28.920973
v 58.976040 -0.081288 -29.742212
v 60.120888 0.566438 -27.742519
v 59.075104 0.568711 -27.177086
v 57.794376 0.598988 -27.772987
v 58.626225 0.798321 -29.611036
v 59.661133 0.604631 -29.380497
v 58.887146 1.125827 -28.223610
vn 0.4279 -0.9011 0.0707
vn 0.3270 -0.8652 -0.3802
vn -0.1711 -0.9195 0.3539
vn -0.5288 -0.8365 0.1435
vn -0.3363 -0.8248 -0.4546
vn 0.6317 -0.2426 -0.7363
vn 0.7586 -0.5946 0.2665
vn 0.0122 -0.3175 0.9482
vn -0.8697 -0.4543 0.1927
vn -0.6023 -0.1219 -0.7889
vn 0.9276 0.2740 -0.2540
vn 0.4710 -0.1356 0.8717
vn -0.3959 0.3044 0.8664
vn -0.8424 0.4216 -0.3355
vn 0.2537 0.2406 -0.9369
vn 0.4440 0.8900 -0.1039
vn 0.2314 0.8754 0.4245
vn -0.2072 0.8476 0.4885
vn -0.4703 0.8746 -0.1180
vn 0.2341 0.9355 -0.2648
vt 0.437500 0.312500
s 0
usemtl Paleta
f 6495/134/5377 6496/134/5377 6497/134/5377
f 6496/134/5378 6495/134/5378 6500/134/5378
f 6495/134/5379 6497/134/5379 6498/134/5379
f 6495/134/5380 6498/134/5380 6499/134/5380
f 6495/134/5381 6499/134/5381 6500/134/5381
f 6496/134/5382 6500/134/5382 6505/134/5382
f 6497/134/5383 6496/134/5383 6501/134/5383
f 6498/134/5384 6497/134/5384 6502/134/5384
f 6499/134/5385 6498/134/5385 6503/134/5385
f 6500/134/5386 6499/134/5386 6504/134/5386
f 6496/134/5387 6505/134/5387 6501/134/5387
f 6497/134/5388 6501/134/5388 6502/134/5388
f 6498/134/5389 6502/134/5389 6503/134/5389
f 6499/134/5390 6503/134/5390 6504/134/5390
f 6500/134/5391 6504/134/5391 6505/134/5391
f 6501/134/5392 6505/134/5392 6506/134/5392
f 6502/134/5393 6501/134/5393 6506/134/5393
f 6503/134/5394 6502/134/5394 6506/134/5394
f 6504/134/5395 6503/134/5395 6506/134/5395
f 6505/134/5396 6504/134/5396 6506/134/5396
o Kamien9
v -29.755339 -0.756077 45.806229
v -28.964235 -0.266837 44.895138
v -28.934881 -0.240031 46.335899
v -30.091534 -0.270844 46.615269
v -30.783190 -0.132631 45.547184
v -29.892185 -0.306247 44.213825
v -28.680803 0.658893 45.703041
v -29.748379 0.396450 46.882835
v -30.582554 0.665629 46.309246
v -30.231386 0.617978 44.734592
v -29.204353 0.617152 44.333096
v -29.616339 1.140671 45.722214
vn 0.5301 -0.8479 0.0050
vn 0.2472 -0.9267 -0.2830
vn 0.1558 -0.8172 0.5549
vn -0.5475 -0.7982 0.2512
vn -0.4701 -0.8591 -0.2023
vn 0.5685 -0.3259 -0.7554
vn 0.9595 -0.2813 -0.0143
vn 0.2202 -0.4585 0.8610
vn -0.8239 -0.2690 0.4987
vn -0.8309 0.0085 -0.5564
vn 0.9335 0.0262 -0.3576
vn 0.6783 0.2850 0.6772
vn -0.5735 -0.0333 0.8185
vn -0.8822 0.4217 -0.2095
vn -0.3388 0.3644 -0.8674
vn 0.4457 0.8733 -0.1969
vn 0.3976 0.7512 0.5269
vn -0.0924 0.8429 0.5300
vn -0.5033 0.8530 -0.1380
vn -0.1507 0.9095 -0.3875
vt 0.437500 0.312500
s 0
usemtl Paleta
f 6507/135/5397 6508/135/5397 6509/135/5397
f 6508/135/5398 6507/135/5398 6512/135/5398
f 6507/135/5399 6509/135/5399 6510/135/5399
f 6507/135/5400 6510/135/5400 6511/135/5400
f 6507/135/5401 6511/135/5401 6512/135/5401
f 6508/135/5402 6512/135/5402 6517/135/5402
f 6509/135/5403 6508/135/5403 6513/135/5403
f 6510/135/5404 6509/135/5404 6514/135/5404
f 6511/135/5405 6510/135/5405 6515/135/5405
f 6512/135/5406 6511/135/5406 6516/135/5406
f 6508/135/5407 6517/135/5407 6513/135/5407
f 6509/135/5408 6513/135/5408 6514/135/5408
f 6510/135/5409 6514/135/5409 6515/135/5409
f 6511/135/5410 6515/135/5410 6516/135/5410
f 6512/135/5411 6516/135/5411 6517/135/5411
f 6513/135/5412 6517/135/5412 6518/135/5412
f 6514/135/5413 6513/135/5413 6518/135/5413
f 6515/135/5414 6514/135/5414 6518/135/5414
f 6516/135/5415 6515/135/5415 6518/135/5415
f 6517/135/5416 6516/135/5416 6518/135/5416
o Kamien10
v 15.153462 1.296540 -27.675957
v 15.640749 1.572970 -28.132481
v 15.722012 1.668668 -27.100370
v 15.172899 1.523611 -26.589428
v 14.571390 1.602087 -27.345594
v 15.107374 1.691157 -28.197214
v 15.980361 2.102496 -27.614334
v 15.589883 2.219275 -26.712589
v 14.844134 2.094865 -26.988169
v 14.659376 2.081154 -27.870203
v 15.438580 2.065295 -28.601925
v 15.179839 2.530779 -27.745550
vn 0.5199 -0.8534 0.0382
vn -0.1045 -0.7974 -0.5944
vn 0.4045 -0.8966 0.1801
vn -0.3659 -0.9096 0.1966
vn -0.6014 -0.6617 -0.4477
vn -0.0700 -0.7033 -0.7074
vn 0.8495 -0.5272 -0.0180
vn 0.6913 -0.2978 0.6584
vn -0.7833 -0.0171 0.6214
vn -0.7452 -0.4255 -0.5135
vn 0.8743 -0.0949 -0.4760
vn 0.9126 -0.0653 0.4036
vn -0.3757 0.3752 0.8474
vn -0.9105 0.3698 0.1850
vn -0.6758 -0.1761 -0.7158
vn 0.4878 0.8203 -0.2985
vn 0.4593 0.8843 0.0844
vn -0.2869 0.8797 0.3792
vn -0.6657 0.7351 0.1280
vn -0.4801 0.7017 -0.5265
vt 0.437500 0.312500
s 0
usemtl Paleta
f 6519/136/5417 6520/136/5417 6521/136/5417
f 6520/136/5418 6519/136/5418 6524/136/5418
f 6519/136/5419 6521/136/5419 6522/136/5419
f 6519/136/5420 6522/136/5420 6523/136/5420
f 6519/136/5421 6523/136/5421 6524/136/5421
f 6520/136/5422 6524/136/5422 6529/136/5422
f 6521/136/5423 6520/136/5423 6525/136/5423
f 6522/136/5424 6521/136/5424 6526/136/5424
f 6523/136/5425 6522/136/5425 6527/136/5425
f 6524/136/5426 6523/136/5426 6528/136/5426
f 6520/136/5427 6529/136/5427 6525/136/5427
f 6521/136/5428 6525/136/5428 6526/136/5428
f 6522/136/5429 6526/136/5429 6527/136/5429
f 6523/136/5430 6527/136/5430 6528/136/5430
f 6524/136/5431 6528/136/5431 6529/136/5431
f 6525/136/5432 6529/136/5432 6530/136/5432
f 6526/136/5433 6525/136/5433 6530/136/5433
f 6527/136/5434 6526/136/5434 6530/136/5434
f 6528/136/5435 6527/136/5435 6530/136/5435
f 6529/136/5436 6528/136/5436 6530/136/5436
o Kamien11
v 27.441868 -1.315803 9.778622
v 29.288157 -0.983064 9.309541
v 28.547203 -0.929270 11.553864
v 25.984129 -0.728557 11.034374
v 25.504665 -0.968032 8.310891
v 28.147270 -0.655609 7.470688
v 29.343922 0.611978 10.871891
v 27.087719 0.429681 11.328528
v 25.392942 0.536602 9.306144
v 27.029190 0.319603 7.543914
v 29.030823 0.609089 7.878273
v 27.524912 1.390385 9.665085
vn 0.1985 -0.9761 0.0889
vn 0.1124 -0.9639 -0.2414
vn -0.1328 -0.9480 0.2891
vn -0.2708 -0.9536 0.1315
vn 0.0291 -0.9633 -0.2667
vn 0.7628 -0.3597 -0.5373
vn 0.8946 -0.3283 0.3032
vn -0.2025 -0.0554 0.9777
vn -0.9629 -0.1950 0.1867
vn -0.2686 -0.2379 -0.9334
vn 0.9923 0.0670 -0.1039
vn 0.1618 0.3281 0.9307
vn -0.6591 0.4813 0.5778
vn -0.6527 0.3837 -0.6533
vn 0.1295 0.2211 -0.9666
vn 0.4179 0.9074 -0.0446
vn 0.0328 0.8617 0.5063
vn -0.3983 0.8357 0.3780
vn -0.2890 0.8801 -0.3767
vn -0.0563 0.8965 -0.4394
vt 0.437500 0.312500
s 0
usemtl Paleta
f 6531/137/5437 6532/137/5437 6533/137/5437
f 6532/137/5438 6531/137/5438 6536/137/5438
f 6531/137/5439 6533/137/5439 6534/137/5439
f 6531/137/5440 6534/137/5440 6535/137/5440
f 6531/137/5441 6535/137/5441 6536/137/5441
f 6532/137/5442 6536/137/5442 6541/137/5442
f 6533/137/5443 6532/137/5443 6537/137/5443
f 6534/137/5444 6533/137/5444 6538/137/5444
f 6535/137/5445 6534/137/5445 6539/137/5445
f 6536/137/5446 6535/137/5446 6540/137/5446
f 6532/137/5447 6541/137/5447 6537/137/5447
f 6533/137/5448 6537/137/5448 6538/137/5448
f 6534/137/5449 6538/137/5449 6539/137/5449
f 6535/137/5450 6539/137/5450 6540/137/5450
f 6536/137/5451 6540/137/5451 6541/137/5451
f 6537/137/5452 6541/137/5452 6542/137/5452
f 6538/137/5453 6537/137/5453 6542/137/5453
f 6539/137/5454 6538/137/5454 6542/137/5454
f 6540/137/5455 6539/137/5455 6542/137/5455
f 6541/137/5456 6540/137/5456 6542/137/5456
o Kamien12
v 10.167520 -0.334088 -32.958637
v 10.686316 0.231058 -33.713196
v 10.860939 0.243610 -32.579124
v 9.780620 0.305055 -31.664265
v 8.952500 0.183388 -32.459854
v 9.483976 0.174131 -33.819088
v 11.050577 0.903891 -33.241383
v 10.787419 1.010843 -31.838827
v 9.282547 1.112442 -31.884523
v 8.991574 0.937164 -33.418968
v 10.066773 0.880604 -34.003506
v 10.053231 1.494486 -32.634510
vn 0.6673 -0.7388 -0.0946
vn 0.0882 -0.8254 -0.5576
vn 0.3776 -0.7805 0.4983
vn -0.2285 -0.8983 0.3753
vn -0.4437 -0.8804 -0.1675
vn 0.0983 -0.3265 -0.9401
vn 0.9080 -0.3966 -0.1354
vn 0.5115 -0.5708 0.6423
vn -0.6609 -0.2112 0.7202
vn -0.8620 -0.3809 -0.3345
vn 0.5940 0.2208 -0.7735
vn 0.9776 -0.0899 0.1903
vn -0.0120 0.2562 0.9665
vn -0.9573 0.2450 0.1535
vn -0.4654 0.1565 -0.8712
vn 0.2816 0.8766 -0.3903
vn 0.5242 0.8509 0.0335
vn 0.0440 0.8712 0.4890
vn -0.4559 0.8899 -0.0152
vn -0.1726 0.8981 -0.4044
vt 0.562500 0.312500
s 0
usemtl Paleta
f 6543/138/5457 6544/138/5457 6545/138/5457
f 6544/138/5458 6543/138/5458 6548/138/5458
f 6543/138/5459 6545/138/5459 6546/138/5459
f 6543/138/5460 6546/138/5460 6547/138/5460
f 6543/138/5461 6547/138/5461 6548/138/5461
f 6544/138/5462 6548/138/5462 6553/138/5462
f 6545/138/5463 6544/138/5463 6549/138/5463
f 6546/138/5464 6545/138/5464 6550/138/5464
f 6547/138/5465 6546/138/5465 6551/138/5465
f 6548/138/5466 6547/138/5466 6552/138/5466
f 6544/138/5467 6553/138/5467 6549/138/5467
f 6545/138/5468 6549/138/5468 6550/138/5468
f 6546/138/5469 6550/138/5469 6551/138/5469
f 6547/138/5470 6551/138/5470 6552/138/5470
f 6548/138/5471 6552/138/5471 6553/138/5471
f 6549/138/5472 6553/138/5472 6554/138/5472
f 6550/138/5473 6549/138/5473 6554/138/5473
f 6551/138/5474 6550/138/5474 6554/138/5474
f 6552/138/5475 6551/138/5475 6554/138/5475
f 6553/138/5476 6552/138/5476 6554/138/5476
o Kamien13
v 50.522110 -1.392810 -34.124443
v 52.250496 -0.451623 -36.094765
v 51.164314 -0.098362 -32.603203
v 48.628468 -0.319382 -31.992548
v 48.466286 -0.220246 -34.077744
v 50.748386 -0.484709 -37.047806
v 52.184536 0.895961 -33.873257
v 50.359489 1.140242 -31.848562
v 48.392612 1.003839 -32.672600
v 49.286011 0.820491 -35.431225
v 51.158363 0.797423 -36.296688
v 50.032837 1.970746 -34.492172
vn 0.6861 -0.6710 0.2813
vn 0.1964 -0.9406 -0.2770
vn 0.2085 -0.7865 0.5813
vn -0.4955 -0.8686 -0.0028
vn -0.4786 -0.8274 -0.2940
vn 0.5043 0.3107 -0.8057
vn 0.8319 -0.4632 0.3057
vn 0.2477 -0.3816 0.8905
vn -0.9877 -0.1400 0.0702
vn -0.7904 -0.1499 -0.5940
vn 0.7354 0.5888 -0.3353
vn 0.7452 0.0809 0.6619
vn -0.3809 0.3680 0.8482
vn -0.9003 0.3037 -0.3118
vn -0.3437 0.5541 -0.7582
vn 0.4883 0.8388 -0.2409
vn 0.3797 0.8950 0.2342
vn -0.1967 0.9282 0.3159
vn -0.6927 0.6692 -0.2688
vn -0.2879 0.7108 -0.6418
vt 0.562500 0.312500
s 0
usemtl Paleta
f 6555/139/5477 6556/139/5477 6557/139/5477
f 6556/139/5478 6555/139/5478 6560/139/5478
f 6555/139/5479 6557/139/5479 6558/139/5479
f 6555/139/5480 6558/139/5480 6559/139/5480
f 6555/139/5481 6559/139/5481 6560/139/5481
f 6556/139/5482 6560/139/5482 6565/139/5482
f 6557/139/5483 6556/139/5483 6561/139/5483
f 6558/139/5484 6557/139/5484 6562/139/5484
f 6559/139/5485 6558/139/5485 6563/139/5485
f 6560/139/5486 6559/139/5486 6564/139/5486
f 6556/139/5487 6565/139/5487 6561/139/5487
f 6557/139/5488 6561/139/5488 6562/139/5488
f 6558/139/5489 6562/139/5489 6563/139/5489
f 6559/139/5490 6563/139/5490 6564/139/5490
f 6560/139/5491 6564/139/5491 6565/139/5491
f 6561/139/5492 6565/139/5492 6566/139/5492
f 6562/139/5493 6561/139/5493 6566/139/5493
f 6563/139/5494 6562/139/5494 6566/139/5494
f 6564/139/5495 6563/139/5495 6566/139/5495
f 6565/139/5496 6564/139/5496 6566/139/5496
o Kamien14
v -14.969437 -0.477596 -40.530006
v -13.541987 -0.158551 -40.793030
v -14.416307 -0.126329 -39.627182
v -16.128687 -0.224336 -39.237045
v -16.270073 -0.087219 -40.819469
v -14.588821 -0.121882 -41.854008
v -13.790267 0.479687 -39.978050
v -15.261684 0.519710 -39.010193
v -16.104584 0.714732 -40.109135
v -15.196607 0.494220 -41.906036
v -14.040736 0.670627 -41.916870
v -15.137476 1.066091 -40.566685
vn 0.2505 -0.9442 0.2139
vn 0.1768 -0.9621 -0.2077
vn 0.1213 -0.9479 0.2945
vn -0.2750 -0.9597 -0.0586
vn -0.2095 -0.9275 -0.3094
vn 0.6175 -0.4767 -0.6257
vn 0.7190 -0.4238 0.5509
vn 0.2188 -0.5088 0.8326
vn -0.9883 0.1168 0.0984
vn -0.4576 -0.5127 -0.7264
vn 0.8949 0.4404 -0.0722
vn 0.5462 -0.0815 0.8337
vn -0.6161 0.5444 0.5692
vn -0.7269 0.5333 -0.4327
vn 0.0030 -0.0812 -0.9967
vn 0.3835 0.9226 0.0413
vn 0.2473 0.9079 0.3384
vn -0.1908 0.9309 0.3115
vn -0.4569 0.8252 -0.3322
vn -0.1429 0.9125 -0.3833
vt 0.562500 0.312500
s 0
usemtl Paleta
f 6567/140/5497 6568/140/5497 6569/140/5497
f 6568/140/5498 6567/140/5498 6572/140/5498
f 6567/140/5499 6569/140/5499 6570/140/5499
f 6567/140/5500 6570/140/5500 6571/140/5500
f 6567/140/5501 6571/140/5501 6572/140/5501
f 6568/140/5502 6572/140/5502 6577/140/5502
f 6569/140/5503 6568/140/5503 6573/140/5503
f 6570/140/5504 6569/140/5504 6574/140/5504
f 6571/140/5505 6570/140/5505 6575/140/5505
f 6572/140/5506 6571/140/5506 6576/140/5506
f 6568/140/5507 6577/140/5507 6573/140/5507
f 6569/140/5508 6573/140/5508 6574/140/5508
f 6570/140/5509 6574/140/5509 6575/140/5509
f 6571/140/5510 6575/140/5510 6576/140/5510
f 6572/140/5511 6576/140/5511 6577/140/5511
f 6573/140/5512 6577/140/5512 6578/140/5512
f 6574/140/5513 6573/140/5513 6578/140/5513
f 6575/140/5514 6574/140/5514 6578/140/5514
f 6576/140/5515 6575/140/5515 6578/140/5515
f 6577/140/5516 6576/140/5516 6578/140/5516
o Kamien15
v -25.182631 -0.068882 21.323099
v -24.559752 0.770896 19.827723
v -23.682814 0.605327 22.398750
v -25.354818 0.759908 23.293695
v -26.719517 0.779347 22.508915
v -26.327971 0.732211 20.015583
v -23.951263 1.751796 21.117373
v -24.411974 1.802689 23.316170
v -26.465750 1.612151 22.951639
v -26.734707 1.820654 20.912933
v -25.242214 1.564273 19.909067
v -25.400692 2.117678 21.429634
vn 0.5334 -0.8128 -0.2343
vn -0.0342 -0.8653 -0.5002
vn 0.1267 -0.9104 0.3939
vn -0.2209 -0.9058 0.3616
vn -0.5205 -0.8513 -0.0656
vn -0.1059 0.0109 -0.9943
vn 0.9331 -0.1479 -0.3278
vn 0.4073 -0.3861 0.8277
vn -0.4797 -0.2934 0.8269
vn -0.9601 -0.2382 -0.1463
vn 0.5374 0.5296 -0.6563
vn 0.8951 0.4087 0.1781
vn -0.1861 0.1473 0.9714
vn -0.9652 0.2147 0.1493
vn -0.4356 0.4701 -0.7676
vn 0.1659 0.9321 -0.3219
vn 0.2507 0.9676 0.0301
vn -0.1302 0.9646 0.2293
vn -0.2641 0.9554 0.1325
vn -0.0734 0.9347 -0.3478
vt 0.562500 0.312500
s 0
usemtl Paleta
f 6579/141/5517 6580/141/5517 6581/141/5517
f 6580/141/5518 6579/141/5518 6584/141/5518
f 6579/141/5519 6581/141/5519 6582/141/5519
f 6579/141/5520 6582/141/5520 6583/141/5520
f 6579/141/5521 6583/141/5521 6584/141/5521
f 6580/141/5522 6584/141/5522 6589/141/5522
f 6581/141/5523 6580/141/5523 6585/141/5523
f 6582/141/5524 6581/141/5524 6586/141/5524
f 6583/141/5525 6582/141/5525 6587/141/5525
f 6584/141/5526 6583/141/5526 6588/141/5526
f 6580/141/5527 6589/141/5527 6585/141/5527
f 6581/141/5528 6585/141/5528 6586/141/5528
f 6582/141/5529 6586/141/5529 6587/141/5529
f 6583/141/5530 6587/141/5530 6588/141/5530
f 6584/141/5531 6588/141/5531 6589/141/5531
f 6585/141/5532 6589/141/5532 6590/141/5532
f 6586/141/5533 6585/141/5533 6590/141/5533
f 6587/141/5534 6586/141/5534 6590/141/5534
f 6588/141/5535 6587/141/5535 6590/141/5535
f 6589/141/5536 6588/141/5536 6590/141/5536
o Kamien16
v -17.028353 -0.154451 -25.790701
v -15.530245 0.265013 -25.425417
v -17.281343 0.507885 -24.600029
v -19.138342 0.196298 -24.913181
v -18.431890 0.431976 -26.631170
v -15.917619 0.213958 -27.185982
v -16.299128 1.210991 -24.556988
v -18.294580 1.170065 -24.527451
v -19.139971 1.344602 -26.132080
v -17.097267 1.218425 -27.103731
v -15.305606 1.353504 -26.235884
v -16.980200 1.707528 -25.956627
vn 0.1176 -0.8570 0.5017
vn 0.2770 -0.9603 -0.0331
vn 0.0619 -0.8666 0.4952
vn -0.2529 -0.9391 -0.2328
vn -0.1609 -0.9151 -0.3697
vn 0.9224 -0.3343 -0.1933
vn 0.3151 -0.4900 0.8128
vn -0.1140 -0.2789 0.9535
vn -0.8180 -0.4192 -0.3939
vn -0.2272 -0.1886 -0.9554
vn 0.8338 0.2085 0.5111
vn 0.0165 -0.0840 0.9963
vn -0.7554 0.4764 0.4498
vn -0.4151 0.1670 -0.8943
vn 0.3528 0.4801 -0.8031
vn 0.2368 0.9462 0.2205
vn -0.0142 0.9402 0.3405
vn -0.1781 0.9638 0.1987
vn -0.1234 0.9173 -0.3785
vn 0.1253 0.9080 -0.3999
vt 0.437500 0.312500
s 0
usemtl Paleta
f 6591/142/5537 6592/142/5537 6593/142/5537
f 6592/142/5538 6591/142/5538 6596/142/5538
f 6591/142/5539 6593/142/5539 6594/142/5539
f 6591/142/5540 6594/142/5540 6595/142/5540
f 6591/142/5541 6595/142/5541 6596/142/5541
f 6592/142/5542 6596/142/5542 6601/142/5542
f 6593/142/5543 6592/142/5543 6597/142/5543
f 6594/142/5544 6593/142/5544 6598/142/5544
f 6595/142/5545 6594/142/5545 6599/142/5545
f 6596/142/5546 6595/142/5546 6600/142/5546
f 6592/142/5547 6601/142/5547 6597/142/5547
f 6593/142/5548 6597/142/5548 6598/142/5548
f 6594/142/5549 6598/142/5549 6599/142/5549
f 6595/142/5550 6599/142/5550 6600/142/5550
f 6596/142/5551 6600/142/5551 6601/142/5551
f 6597/142/5552 6601/142/5552 6602/142/5552
f 6598/142/5553 6597/142/5553 6602/142/5553
f 6599/142/5554 6598/142/5554 6602/142/5554
f 6600/142/5555 6599/142/5555 6602/142/5555
f 6601/142/5556 6600/142/5556 6602/142/5556
o Kamien17
v 56.445724 -0.137448 -12.148055
v 57.352242 0.199111 -13.172319
v 57.705112 0.222806 -11.718896
v 56.460987 0.093727 -11.024409
v 55.414368 0.118694 -12.202518
v 56.240891 0.253110 -13.213690
v 57.821529 0.850795 -12.216628
v 56.803257 0.829099 -10.896500
v 55.560692 0.781972 -11.156833
v 55.375515 0.924191 -13.027659
v 56.708553 0.738457 -13.542127
v 56.698406 1.094576 -12.044618
vn 0.2920 -0.9548 -0.0553
vn -0.0331 -0.9405 -0.3383
vn 0.2080 -0.9586 0.1944
vn -0.2461 -0.9487 0.1985
vn -0.2151 -0.9296 -0.2994
vn 0.0034 -0.5627 -0.8267
vn 0.9147 -0.3412 -0.2165
vn 0.4826 -0.3632 0.7970
vn -0.5725 -0.6537 0.4948
vn -0.5812 -0.5958 -0.5543
vn 0.6850 0.3999 -0.6090
vn 0.7470 0.3224 0.5815
vn -0.2017 -0.0760 0.9765
vn -0.9931 0.0573 0.1026
vn -0.3785 -0.2402 -0.8939
vn 0.1733 0.9584 -0.2267
vn 0.2368 0.9511 0.1983
vn -0.0853 0.9690 0.2319
vn -0.1953 0.9763 0.0935
vn 0.0463 0.9719 -0.2308
vt 0.562500 0.312500
s 0
usemtl Paleta
f 6603/143/5557 6604/143/5557 6605/143/5557
f 6604/143/5558 6603/143/5558 6608/143/5558
f 6603/143/5559 6605/143/5559 6606/143/5559
f 6603/143/5560 6606/143/5560 6607/143/5560
f 6603/143/5561 6607/143/5561 6608/143/5561
f 6604/143/5562 6608/143/5562 6613/143/5562
f 6605/143/5563 6604/143/5563 6609/143/5563
f 6606/143/5564 6605/143/5564 6610/143/5564
f 6607/143/5565 6606/143/5565 6611/143/5565
f 6608/143/5566 6607/143/5566 6612/143/5566
f 6604/143/5567 6613/143/5567 6609/143/5567
f 6605/143/5568 6609/143/5568 6610/143/5568
f 6606/143/5569 6610/143/5569 6611/143/5569
f 6607/143/5570 6611/143/5570 6612/143/5570
f 6608/143/5571 6612/143/5571 6613/143/5571
f 6609/143/5572 6613/143/5572 6614/143/5572
f 6610/143/5573 6609/143/5573 6614/143/5573
f 6611/143/5574 6610/143/5574 6614/143/5574
f 6612/143/5575 6611/143/5575 6614/143/5575
f 6613/143/5576 6612/143/5576 6614/143/5576
o Kamien18
v 22.033831 0.438214 -60.376968
v 23.054733 0.786993 -60.570194
v 22.151058 0.713787 -59.122486
v 20.919415 0.753364 -59.190998
v 20.851748 0.618237 -60.527386
v 22.175102 0.721230 -61.467270
v 22.680679 1.307971 -59.991783
v 21.314999 1.305204 -58.853455
v 20.655806 1.389078 -60.048725
v 21.329540 1.276116 -61.353848
v 22.916655 1.218074 -61.682419
v 22.061977 1.662338 -60.240860
vn 0.3473 -0.9222 0.1701
vn 0.2810 -0.9371 -0.2068
vn -0.0435 -0.9749 0.2182
vn -0.1630 -0.9808 0.1074
vn -0.1124 -0.9581 -0.2633
vn 0.4400 -0.8176 -0.3715
vn 0.8477 0.0200 0.5301
vn -0.0641 -0.4869 0.8711
vn -0.9537 -0.2907 0.0777
vn -0.4548 -0.5498 -0.7006
vn 0.8545 0.5113 0.0921
vn 0.5594 0.4849 0.6723
vn -0.8261 0.3006 0.4767
vn -0.8847 0.0620 -0.4621
vn -0.2054 -0.1143 -0.9720
vn 0.4902 0.8713 0.0221
vn 0.3300 0.8560 0.3980
vn -0.1671 0.9728 0.1604
vn -0.2125 0.9580 -0.1926
vn -0.0295 0.9502 -0.3103
vt 0.437500 0.312500
s 0
usemtl Paleta
f 6615/144/5577 6616/144/5577 6617/144/5577
f 6616/144/5578 6615/144/5578 6620/144/5578
f 6615/144/5579 6617/144/5579 6618/144/5579
f 6615/144/5580 6618/144/5580 6619/144/5580
f 6615/144/5581 6619/144/5581 6620/144/5581
f 6616/144/5582 6620/144/5582 6625/144/5582
f 6617/144/5583 6616/144/5583 6621/144/5583
f 6618/144/5584 6617/144/5584 6622/144/5584
f 6619/144/5585 6618/144/5585 6623/144/5585
f 6620/144/5586 6619/144/5586 6624/144/5586
f 6616/144/5587 6625/144/5587 6621/144/5587
f 6617/144/5588 6621/144/5588 6622/144/5588
f 6618/144/5589 6622/144/5589 6623/144/5589
f 6619/144/5590 6623/144/5590 6624/144/5590
f 6620/144/5591 6624/144/5591 6625/144/5591
f 6621/144/5592 6625/144/5592 6626/144/5592
f 6622/144/5593 6621/144/5593 6626/144/5593
f 6623/144/5594 6622/144/5594 6626/144/5594
f 6624/144/5595 6623/144/5595 6626/144/5595
f 6625/144/5596 6624/144/5596 6626/144/5596
o Kamien19
v -39.756702 -0.858909 26.770096
v -38.857235 -0.386159 26.026245
v -39.536430 -0.215577 27.368835
v -40.205204 -0.343328 27.400616
v -40.447350 -0.252450 26.290909
v -39.433975 -0.261595 25.746656
v -38.997650 0.269821 26.991417
v -39.846531 0.399637 27.656105
v -40.642838 0.413363 27.215549
v -39.933739 0.287849 25.871435
v -38.942734 0.367599 25.741919
v -39.714901 0.791445 26.867970
vn 0.6683 -0.6164 0.4164
vn 0.0505 -0.8694 -0.4915
vn 0.1670 -0.7017 0.6926
vn -0.6925 -0.7155 0.0925
vn -0.3023 -0.7787 -0.5498
vn 0.3654 -0.2920 -0.8839
vn 0.7512 -0.4899 0.4423
vn 0.1149 -0.3722 0.9210
vn -0.8713 -0.4667 0.1519
vn -0.4625 -0.2260 -0.8573
vn 0.9897 0.1326 0.0539
vn 0.6094 -0.0619 0.7904
vn -0.4839 -0.0665 0.8726
vn -0.7944 0.4007 -0.4565
vn -0.1368 0.0994 -0.9856
vn 0.5758 0.8128 0.0889
vn 0.4714 0.7558 0.4545
vn -0.2098 0.8890 0.4069
vn -0.4576 0.8300 -0.3189
vn -0.1276 0.8962 -0.4249
vt 0.437500 0.312500
s 0
usemtl Paleta
f 6627/145/5597 6628/145/5597 6629/145/5597
f 6628/145/5598 6627/145/5598 6632/145/5598
f 6627/145/5599 6629/145/5599 6630/145/5599
f 6627/145/5600 6630/145/5600 6631/145/5600
f 6627/145/5601 6631/145/5601 6632/145/5601
f 6628/145/5602 6632/145/5602 6637/145/5602
f 6629/145/5603 6628/145/5603 6633/145/5603
f 6630/145/5604 6629/145/5604 6634/145/5604
f 6631/145/5605 6630/145/5605 6635/145/5605
f 6632/145/5606 6631/145/5606 6636/145/5606
f 6628/145/5607 6637/145/5607 6633/145/5607
f 6629/145/5608 6633/145/5608 6634/145/5608
f 6630/145/5609 6634/145/5609 6635/145/5609
f 6631/145/5610 6635/145/5610 6636/145/5610
f 6632/145/5611 6636/145/5611 6637/145/5611
f 6633/145/5612 6637/145/5612 6638/145/5612
f 6634/145/5613 6633/145/5613 6638/145/5613
f 6635/145/5614 6634/145/5614 6638/145/5614
f 6636/145/5615 6635/145/5615 6638/145/5615
f 6637/145/5616 6636/145/5616 6638/145/5616
o Kamien20
v -25.627329 -0.602208 -23.791634
v -24.323513 0.010807 -23.871973
v -25.420786 0.129688 -22.558498
v -26.879211 0.090478 -22.729176
v -26.671667 0.118129 -24.360073
v -25.715208 -0.167704 -25.022970
v -24.806398 0.911957 -22.721672
v -26.481380 0.951187 -22.492109
v -26.926622 1.136757 -23.815178
v -26.485954 1.054238 -25.098831
v -24.699913 1.133541 -24.397215
v -25.780230 1.517955 -23.966051
vn 0.4080 -0.8135 0.4145
vn 0.3846 -0.8615 -0.3315
vn -0.0372 -0.8566 0.5146
vn -0.5351 -0.8408 -0.0824
vn -0.4427 -0.8550 -0.2701
vn 0.6417 -0.1378 -0.7545
vn 0.6818 -0.4089 0.6066
vn -0.1077 -0.2174 0.9701
vn -0.9761 -0.1763 -0.1272
vn -0.5984 -0.4198 -0.6824
vn 0.9266 0.3605 0.1066
vn 0.1374 0.0977 0.9857
vn -0.8853 0.3150 0.3421
vn -0.9451 -0.0652 -0.3202
vn 0.3541 0.1662 -0.9203
vn 0.3826 0.9125 0.1450
vn 0.0748 0.9183 0.3887
vn -0.2806 0.9330 0.2253
vn -0.3312 0.9275 -0.1733
vn 0.1363 0.8842 -0.4468
vt 0.562500 0.312500
s 0
usemtl Paleta
f 6639/146/5617 6640/146/5617 6641/146/5617
f 6640/146/5618 6639/146/5618 6644/146/5618
f 6639/146/5619 6641/146/5619 6642/146/5619
f 6639/146/5620 6642/146/5620 6643/146/5620
f 6639/146/5621 6643/146/5621 6644/146/5621
f 6640/146/5622 6644/146/5622 6649/146/5622
f 6641/146/5623 6640/146/5623 6645/146/5623
f 6642/146/5624 6641/146/5624 6646/146/5624
f 6643/146/5625 6642/146/5625 6647/146/5625
f 6644/146/5626 6643/146/5626 6648/146/5626
f 6640/146/5627 6649/146/5627 6645/146/5627
f 6641/146/5628 6645/146/5628 6646/146/5628
f 6642/146/5629 6646/146/5629 6647/146/5629
f 6643/146/5630 6647/146/5630 6648/146/5630
f 6644/146/5631 6648/146/5631 6649/146/5631
f 6645/146/5632 6649/146/5632 6650/146/5632
f 6646/146/5633 6645/146/5633 6650/146/5633
f 6647/146/5634 6646/146/5634 6650/146/5634
f 6648/146/5635 6647/146/5635 6650/146/5635
f 6649/146/5636 6648/146/5636 6650/146/5636
o Kamien21
v 49.900768 0.110230 -15.380674
v 50.345898 0.604957 -15.916998
v 50.482544 0.594807 -14.744978
v 49.506317 0.577527 -14.194384
v 48.839104 0.416905 -14.962434
v 49.513332 0.569505 -16.462755
v 50.864174 1.210432 -15.565372
v 50.192406 1.358796 -14.317996
v 49.144779 1.206651 -14.600639
v 48.861012 1.290999 -15.783538
v 49.916203 1.389331 -16.585102
v 49.760513 1.612829 -15.279921
vn 0.6919 -0.7167 -0.0869
vn 0.3416 -0.8149 -0.4682
vn 0.2561 -0.8673 0.4268
vn -0.1440 -0.9361 0.3209
vn -0.3591 -0.8984 -0.2528
vn 0.5202 -0.3705 -0.7695
vn 0.7832 -0.6143 -0.0966
vn 0.4747 -0.2851 0.8327
vn -0.7539 -0.0091 0.6569
vn -0.8343 -0.3663 -0.4122
vn 0.6997 -0.2007 -0.6857
vn 0.8817 0.0744 0.4660
vn -0.2923 0.3945 0.8711
vn -0.9369 0.2515 0.2427
vn -0.6055 0.1819 -0.7748
vn 0.3114 0.9421 -0.1242
vn 0.3604 0.9291 0.0836
vn -0.2248 0.9125 0.3419
vn -0.4119 0.8966 0.1627
vn -0.2340 0.9533 -0.1912
vt 0.437500 0.312500
s 0
usemtl Paleta
f 6651/147/5637 6652/147/5637 6653/147/5637
f 6652/147/5638 6651/147/5638 6656/147/5638
f 6651/147/5639 6653/147/5639 6654/147/5639
f 6651/147/5640 6654/147/5640 6655/147/5640
f 6651/147/5641 6655/147/5641 6656/147/5641
f 6652/147/5642 6656/147/5642 6661/147/5642
f 6653/147/5643 6652/147/5643 6657/147/5643
f 6654/147/5644 6653/147/5644 6658/147/5644
f 6655/147/5645 6654/147/5645 6659/147/5645
f 6656/147/5646 6655/147/5646 6660/147/5646
f 6652/147/5647 6661/147/5647 6657/147/5647
f 6653/147/5648 6657/147/5648 6658/147/5648
f 6654/147/5649 6658/147/5649 6659/147/5649
f 6655/147/5650 6659/147/5650 6660/147/5650
f 6656/147/5651 6660/147/5651 6661/147/5651
f 6657/147/5652 6661/147/5652 6662/147/5652
f 6658/147/5653 6657/147/5653 6662/147/5653
f 6659/147/5654 6658/147/5654 6662/147/5654
f 6660/147/5655 6659/147/5655 6662/147/5655
f 6661/147/5656 6660/147/5656 6662/147/5656
o Kamien22
v 52.005405 -0.216423 20.319759
v 53.065788 0.029205 19.733486
v 52.755352 -0.035761 21.523054
v 51.019806 0.065339 21.443073
v 50.663380 0.012989 19.797350
v 51.561203 0.043716 18.795343
v 53.305374 0.763616 20.889317
v 51.782585 0.728538 21.528719
v 50.341587 0.719148 20.624060
v 50.479980 0.920150 19.172880
v 52.566124 0.791011 19.276674
v 51.581459 1.348097 20.253635
vn 0.2279 -0.9737 0.0042
vn 0.1151 -0.9731 -0.1996
vn -0.0658 -0.9799 0.1881
vn -0.1958 -0.9779 0.0735
vn -0.1160 -0.9841 -0.1341
vn 0.5211 -0.1608 -0.8382
vn 0.8624 -0.4888 0.1318
vn -0.0501 -0.0711 0.9962
vn -0.7905 -0.5823 0.1897
vn -0.6263 -0.5240 -0.5772
vn 0.8599 0.3310 -0.3886
vn 0.3414 0.4283 0.8366
vn -0.4767 0.4508 0.7547
vn -0.9508 -0.2815 -0.1297
vn 0.0728 0.4690 -0.8802
vn 0.3674 0.9174 -0.1528
vn 0.1525 0.8982 0.4124
vn -0.2911 0.8417 0.4549
vn -0.4309 0.8985 0.0834
vn 0.0772 0.8976 -0.4341
vt 0.562500 0.312500
s 0
usemtl Paleta
f 6663/148/5657 6664/148/5657 6665/148/5657
f 6664/148/5658 6663/148/5658 6668/148/5658
f 6663/148/5659 6665/148/5659 6666/148/5659
f 6663/148/5660 6666/148/5660 6667/148/5660
f 6663/148/5661 6667/148/5661 6668/148/5661
f 6664/148/5662 6668/148/5662 6673/148/5662
f 6665/148/5663 6664/148/5663 6669/148/5663
f 6666/148/5664 6665/148/5664 6670/148/5664
f 6667/148/5665 6666/148/5665 6671/148/5665
f 6668/148/5666 6667/148/5666 6672/148/5666
f 6664/148/5667 6673/148/5667 6669/148/5667
f 6665/148/5668 6669/148/5668 6670/148/5668
f 6666/148/5669 6670/148/5669 6671/148/5669
f 6667/148/5670 6671/148/5670 6672/148/5670
f 6668/148/5671 6672/148/5671 6673/148/5671
f 6669/148/5672 6673/148/5672 6674/148/5672
f 6670/148/5673 6669/148/5673 6674/148/5673
f 6671/148/5674 6670/148/5674 6674/148/5674
f 6672/148/5675 6671/148/5675 6674/148/5675
f 6673/148/5676 6672/148/5676 6674/148/5676
o Grzyb1
v -8.999461 0.395504 36.782112
v -8.999461 1.699462 36.782112
v -8.717146 0.395504 36.945107
v -8.717146 1.699462 36.945107
v -8.717146 0.395504 37.271095
v -8.717146 1.699462 37.271095
v -8.999461 0.395504 37.434090
v -8.999461 1.699462 37.434090
v -9.281776 0.395504 37.271095
v -9.281776 1.699462 37.271095
v -9.281776 0.395504 36.945107
v -9.281776 1.699462 36.945107
v -8.999461 1.569066 36.064934
v -8.999461 2.351440 36.847309
v -8.183881 1.569066 36.457699
v -8.795567 2.351440 36.945499
v -7.982450 1.569066 37.340229
v -8.745208 2.351440 37.166134
v -8.546848 1.569066 38.047962
v -8.886308 2.351440 37.343067
v -9.452074 1.569066 38.047962
v -9.112615 2.351440 37.343067
v -10.016473 1.569066 37.340229
v -9.253715 2.351440 37.166134
v -9.815042 1.569066 36.457699
v -9.203356 2.351440 36.945499
vn 0.5000 -0.0000 -0.8660
vn 1.0000 -0.0000 -0.0000
vn 0.5000 -0.0000 0.8660
vn -0.5000 -0.0000 0.8660
vn -0.0000 1.0000 -0.0000
vn -1.0000 -0.0000 -0.0000
vn -0.5000 -0.0000 -0.8660
vn -0.0000 -1.0000 -0.0000
vn 0.3223 0.6694 -0.6694
vn 0.7243 0.6694 -0.1653
vn 0.5809 0.6694 0.4632
vn -0.0000 0.6694 0.7429
vn -0.5809 0.6694 0.4632
vn -0.7243 0.6694 -0.1653
vn -0.3223 0.6694 -0.6694
vt 0.437500 0.562500
vt 0.312500 0.562500
s 0
usemtl Paleta
f 6675/149/5677 6676/149/5677 6678/149/5677 6677/149/5677
f 6677/149/5678 6678/149/5678 6680/149/5678 6679/149/5678
f 6679/149/5679 6680/149/5679 6682/149/5679 6681/149/5679
f 6681/149/5680 6682/149/5680 6684/149/5680 6683/149/5680
f 6678/149/5681 6676/149/5681 6686/149/5681 6684/149/5681 6682/149/5681 6680/149/5681
f 6683/149/5682 6684/149/5682 6686/149/5682 6685/149/5682
f 6685/149/5683 6686/149/5683 6676/149/5683 6675/149/5683
f 6675/149/5684 6677/149/5684 6679/149/5684 6681/149/5684 6683/149/5684 6685/149/5684
f 6687/150/5685 6688/150/5685 6690/150/5685 6689/150/5685
f 6689/150/5686 6690/150/5686 6692/150/5686 6691/150/5686
f 6691/150/5687 6692/150/5687 6694/150/5687 6693/150/5687
f 6693/150/5688 6694/150/5688 6696/150/5688 6695/150/5688
f 6695/150/5689 6696/150/5689 6698/150/5689 6697/150/5689
f 6690/150/5681 6688/150/5681 6700/150/5681 6698/150/5681 6696/150/5681 6694/150/5681 6692/150/5681
f 6697/150/5690 6698/150/5690 6700/150/5690 6699/150/5690
f 6699/150/5691 6700/150/5691 6688/150/5691 6687/150/5691
f 6687/150/5684 6689/150/5684 6691/150/5684 6693/150/5684 6695/150/5684 6697/150/5684 6699/150/5684
o Grzyb2
v -15.614102 2.123919 27.393803
v -15.614102 3.515618 27.393803
v -15.312791 2.123919 27.567766
v -15.312791 3.515618 27.567766
v -15.312791 2.123919 27.915689
v -15.312791 3.515618 27.915689
v -15.614102 2.123919 28.089653
v -15.614102 3.515618 28.089653
v -15.915414 2.123919 27.915689
v -15.915414 3.515618 27.915689
v -15.915414 2.123919 27.567766
v -15.915414 3.515618 27.567766
v -15.614102 3.376448 26.628368
v -15.614102 4.211468 27.463388
v -14.743644 3.376448 27.047560
v -15.396487 4.211468 27.568186
v -14.528658 3.376448 27.989473
v -15.342741 4.211468 27.803665
v -15.131034 3.376448 28.744829
v -15.493336 4.211468 27.992504
v -16.097170 3.376448 28.744829
v -15.734869 4.211468 27.992504
v -16.699547 3.376448 27.989473
v -15.885464 4.211468 27.803665
v -16.484562 3.376448 27.047560
v -15.831717 4.211468 27.568186
vn 0.5000 -0.0000 -0.8660
vn 1.0000 -0.0000 -0.0000
vn 0.5000 -0.0000 0.8660
vn -0.5000 -0.0000 0.8660
vn -0.0000 1.0000 -0.0000
vn -1.0000 -0.0000 -0.0000
vn -0.5000 -0.0000 -0.8660
vn -0.0000 -1.0000 -0.0000
vn 0.3223 0.6694 -0.6694
vn 0.7243 0.6694 -0.1653
vn 0.5809 0.6694 0.4632
vn -0.0000 0.6694 0.7429
vn -0.5809 0.6694 0.4632
vn -0.7243 0.6694 -0.1653
vn -0.3223 0.6694 -0.6694
vt 0.437500 0.562500
vt 0.312500 0.562500
s 0
usemtl Paleta
f 6701/151/5692 6702/151/5692 6704/151/5692 6703/151/5692
f 6703/151/5693 6704/151/5693 6706/151/5693 6705/151/5693
f 6705/151/5694 6706/151/5694 6708/151/5694 6707/151/5694
f 6707/151/5695 6708/151/5695 6710/151/5695 6709/151/5695
f 6704/151/5696 6702/151/5696 6712/151/5696 6710/151/5696 6708/151/5696 6706/151/5696
f 6709/151/5697 6710/151/5697 6712/151/5697 6711/151/5697
f 6711/151/5698 6712/151/5698 6702/151/5698 6701/151/5698
f 6701/151/5699 6703/151/5699 6705/151/5699 6707/151/5699 6709/151/5699 6711/151/5699
f 6713/152/5700 6714/152/5700 6716/152/5700 6715/152/5700
f 6715/152/5701 6716/152/5701 6718/152/5701 6717/152/5701
f 6717/152/5702 6718/152/5702 6720/152/5702 6719/152/5702
f 6719/152/5703 6720/152/5703 6722/152/5703 6721/152/5703
f 6721/152/5704 6722/152/5704 6724/152/5704 6723/152/5704
f 6716/152/5696 6714/152/5696 6726/152/5696 6724/152/5696 6722/152/5696 6720/152/5696 6718/152/5696
f 6723/152/5705 6724/152/5705 6726/152/5705 6725/152/5705
f 6725/152/5706 6726/152/5706 6714/152/5706 6713/152/5706
f 6713/152/5699 6715/152/5699 6717/152/5699 6719/152/5699 6721/152/5699 6723/152/5699 6725/152/5699
o Grzyb3
v 10.889600 -0.368042 36.587326
v 10.889600 0.876600 36.587326
v 11.159073 -0.368042 36.742908
v 11.159073 0.876600 36.742908
v 11.159073 -0.368042 37.054066
v 11.159073 0.876600 37.054066
v 10.889600 -0.368042 37.209648
v 10.889600 0.876600 37.209648
v 10.620127 -0.368042 37.054066
v 10.620127 0.876600 37.054066
v 10.620127 -0.368042 36.742908
v 10.620127 0.876600 36.742908
v 10.889600 0.752136 35.902775
v 10.889600 1.498921 36.649559
v 11.668080 0.752136 36.277668
v 11.084220 1.498921 36.743282
v 11.860349 0.752136 37.120052
v 11.132287 1.498921 36.953880
v 11.321624 0.752136 37.795593
v 10.997605 1.498921 37.122765
v 10.457576 0.752136 37.795593
v 10.781594 1.498921 37.122765
v 9.918851 0.752136 37.120052
v 10.646913 1.498921 36.953880
v 10.111119 0.752136 36.277668
v 10.694980 1.498921 36.743282
vn 0.5000 -0.0000 -0.8660
vn 1.0000 -0.0000 -0.0000
vn 0.5000 -0.0000 0.8660
vn -0.5000 -0.0000 0.8660
vn -0.0000 1.0000 -0.0000
vn -1.0000 -0.0000 -0.0000
vn -0.5000 -0.0000 -0.8660
vn -0.0000 -1.0000 -0.0000
vn 0.3223 0.6694 -0.6694
vn 0.7243 0.6694 -0.1653
vn 0.5809 0.6694 0.4632
vn -0.0000 0.6694 0.7429
vn -0.5809 0.6694 0.4632
vn -0.7243 0.6694 -0.1653
vn -0.3223 0.6694 -0.6694
vt 0.437500 0.562500
vt 0.312500 0.562500
s 0
usemtl Paleta
f 6727/153/5707 6728/153/5707 6730/153/5707 6729/153/5707
f 6729/153/5708 6730/153/5708 6732/153/5708 6731/153/5708
f 6731/153/5709 6732/153/5709 6734/153/5709 6733/153/5709
f 6733/153/5710 6734/153/5710 6736/153/5710 6735/153/5710
f 6730/153/5711 6728/153/5711 6738/153/5711 6736/153/5711 6734/153/5711 6732/153/5711
f 6735/153/5712 6736/153/5712 6738/153/5712 6737/153/5712
f 6737/153/5713 6738/153/5713 6728/153/5713 6727/153/5713
f 6727/153/5714 6729/153/5714 6731/153/5714 6733/153/5714 6735/153/5714 6737/153/5714
f 6739/154/5715 6740/154/5715 6742/154/5715 6741/154/5715
f 6741/154/5716 6742/154/5716 6744/154/5716 6743/154/5716
f 6743/154/5717 6744/154/5717 6746/154/5717 6745/154/5717
f 6745/154/5718 6746/154/5718 6748/154/5718 6747/154/5718
f 6747/154/5719 6748/154/5719 6750/154/5719 6749/154/5719
f 6742/154/5711 6740/154/5711 6752/154/5711 6750/154/5711 6748/154/5711 6746/154/5711 6744/154/5711
f 6749/154/5720 6750/154/5720 6752/154/5720 6751/154/5720
f 6751/154/5721 6752/154/5721 6740/154/5721 6739/154/5721
f 6739/154/5714 6741/154/5714 6743/154/5714 6745/154/5714 6747/154/5714 6749/154/5714 6751/154/5714
o Grzyb4
v -7.711476 0.402912 -28.004940
v -7.711476 1.511067 -28.004940
v -7.471554 0.402912 -27.866421
v -7.471554 1.511067 -27.866421
v -7.471554 0.402912 -27.589382
v -7.471554 1.511067 -27.589382
v -7.711476 0.402912 -27.450863
v -7.711476 1.511067 -27.450863
v -7.951399 0.402912 -27.589382
v -7.951399 1.511067 -27.589382
v -7.951399 0.402912 -27.866421
v -7.951399 1.511067 -27.866421
v -7.711476 1.400252 -28.614426
v -7.711476 2.065145 -27.949532
v -7.018364 1.400252 -28.280640
v -7.538198 2.065145 -27.866087
v -6.847179 1.400252 -27.530632
v -7.495402 2.065145 -27.678583
v -7.326828 1.400252 -26.929171
v -7.615314 2.065145 -27.528219
v -8.096125 1.400252 -26.929171
v -7.807639 2.065145 -27.528219
v -8.575773 1.400252 -27.530632
v -7.927551 2.065145 -27.678583
v -8.404589 1.400252 -28.280640
v -7.884755 2.065145 -27.866087
vn 0.5000 -0.0000 -0.8660
vn 1.0000 -0.0000 -0.0000
vn 0.5000 -0.0000 0.8660
vn -0.5000 -0.0000 0.8660
vn -0.0000 1.0000 -0.0000
vn -1.0000 -0.0000 -0.0000
vn -0.5000 -0.0000 -0.8660
vn -0.0000 -1.0000 -0.0000
vn 0.3223 0.6694 -0.6694
vn 0.7243 0.6694 -0.1653
vn 0.5809 0.6694 0.4632
vn -0.0000 0.6694 0.7429
vn -0.5809 0.6694 0.4632
vn -0.7243 0.6694 -0.1653
vn -0.3223 0.6694 -0.6694
vt 0.437500 0.562500
vt 0.312500 0.562500
s 0
usemtl Paleta
f 6753/155/5722 6754/155/5722 6756/155/5722 6755/155/5722
f 6755/155/5723 6756/155/5723 6758/155/5723 6757/155/5723
f 6757/155/5724 6758/155/5724 6760/155/5724 6759/155/5724
f 6759/155/5725 6760/155/5725 6762/155/5725 6761/155/5725
f 6756/155/5726 6754/155/5726 6764/155/5726 6762/155/5726 6760/155/5726 6758/155/5726
f 6761/155/5727 6762/155/5727 6764/155/5727 6763/155/5727
f 6763/155/5728 6764/155/5728 6754/155/5728 6753/155/5728
f 6753/155/5729 6755/155/5729 6757/155/5729 6759/155/5729 6761/155/5729 6763/155/5729
f 6765/156/5730 6766/156/5730 6768/156/5730 6767/156/5730
f 6767/156/5731 6768/156/5731 6770/156/5731 6769/156/5731
f 6769/156/5732 6770/156/5732 6772/156/5732 6771/156/5732
f 6771/156/5733 6772/156/5733 6774/156/5733 6773/156/5733
f 6773/156/5734 6774/156/5734 6776/156/5734 6775/156/5734
f 6768/156/5726 6766/156/5726 6778/156/5726 6776/156/5726 6774/156/5726 6772/156/5726 6770/156/5726
f 6775/156/5735 6776/156/5735 6778/156/5735 6777/156/5735
f 6777/156/5736 6778/156/5736 6766/156/5736 6765/156/5736
f 6765/156/5729 6767/156/5729 6769/156/5729 6771/156/5729 6773/156/5729 6775/156/5729 6777/156/5729
o Grzyb5
v 26.008894 0.479431 34.201576
v 26.008894 1.438985 34.201576
v 26.216644 0.479431 34.321518
v 26.216644 1.438985 34.321518
v 26.216644 0.479431 34.561409
v 26.216644 1.438985 34.561409
v 26.008894 0.479431 34.681351
v 26.008894 1.438985 34.681351
v 25.801144 0.479431 34.561409
v 25.801144 1.438985 34.561409
v 25.801144 0.479431 34.321518
v 25.801144 1.438985 34.321518
v 26.008894 1.343029 33.673820
v 26.008894 1.918761 34.249554
v 26.609062 1.343029 33.962845
v 26.158936 1.918761 34.321808
v 26.757290 1.343029 34.612282
v 26.195993 1.918761 34.484169
v 26.341961 1.343029 35.133087
v 26.092161 1.918761 34.614368
v 25.675827 1.343029 35.133087
v 25.925627 1.918761 34.614368
v 25.260498 1.343029 34.612282
v 25.821795 1.918761 34.484169
v 25.408726 1.343029 33.962845
v 25.858852 1.918761 34.321808
vn 0.5000 -0.0000 -0.8660
vn 1.0000 -0.0000 -0.0000
vn 0.5000 -0.0000 0.8660
vn -0.5000 -0.0000 0.8660
vn -0.0000 1.0000 -0.0000
vn -1.0000 -0.0000 -0.0000
vn -0.5000 -0.0000 -0.8660
vn -0.0000 -1.0000 -0.0000
vn 0.3223 0.6694 -0.6694
vn 0.7243 0.6694 -0.1653
vn 0.5809 0.6694 0.4632
vn -0.0000 0.6694 0.7429
vn -0.5809 0.6694 0.4632
vn -0.7243 0.6694 -0.1653
vn -0.3223 0.6694 -0.6694
vt 0.437500 0.562500
vt 0.312500 0.562500
s 0
usemtl Paleta
f 6779/157/5737 6780/157/5737 6782/157/5737 6781/157/5737
f 6781/157/5738 6782/157/5738 6784/157/5738 6783/157/5738
f 6783/157/5739 6784/157/5739 6786/157/5739 6785/157/5739
f 6785/157/5740 6786/157/5740 6788/157/5740 6787/157/5740
f 6782/157/5741 6780/157/5741 6790/157/5741 6788/157/5741 6786/157/5741 6784/157/5741
f 6787/157/5742 6788/157/5742 6790/157/5742 6789/157/5742
f 6789/157/5743 6790/157/5743 6780/157/5743 6779/157/5743
f 6779/157/5744 6781/157/5744 6783/157/5744 6785/157/5744 6787/157/5744 6789/157/5744
f 6791/158/5745 6792/158/5745 6794/158/5745 6793/158/5745
f 6793/158/5746 6794/158/5746 6796/158/5746 6795/158/5746
f 6795/158/5747 6796/158/5747 6798/158/5747 6797/158/5747
f 6797/158/5748 6798/158/5748 6800/158/5748 6799/158/5748
f 6799/158/5749 6800/158/5749 6802/158/5749 6801/158/5749
f 6794/158/5741 6792/158/5741 6804/158/5741 6802/158/5741 6800/158/5741 6798/158/5741 6796/158/5741
f 6801/158/5750 6802/158/5750 6804/158/5750 6803/158/5750
f 6803/158/5751 6804/158/5751 6792/158/5751 6791/158/5751
f 6791/158/5744 6793/158/5744 6795/158/5744 6797/158/5744 6799/158/5744 6801/158/5744 6803/158/5744
o Grzyb6
v 10.062116 -0.047485 -41.699108
v 10.062116 1.058087 -41.699108
v 10.301479 -0.047485 -41.560909
v 10.301479 1.058087 -41.560909
v 10.301479 -0.047485 -41.284519
v 10.301479 1.058087 -41.284519
v 10.062116 -0.047485 -41.146320
v 10.062116 1.058087 -41.146320
v 9.822752 -0.047485 -41.284519
v 9.822752 1.058087 -41.284519
v 9.822752 -0.047485 -41.560909
v 9.822752 1.058087 -41.560909
v 10.062116 0.947529 -42.307171
v 10.062116 1.610873 -41.643829
v 10.753613 0.947529 -41.974163
v 10.234990 1.610873 -41.560577
v 10.924398 0.947529 -41.225903
v 10.277686 1.610873 -41.373512
v 10.445868 0.947529 -40.625847
v 10.158053 1.610873 -41.223495
v 9.678364 0.947529 -40.625847
v 9.966178 1.610873 -41.223495
v 9.199833 0.947529 -41.225903
v 9.846545 1.610873 -41.373512
v 9.370619 0.947529 -41.974163
v 9.889241 1.610873 -41.560577
vn 0.5000 -0.0000 -0.8660
vn 1.0000 -0.0000 -0.0000
vn 0.5000 -0.0000 0.8660
vn -0.5000 -0.0000 0.8660
vn -0.0000 1.0000 -0.0000
vn -1.0000 -0.0000 -0.0000
vn -0.5000 -0.0000 -0.8660
vn -0.0000 -1.0000 -0.0000
vn 0.3223 0.6694 -0.6694
vn 0.7243 0.6694 -0.1653
vn 0.5809 0.6694 0.4632
vn -0.0000 0.6694 0.7429
vn -0.5809 0.6694 0.4632
vn -0.7243 0.6694 -0.1653
vn -0.3223 0.6694 -0.6694
vt 0.437500 0.562500
vt 0.312500 0.562500
s 0
usemtl Paleta
f 6805/159/5752 6806/159/5752 6808/159/5752 6807/159/5752
f 6807/159/5753 6808/159/5753 6810/159/5753 6809/159/5753
f 6809/159/5754 6810/159/5754 6812/159/5754 6811/159/5754
f 6811/159/5755 6812/159/5755 6814/159/5755 6813/159/5755
f 6808/159/5756 6806/159/5756 6816/159/5756 6814/159/5756 6812/159/5756 6810/159/5756
f 6813/159/5757 6814/159/5757 6816/159/5757 6815/159/5757
f 6815/159/5758 6816/159/5758 6806/159/5758 6805/159/5758
f 6805/159/5759 6807/159/5759 6809/159/5759 6811/159/5759 6813/159/5759 6815/159/5759
f 6817/160/5760 6818/160/5760 6820/160/5760 6819/160/5760
f 6819/160/5761 6820/160/5761 6822/160/5761 6821/160/5761
f 6821/160/5762 6822/160/5762 6824/160/5762 6823/160/5762
f 6823/160/5763 6824/160/5763 6826/160/5763 6825/160/5763
f 6825/160/5764 6826/160/5764 6828/160/5764 6827/160/5764
f 6820/160/5756 6818/160/5756 6830/160/5756 6828/160/5756 6826/160/5756 6824/160/5756 6822/160/5756
f 6827/160/5765 6828/160/5765 6830/160/5765 6829/160/5765
f 6829/160/5766 6830/160/5766 6818/160/5766 6817/160/5766
f 6817/160/5759 6819/160/5759 6821/160/5759 6823/160/5759 6825/160/5759 6827/160/5759 6829/160/5759
o Grzyb7
v 26.142626 -0.644806 17.837944
v 26.142626 0.434772 17.837944
v 26.376362 -0.644806 17.972891
v 26.376362 0.434772 17.972891
v 26.376362 -0.644806 18.242785
v 26.376362 0.434772 18.242785
v 26.142626 -0.644806 18.377731
v 26.142626 0.434772 18.377731
v 25.908890 -0.644806 18.242785
v 25.908890 0.434772 18.242785
v 25.908890 -0.644806 17.972891
v 25.908890 0.434772 17.972891
v 26.142626 0.326814 17.244175
v 26.142626 0.974562 17.891922
v 26.817863 0.326814 17.569353
v 26.311436 0.974562 17.973217
v 26.984634 0.326814 18.300020
v 26.353128 0.974562 18.155884
v 26.517355 0.326814 18.885971
v 26.236309 0.974562 18.302370
v 25.767897 0.326814 18.885971
v 26.048943 0.974562 18.302370
v 25.300617 0.326814 18.300020
v 25.932123 0.974562 18.155884
v 25.467388 0.326814 17.569353
v 25.973816 0.974562 17.973217
vn 0.5000 -0.0000 -0.8660
vn 1.0000 -0.0000 -0.0000
vn 0.5000 -0.0000 0.8660
vn -0.5000 -0.0000 0.8660
vn -0.0000 1.0000 -0.0000
vn -1.0000 -0.0000 -0.0000
vn -0.5000 -0.0000 -0.8660
vn -0.0000 -1.0000 -0.0000
vn 0.3223 0.6694 -0.6694
vn 0.7243 0.6694 -0.1653
vn 0.5809 0.6694 0.4632
vn -0.0000 0.6694 0.7429
vn -0.5809 0.6694 0.4632
vn -0.7243 0.6694 -0.1653
vn -0.3223 0.6694 -0.6694
vt 0.437500 0.562500
vt 0.312500 0.562500
s 0
usemtl Paleta
f 6831/161/5767 6832/161/5767 6834/161/5767 6833/161/5767
f 6833/161/5768 6834/161/5768 6836/161/5768 6835/161/5768
f 6835/161/5769 6836/161/5769 6838/161/5769 6837/161/5769
f 6837/161/5770 6838/161/5770 6840/161/5770 6839/161/5770
f 6834/161/5771 6832/161/5771 6842/161/5771 6840/161/5771 6838/161/5771 6836/161/5771
f 6839/161/5772 6840/161/5772 6842/161/5772 6841/161/5772
f 6841/161/5773 6842/161/5773 6832/161/5773 6831/161/5773
f 6831/161/5774 6833/161/5774 6835/161/5774 6837/161/5774 6839/161/5774 6841/161/5774
f 6843/162/5775 6844/162/5775 6846/162/5775 6845/162/5775
f 6845/162/5776 6846/162/5776 6848/162/5776 6847/162/5776
f 6847/162/5777 6848/162/5777 6850/162/5777 6849/162/5777
f 6849/162/5778 6850/162/5778 6852/162/5778 6851/162/5778
f 6851/162/5779 6852/162/5779 6854/162/5779 6853/162/5779
f 6846/162/5771 6844/162/5771 6856/162/5771 6854/162/5771 6852/162/5771 6850/162/5771 6848/162/5771
f 6853/162/5780 6854/162/5780 6856/162/5780 6855/162/5780
f 6855/162/5781 6856/162/5781 6844/162/5781 6843/162/5781
f 6843/162/5774 6845/162/5774 6847/162/5774 6849/162/5774 6851/162/5774 6853/162/5774 6855/162/5774
o Grzyb8
v -35.544197 0.218422 -12.340138
v -35.544197 1.130146 -12.340138
v -35.346802 0.218422 -12.226173
v -35.346802 1.130146 -12.226173
v -35.346802 0.218422 -11.998241
v -35.346802 1.130146 -11.998241
v -35.544197 0.218422 -11.884276
v -35.544197 1.130146 -11.884276
v -35.741592 0.218422 -11.998241
v -35.741592 1.130146 -11.998241
v -35.741592 0.218422 -12.226173
v -35.741592 1.130146 -12.226173
v -35.544197 1.038974 -12.841587
v -35.544197 1.586008 -12.294552
v -34.973946 1.038974 -12.566968
v -35.401634 1.586008 -12.225898
v -34.833103 1.038974 -11.949905
v -35.366425 1.586008 -12.071631
v -35.227730 1.038974 -11.455059
v -35.465080 1.586008 -11.947921
v -35.860664 1.038974 -11.455059
v -35.623314 1.586008 -11.947921
v -36.255291 1.038974 -11.949905
v -35.721970 1.586008 -12.071631
v -36.114449 1.038974 -12.566968
v -35.686760 1.586008 -12.225898
vn 0.5000 -0.0000 -0.8660
vn 1.0000 -0.0000 -0.0000
vn 0.5000 -0.0000 0.8660
vn -0.5000 -0.0000 0.8660
vn -0.0000 1.0000 -0.0000
vn -1.0000 -0.0000 -0.0000
vn -0.5000 -0.0000 -0.8660
vn -0.0000 -1.0000 -0.0000
vn 0.3223 0.6694 -0.6694
vn 0.7243 0.6694 -0.1653
vn 0.5809 0.6694 0.4632
vn -0.0000 0.6694 0.7429
vn -0.5809 0.6694 0.4632
vn -0.7243 0.6694 -0.1653
vn -0.3223 0.6694 -0.6694
vt 0.437500 0.562500
vt 0.312500 0.562500
s 0
usemtl Paleta
f 6857/163/5782 6858/163/5782 6860/163/5782 6859/163/5782
f 6859/163/5783 6860/163/5783 6862/163/5783 6861/163/5783
f 6861/163/5784 6862/163/5784 6864/163/5784 6863/163/5784
f 6863/163/5785 6864/163/5785 6866/163/5785 6865/163/5785
f 6860/163/5786 6858/163/5786 6868/163/5786 6866/163/5786 6864/163/5786 6862/163/5786
f 6865/163/5787 6866/163/5787 6868/163/5787 6867/163/5787
f 6867/163/5788 6868/163/5788 6858/163/5788 6857/163/5788
f 6857/163/5789 6859/163/5789 6861/163/5789 6863/163/5789 6865/163/5789 6867/163/5789
f 6869/164/5790 6870/164/5790 6872/164/5790 6871/164/5790
f 6871/164/5791 6872/164/5791 6874/164/5791 6873/164/5791
f 6873/164/5792 6874/164/5792 6876/164/5792 6875/164/5792
f 6875/164/5793 6876/164/5793 6878/164/5793 6877/164/5793
f 6877/164/5794 6878/164/5794 6880/164/5794 6879/164/5794
f 6872/164/5786 6870/164/5786 6882/164/5786 6880/164/5786 6878/164/5786 6876/164/5786 6874/164/5786
f 6879/164/5795 6880/164/5795 6882/164/5795 6881/164/5795
f 6881/164/5796 6882/164/5796 6870/164/5796 6869/164/5796
f 6869/164/5789 6871/164/5789 6873/164/5789 6875/164/5789 6877/164/5789 6879/164/5789 6881/164/5789
o Grzyb9
v -31.374359 -0.148838 -28.452492
v -31.374359 0.767576 -28.452492
v -31.175949 -0.148838 -28.337940
v -31.175949 0.767576 -28.337940
v -31.175949 -0.148838 -28.108837
v -31.175949 0.767576 -28.108837
v -31.374359 -0.148838 -27.994286
v -31.374359 0.767576 -27.994286
v -31.572769 -0.148838 -28.108837
v -31.572769 0.767576 -28.108837
v -31.572769 -0.148838 -28.337940
v -31.572769 0.767576 -28.337940
v -31.374359 0.675935 -28.956520
v -31.374359 1.225783 -28.406672
v -30.801174 0.675935 -28.680489
v -31.231062 1.225783 -28.337664
v -30.659609 0.675935 -28.060251
v -31.195671 1.225783 -28.182604
v -31.056265 0.675935 -27.562860
v -31.294836 1.225783 -28.058256
v -31.692453 0.675935 -27.562860
v -31.453882 1.225783 -28.058256
v -32.089111 0.675935 -28.060251
v -31.553047 1.225783 -28.182604
v -31.947544 0.675935 -28.680489
v -31.517656 1.225783 -28.337664
vn 0.5000 -0.0000 -0.8660
vn 1.0000 -0.0000 -0.0000
vn 0.5000 -0.0000 0.8660
vn -0.5000 -0.0000 0.8660
vn -0.0000 1.0000 -0.0000
vn -1.0000 -0.0000 -0.0000
vn -0.5000 -0.0000 -0.8660
vn -0.0000 -1.0000 -0.0000
vn 0.3223 0.6694 -0.6694
vn 0.7243 0.6694 -0.1653
vn 0.5809 0.6694 0.4632
vn -0.0000 0.6694 0.7429
vn -0.5809 0.6694 0.4632
vn -0.7243 0.6694 -0.1653
vn -0.3223 0.6694 -0.6694
vt 0.437500 0.562500
vt 0.312500 0.562500
s 0
usemtl Paleta
f 6883/165/5797 6884/165/5797 6886/165/5797 6885/165/5797
f 6885/165/5798 6886/165/5798 6888/165/5798 6887/165/5798
f 6887/165/5799 6888/165/5799 6890/165/5799 6889/165/5799
f 6889/165/5800 6890/165/5800 6892/165/5800 6891/165/5800
f 6886/165/5801 6884/165/5801 6894/165/5801 6892/165/5801 6890/165/5801 6888/165/5801
f 6891/165/5802 6892/165/5802 6894/165/5802 6893/165/5802
f 6893/165/5803 6894/165/5803 6884/165/5803 6883/165/5803
f 6883/165/5804 6885/165/5804 6887/165/5804 6889/165/5804 6891/165/5804 6893/165/5804
f 6895/166/5805 6896/166/5805 6898/166/5805 6897/166/5805
f 6897/166/5806 6898/166/5806 6900/166/5806 6899/166/5806
f 6899/166/5807 6900/166/5807 6902/166/5807 6901/166/5807
f 6901/166/5808 6902/166/5808 6904/166/5808 6903/166/5808
f 6903/166/5809 6904/166/5809 6906/166/5809 6905/166/5809
f 6898/166/5801 6896/166/5801 6908/166/5801 6906/166/5801 6904/166/5801 6902/166/5801 6900/166/5801
f 6905/166/5810 6906/166/5810 6908/166/5810 6907/166/5810
f 6907/166/5811 6908/166/5811 6896/166/5811 6895/166/5811
f 6895/166/5804 6897/166/5804 6899/166/5804 6901/166/5804 6903/166/5804 6905/166/5804 6907/166/5804
o Grzyb10
v 37.670589 -0.724892 14.657950
v 37.670589 0.282846 14.657950
v 37.888771 -0.724892 14.783917
v 37.888771 0.282846 14.783917
v 37.888771 -0.724892 15.035851
v 37.888771 0.282846 15.035851
v 37.670589 -0.724892 15.161819
v 37.670589 0.282846 15.161819
v 37.452408 -0.724892 15.035851
v 37.452408 0.282846 15.035851
v 37.452408 -0.724892 14.783917
v 37.452408 0.282846 14.783917
v 37.670589 0.182072 14.103694
v 37.670589 0.786715 14.708337
v 38.300896 0.182072 14.407233
v 37.828167 0.786715 14.784222
v 38.456566 0.182072 15.089278
v 37.867085 0.786715 14.954733
v 38.020382 0.182072 15.636237
v 37.758038 0.786715 15.091473
v 37.320797 0.182072 15.636237
v 37.583141 0.786715 15.091473
v 36.884613 0.182072 15.089278
v 37.474094 0.786715 14.954733
v 37.040283 0.182072 14.407233
v 37.513012 0.786715 14.784222
vn 0.5000 -0.0000 -0.8660
vn 1.0000 -0.0000 -0.0000
vn 0.5000 -0.0000 0.8660
vn -0.5000 -0.0000 0.8660
vn -0.0000 1.0000 -0.0000
vn -1.0000 -0.0000 -0.0000
vn -0.5000 -0.0000 -0.8660
vn -0.0000 -1.0000 -0.0000
vn 0.3223 0.6694 -0.6694
vn 0.7243 0.6694 -0.1653
vn 0.5809 0.6694 0.4632
vn -0.0000 0.6694 0.7429
vn -0.5809 0.6694 0.4632
vn -0.7243 0.6694 -0.1653
vn -0.3223 0.6694 -0.6694
vt 0.437500 0.562500
vt 0.312500 0.562500
s 0
usemtl Paleta
f 6909/167/5812 6910/167/5812 6912/167/5812 6911/167/5812
f 6911/167/5813 6912/167/5813 6914/167/5813 6913/167/5813
f 6913/167/5814 6914/167/5814 6916/167/5814 6915/167/5814
f 6915/167/5815 6916/167/5815 6918/167/5815 6917/167/5815
f 6912/167/5816 6910/167/5816 6920/167/5816 6918/167/5816 6916/167/5816 6914/167/5816
f 6917/167/5817 6918/167/5817 6920/167/5817 6919/167/5817
f 6919/167/5818 6920/167/5818 6910/167/5818 6909/167/5818
f 6909/167/5819 6911/167/5819 6913/167/5819 6915/167/5819 6917/167/5819 6919/167/5819
f 6921/168/5820 6922/168/5820 6924/168/5820 6923/168/5820
f 6923/168/5821 6924/168/5821 6926/168/5821 6925/168/5821
f 6925/168/5822 6926/168/5822 6928/168/5822 6927/168/5822
f 6927/168/5823 6928/168/5823 6930/168/5823 6929/168/5823
f 6929/168/5824 6930/168/5824 6932/168/5824 6931/168/5824
f 6924/168/5816 6922/168/5816 6934/168/5816 6932/168/5816 6930/168/5816 6928/168/5816 6926/168/5816
f 6931/168/5825 6932/168/5825 6934/168/5825 6933/168/5825
f 6933/168/5826 6934/168/5826 6922/168/5826 6921/168/5826
f 6921/168/5819 6923/168/5819 6925/168/5819 6927/168/5819 6929/168/5819 6931/168/5819 6933/168/5819
